record_id,paper_id,source_project,issue_url,title,body,comments,created_at,updated_at,state,symptom,root_cause,bug_type,component,sub_component,trigger_condition,consequence,fix_type,severity_or_impact,original_label_json,source_file,source_sheet,source_row_index
fse2023_understanding_the_bug_characteristics_and:06b2700318f5749b,fse2023_understanding_the_bug_characteristics_and,federated_learning,https://github.com/OpenMined/PySyft/issues/6611,https://github.com/OpenMined/PySyft/issues/6611,,,,,,Crash,Improper Interaction Initialization/Establishment,FL Configuration,PySyft,,,,,,"{""Bug"": ""https://github.com/OpenMined/PySyft/issues/6611"", ""Bug Stage"": ""FL Configuration"", ""Framework"": ""PySyft"", ""Root Cause"": ""Improper Interaction Initialization/Establishment"", ""Symptom"": ""Crash""}",data/raw_stage1/fse2023_understanding_the_bug_characteristics_and/Manual_Labelling__Manual_Labelling.xlsx,Sheet1,0
fse2023_understanding_the_bug_characteristics_and:cbc0fdb63d5fd02e,fse2023_understanding_the_bug_characteristics_and,federated_learning,https://github.com/OpenMined/PySyft/issues/6418,https://github.com/OpenMined/PySyft/issues/6418,,,,,,Crash,Improper Interaction Initialization/Establishment,FL Configuration,PySyft,,,,,,"{""Bug"": ""https://github.com/OpenMined/PySyft/issues/6418"", ""Bug Stage"": ""FL Configuration"", ""Framework"": ""PySyft"", ""Root Cause"": ""Improper Interaction Initialization/Establishment"", ""Symptom"": ""Crash""}",data/raw_stage1/fse2023_understanding_the_bug_characteristics_and/Manual_Labelling__Manual_Labelling.xlsx,Sheet1,1
fse2023_understanding_the_bug_characteristics_and:7903f3901614a871,fse2023_understanding_the_bug_characteristics_and,federated_learning,https://github.com/OpenMined/PySyft/issues/6401,https://github.com/OpenMined/PySyft/issues/6401,,,,,,Crash,Framework Evolution,Framework evolution,PySyft,,,,,,"{""Bug"": ""https://github.com/OpenMined/PySyft/issues/6401"", ""Bug Stage"": ""Framework evolution"", ""Framework"": ""PySyft"", ""Root Cause"": ""Framework Evolution"", ""Symptom"": ""Crash""}",data/raw_stage1/fse2023_understanding_the_bug_characteristics_and/Manual_Labelling__Manual_Labelling.xlsx,Sheet1,2
fse2023_understanding_the_bug_characteristics_and:859f6e3052a94330,fse2023_understanding_the_bug_characteristics_and,federated_learning,https://github.com/OpenMined/PySyft/issues/6389,https://github.com/OpenMined/PySyft/issues/6389,,,,,,Crash,Framework Evolution,Framework evolution,PySyft,,,,,,"{""Bug"": ""https://github.com/OpenMined/PySyft/issues/6389"", ""Bug Stage"": ""Framework evolution"", ""Framework"": ""PySyft"", ""Root Cause"": ""Framework Evolution"", ""Symptom"": ""Crash""}",data/raw_stage1/fse2023_understanding_the_bug_characteristics_and/Manual_Labelling__Manual_Labelling.xlsx,Sheet1,3
fse2023_understanding_the_bug_characteristics_and:7ecae55f8d53a945,fse2023_understanding_the_bug_characteristics_and,federated_learning,https://github.com/OpenMined/PySyft/issues/6355,https://github.com/OpenMined/PySyft/issues/6355,,,,,,Crash,Incorrect Tensor-related Implementation,Data Preparation,PySyft,,,,,,"{""Bug"": ""https://github.com/OpenMined/PySyft/issues/6355"", ""Bug Stage"": ""Data Preparation"", ""Framework"": ""PySyft"", ""Root Cause"": ""Incorrect Tensor-related Implementation"", ""Symptom"": ""Crash""}",data/raw_stage1/fse2023_understanding_the_bug_characteristics_and/Manual_Labelling__Manual_Labelling.xlsx,Sheet1,4
fse2023_understanding_the_bug_characteristics_and:f7386ed43a02fd9e,fse2023_understanding_the_bug_characteristics_and,federated_learning,https://github.com/OpenMined/PySyft/issues/6215,https://github.com/OpenMined/PySyft/issues/6215,,,,,,Hang,Dependency Incompatibility,Dependency,PySyft,,,,,,"{""Bug"": ""https://github.com/OpenMined/PySyft/issues/6215"", ""Bug Stage"": ""Dependency"", ""Framework"": ""PySyft"", ""Root Cause"": ""Dependency Incompatibility"", ""Symptom"": ""Hang""}",data/raw_stage1/fse2023_understanding_the_bug_characteristics_and/Manual_Labelling__Manual_Labelling.xlsx,Sheet1,5
fse2023_understanding_the_bug_characteristics_and:8e524a04efb0fd3e,fse2023_understanding_the_bug_characteristics_and,federated_learning,https://github.com/OpenMined/PySyft/issues/5797,https://github.com/OpenMined/PySyft/issues/5797,,,,,,Crash,Dependency Incompatibility,Dependency,PySyft,,,,,,"{""Bug"": ""https://github.com/OpenMined/PySyft/issues/5797"", ""Bug Stage"": ""Dependency"", ""Framework"": ""PySyft"", ""Root Cause"": ""Dependency Incompatibility"", ""Symptom"": ""Crash""}",data/raw_stage1/fse2023_understanding_the_bug_characteristics_and/Manual_Labelling__Manual_Labelling.xlsx,Sheet1,6
fse2023_understanding_the_bug_characteristics_and:795c7bf083a930c6,fse2023_understanding_the_bug_characteristics_and,federated_learning,https://github.com/OpenMined/PySyft/issues/5772,https://github.com/OpenMined/PySyft/issues/5772,,,,,,Crash,Framework Evolution,Framework evolution,PySyft,,,,,,"{""Bug"": ""https://github.com/OpenMined/PySyft/issues/5772"", ""Bug Stage"": ""Framework evolution"", ""Framework"": ""PySyft"", ""Root Cause"": ""Framework Evolution"", ""Symptom"": ""Crash""}",data/raw_stage1/fse2023_understanding_the_bug_characteristics_and/Manual_Labelling__Manual_Labelling.xlsx,Sheet1,7
fse2023_understanding_the_bug_characteristics_and:38fe26ed54fac2f2,fse2023_understanding_the_bug_characteristics_and,federated_learning,https://github.com/OpenMined/PySyft/issues/5627,https://github.com/OpenMined/PySyft/issues/5627,,,,,,Crash,Incorrect Parameter/Message Transfer,Aggregation & Update,PySyft,,,,,,"{""Bug"": ""https://github.com/OpenMined/PySyft/issues/5627"", ""Bug Stage"": ""Aggregation & Update"", ""Framework"": ""PySyft"", ""Root Cause"": ""Incorrect Parameter/Message Transfer"", ""Symptom"": ""Crash""}",data/raw_stage1/fse2023_understanding_the_bug_characteristics_and/Manual_Labelling__Manual_Labelling.xlsx,Sheet1,8
fse2023_understanding_the_bug_characteristics_and:c74f965131a8fba8,fse2023_understanding_the_bug_characteristics_and,federated_learning,https://github.com/OpenMined/PySyft/issues/5608,https://github.com/OpenMined/PySyft/issues/5608,,,,,,Crash,Framework Evolution,Framework evolution,PySyft,,,,,,"{""Bug"": ""https://github.com/OpenMined/PySyft/issues/5608"", ""Bug Stage"": ""Framework evolution"", ""Framework"": ""PySyft"", ""Root Cause"": ""Framework Evolution"", ""Symptom"": ""Crash""}",data/raw_stage1/fse2023_understanding_the_bug_characteristics_and/Manual_Labelling__Manual_Labelling.xlsx,Sheet1,9
fse2023_understanding_the_bug_characteristics_and:a1a2935dc4903adf,fse2023_understanding_the_bug_characteristics_and,federated_learning,https://github.com/OpenMined/PySyft/issues/5530,https://github.com/OpenMined/PySyft/issues/5530,,,,,,Crash,Incorrect Data loading,Data Preparation,PySyft,,,,,,"{""Bug"": ""https://github.com/OpenMined/PySyft/issues/5530"", ""Bug Stage"": ""Data Preparation"", ""Framework"": ""PySyft"", ""Root Cause"": ""Incorrect Data loading"", ""Symptom"": ""Crash""}",data/raw_stage1/fse2023_understanding_the_bug_characteristics_and/Manual_Labelling__Manual_Labelling.xlsx,Sheet1,10
fse2023_understanding_the_bug_characteristics_and:04e9884799ce3f06,fse2023_understanding_the_bug_characteristics_and,federated_learning,https://github.com/OpenMined/PySyft/issues/5507,https://github.com/OpenMined/PySyft/issues/5507,,,,,,Crash,Dependency Incompatibility,Dependency,PySyft,,,,,,"{""Bug"": ""https://github.com/OpenMined/PySyft/issues/5507"", ""Bug Stage"": ""Dependency"", ""Framework"": ""PySyft"", ""Root Cause"": ""Dependency Incompatibility"", ""Symptom"": ""Crash""}",data/raw_stage1/fse2023_understanding_the_bug_characteristics_and/Manual_Labelling__Manual_Labelling.xlsx,Sheet1,11
fse2023_understanding_the_bug_characteristics_and:622e6d566508e99c,fse2023_understanding_the_bug_characteristics_and,federated_learning,https://github.com/OpenMined/PySyft/issues/5132,https://github.com/OpenMined/PySyft/issues/5132,,,,,,Crash,Incorrect Tensor-related Implementation,Framework evolution,PySyft,,,,,,"{""Bug"": ""https://github.com/OpenMined/PySyft/issues/5132"", ""Bug Stage"": ""Framework evolution"", ""Framework"": ""PySyft"", ""Root Cause"": ""Incorrect Tensor-related Implementation"", ""Symptom"": ""Crash""}",data/raw_stage1/fse2023_understanding_the_bug_characteristics_and/Manual_Labelling__Manual_Labelling.xlsx,Sheet1,12
fse2023_understanding_the_bug_characteristics_and:ae1fc6a1da94fb5d,fse2023_understanding_the_bug_characteristics_and,federated_learning,https://github.com/OpenMined/PySyft/issues/4917,https://github.com/OpenMined/PySyft/issues/4917,,,,,,Crash,Framework Evolution,Framework evolution,PySyft,,,,,,"{""Bug"": ""https://github.com/OpenMined/PySyft/issues/4917"", ""Bug Stage"": ""Framework evolution"", ""Framework"": ""PySyft"", ""Root Cause"": ""Framework Evolution"", ""Symptom"": ""Crash""}",data/raw_stage1/fse2023_understanding_the_bug_characteristics_and/Manual_Labelling__Manual_Labelling.xlsx,Sheet1,13
fse2023_understanding_the_bug_characteristics_and:eb4983a411313664,fse2023_understanding_the_bug_characteristics_and,federated_learning,https://github.com/OpenMined/PySyft/issues/4745,https://github.com/OpenMined/PySyft/issues/4745,,,,,,Crash,Framework Evolution,FL-Others,PySyft,,,,,,"{""Bug"": ""https://github.com/OpenMined/PySyft/issues/4745"", ""Bug Stage"": ""FL-Others"", ""Framework"": ""PySyft"", ""Root Cause"": ""Framework Evolution"", ""Symptom"": ""Crash""}",data/raw_stage1/fse2023_understanding_the_bug_characteristics_and/Manual_Labelling__Manual_Labelling.xlsx,Sheet1,14
fse2023_understanding_the_bug_characteristics_and:83d1ecffec803b3f,fse2023_understanding_the_bug_characteristics_and,federated_learning,https://github.com/OpenMined/PySyft/issues/4495,https://github.com/OpenMined/PySyft/issues/4495,,,,,,Crash,Framework Evolution,Framework evolution,PySyft,,,,,,"{""Bug"": ""https://github.com/OpenMined/PySyft/issues/4495"", ""Bug Stage"": ""Framework evolution"", ""Framework"": ""PySyft"", ""Root Cause"": ""Framework Evolution"", ""Symptom"": ""Crash""}",data/raw_stage1/fse2023_understanding_the_bug_characteristics_and/Manual_Labelling__Manual_Labelling.xlsx,Sheet1,15
fse2023_understanding_the_bug_characteristics_and:678435938db6c843,fse2023_understanding_the_bug_characteristics_and,federated_learning,https://github.com/OpenMined/PySyft/issues/4492,https://github.com/OpenMined/PySyft/issues/4492,,,,,,Crash,Improper Model Evaluation,Prediction & Evaluation,PySyft,,,,,,"{""Bug"": ""https://github.com/OpenMined/PySyft/issues/4492"", ""Bug Stage"": ""Prediction & Evaluation"", ""Framework"": ""PySyft"", ""Root Cause"": ""Improper Model Evaluation"", ""Symptom"": ""Crash""}",data/raw_stage1/fse2023_understanding_the_bug_characteristics_and/Manual_Labelling__Manual_Labelling.xlsx,Sheet1,16
fse2023_understanding_the_bug_characteristics_and:d80043be00dc6bf4,fse2023_understanding_the_bug_characteristics_and,federated_learning,https://github.com/OpenMined/PySyft/issues/4491,https://github.com/OpenMined/PySyft/issues/4491,,,,,,Crash,Incorrect Privacy Mechanisms,Framework evolution,PySyft,,,,,,"{""Bug"": ""https://github.com/OpenMined/PySyft/issues/4491"", ""Bug Stage"": ""Framework evolution"", ""Framework"": ""PySyft"", ""Root Cause"": ""Incorrect Privacy Mechanisms"", ""Symptom"": ""Crash""}",data/raw_stage1/fse2023_understanding_the_bug_characteristics_and/Manual_Labelling__Manual_Labelling.xlsx,Sheet1,17
fse2023_understanding_the_bug_characteristics_and:cd61ffaffbc56e91,fse2023_understanding_the_bug_characteristics_and,federated_learning,https://github.com/OpenMined/PySyft/issues/3774,https://github.com/OpenMined/PySyft/issues/3774,,,,,,Connection Refused,Improper Interaction Initialization/Establishment,FL Configuration,PySyft,,,,,,"{""Bug"": ""https://github.com/OpenMined/PySyft/issues/3774"", ""Bug Stage"": ""FL Configuration"", ""Framework"": ""PySyft"", ""Root Cause"": ""Improper Interaction Initialization/Establishment"", ""Symptom"": ""Connection Refused""}",data/raw_stage1/fse2023_understanding_the_bug_characteristics_and/Manual_Labelling__Manual_Labelling.xlsx,Sheet1,18
fse2023_understanding_the_bug_characteristics_and:f232850210634806,fse2023_understanding_the_bug_characteristics_and,federated_learning,https://github.com/OpenMined/PySyft/issues/3558,https://github.com/OpenMined/PySyft/issues/3558,,,,,,Crash,Unclear Environmental Issue,Environment,PySyft,,,,,,"{""Bug"": ""https://github.com/OpenMined/PySyft/issues/3558"", ""Bug Stage"": ""Environment"", ""Framework"": ""PySyft"", ""Root Cause"": ""Unclear Environmental Issue"", ""Symptom"": ""Crash""}",data/raw_stage1/fse2023_understanding_the_bug_characteristics_and/Manual_Labelling__Manual_Labelling.xlsx,Sheet1,19
fse2023_understanding_the_bug_characteristics_and:dd7c2321872de9e0,fse2023_understanding_the_bug_characteristics_and,federated_learning,https://github.com/OpenMined/PySyft/issues/3464,https://github.com/OpenMined/PySyft/issues/3464,,,,,,Incorrect Functionality,Improper Interaction Initialization/Establishment,FL Configuration,PySyft,,,,,,"{""Bug"": ""https://github.com/OpenMined/PySyft/issues/3464"", ""Bug Stage"": ""FL Configuration"", ""Framework"": ""PySyft"", ""Root Cause"": ""Improper Interaction Initialization/Establishment"", ""Symptom"": ""Incorrect Functionality""}",data/raw_stage1/fse2023_understanding_the_bug_characteristics_and/Manual_Labelling__Manual_Labelling.xlsx,Sheet1,20
fse2023_understanding_the_bug_characteristics_and:21ec5176d5cdbebd,fse2023_understanding_the_bug_characteristics_and,federated_learning,https://github.com/OpenMined/PySyft/issues/3463,https://github.com/OpenMined/PySyft/issues/3463,,,,,,Crash,Framework Evolution,Framework evolution,PySyft,,,,,,"{""Bug"": ""https://github.com/OpenMined/PySyft/issues/3463"", ""Bug Stage"": ""Framework evolution"", ""Framework"": ""PySyft"", ""Root Cause"": ""Framework Evolution"", ""Symptom"": ""Crash""}",data/raw_stage1/fse2023_understanding_the_bug_characteristics_and/Manual_Labelling__Manual_Labelling.xlsx,Sheet1,21
fse2023_understanding_the_bug_characteristics_and:170f478892f55e3d,fse2023_understanding_the_bug_characteristics_and,federated_learning,https://github.com/OpenMined/PySyft/issues/3388,https://github.com/OpenMined/PySyft/issues/3388,,,,,,Crash,Dependency Incompatibility,Dependency,PySyft,,,,,,"{""Bug"": ""https://github.com/OpenMined/PySyft/issues/3388"", ""Bug Stage"": ""Dependency"", ""Framework"": ""PySyft"", ""Root Cause"": ""Dependency Incompatibility"", ""Symptom"": ""Crash""}",data/raw_stage1/fse2023_understanding_the_bug_characteristics_and/Manual_Labelling__Manual_Labelling.xlsx,Sheet1,22
fse2023_understanding_the_bug_characteristics_and:10d0fde1343c81c5,fse2023_understanding_the_bug_characteristics_and,federated_learning,https://github.com/OpenMined/PySyft/issues/3369,https://github.com/OpenMined/PySyft/issues/3369,,,,,,Incorrect Functionality,Unsuitable ML/DL Algorithm Selection,Model building,PySyft,,,,,,"{""Bug"": ""https://github.com/OpenMined/PySyft/issues/3369"", ""Bug Stage"": ""Model building"", ""Framework"": ""PySyft"", ""Root Cause"": ""Unsuitable ML/DL Algorithm Selection"", ""Symptom"": ""Incorrect Functionality""}",data/raw_stage1/fse2023_understanding_the_bug_characteristics_and/Manual_Labelling__Manual_Labelling.xlsx,Sheet1,23
fse2023_understanding_the_bug_characteristics_and:93ec76132dc09ac7,fse2023_understanding_the_bug_characteristics_and,federated_learning,https://github.com/OpenMined/PySyft/issues/3261,https://github.com/OpenMined/PySyft/issues/3261,,,,,,Incorrect Functionality,Incorrect Tensor-related Implementation,Transformation & Transfer,PySyft,,,,,,"{""Bug"": ""https://github.com/OpenMined/PySyft/issues/3261"", ""Bug Stage"": ""Transformation & Transfer"", ""Framework"": ""PySyft"", ""Root Cause"": ""Incorrect Tensor-related Implementation"", ""Symptom"": ""Incorrect Functionality""}",data/raw_stage1/fse2023_understanding_the_bug_characteristics_and/Manual_Labelling__Manual_Labelling.xlsx,Sheet1,24
fse2023_understanding_the_bug_characteristics_and:75445f994c1eee30,fse2023_understanding_the_bug_characteristics_and,federated_learning,https://github.com/OpenMined/PySyft/issues/3260,https://github.com/OpenMined/PySyft/issues/3260,,,,,,Crash,Incorrect Parameter/Message Transfer,Security mechanism,PySyft,,,,,,"{""Bug"": ""https://github.com/OpenMined/PySyft/issues/3260"", ""Bug Stage"": ""Security mechanism"", ""Framework"": ""PySyft"", ""Root Cause"": ""Incorrect Parameter/Message Transfer"", ""Symptom"": ""Crash""}",data/raw_stage1/fse2023_understanding_the_bug_characteristics_and/Manual_Labelling__Manual_Labelling.xlsx,Sheet1,25
fse2023_understanding_the_bug_characteristics_and:b3677d31076777b1,fse2023_understanding_the_bug_characteristics_and,federated_learning,https://github.com/OpenMined/PySyft/issues/3259,https://github.com/OpenMined/PySyft/issues/3259,,,,,,Crash,Incorrect Tensor-related Implementation,Transformation & Transfer,PySyft,,,,,,"{""Bug"": ""https://github.com/OpenMined/PySyft/issues/3259"", ""Bug Stage"": ""Transformation & Transfer"", ""Framework"": ""PySyft"", ""Root Cause"": ""Incorrect Tensor-related Implementation"", ""Symptom"": ""Crash""}",data/raw_stage1/fse2023_understanding_the_bug_characteristics_and/Manual_Labelling__Manual_Labelling.xlsx,Sheet1,26
fse2023_understanding_the_bug_characteristics_and:675660001bc19be7,fse2023_understanding_the_bug_characteristics_and,federated_learning,https://github.com/OpenMined/PySyft/issues/3250,https://github.com/OpenMined/PySyft/issues/3250,,,,,,Incorrect Functionality,API Misuse,Misuse,PySyft,,,,,,"{""Bug"": ""https://github.com/OpenMined/PySyft/issues/3250"", ""Bug Stage"": ""Misuse"", ""Framework"": ""PySyft"", ""Root Cause"": ""API Misuse"", ""Symptom"": ""Incorrect Functionality""}",data/raw_stage1/fse2023_understanding_the_bug_characteristics_and/Manual_Labelling__Manual_Labelling.xlsx,Sheet1,27
fse2023_understanding_the_bug_characteristics_and:cdda293d6c84869f,fse2023_understanding_the_bug_characteristics_and,federated_learning,https://github.com/OpenMined/PySyft/issues/3245,https://github.com/OpenMined/PySyft/issues/3245,,,,,,Crash,Improper Interaction Initialization/Establishment,FL Configuration,PySyft,,,,,,"{""Bug"": ""https://github.com/OpenMined/PySyft/issues/3245"", ""Bug Stage"": ""FL Configuration"", ""Framework"": ""PySyft"", ""Root Cause"": ""Improper Interaction Initialization/Establishment"", ""Symptom"": ""Crash""}",data/raw_stage1/fse2023_understanding_the_bug_characteristics_and/Manual_Labelling__Manual_Labelling.xlsx,Sheet1,28
fse2023_understanding_the_bug_characteristics_and:ea31551ba924fcbf,fse2023_understanding_the_bug_characteristics_and,federated_learning,https://github.com/OpenMined/PySyft/issues/3214,https://github.com/OpenMined/PySyft/issues/3214,,,,,,Incorrect Functionality,Incorrect Parameter/Message Transfer,Transformation & Transfer,PySyft,,,,,,"{""Bug"": ""https://github.com/OpenMined/PySyft/issues/3214"", ""Bug Stage"": ""Transformation & Transfer"", ""Framework"": ""PySyft"", ""Root Cause"": ""Incorrect Parameter/Message Transfer"", ""Symptom"": ""Incorrect Functionality""}",data/raw_stage1/fse2023_understanding_the_bug_characteristics_and/Manual_Labelling__Manual_Labelling.xlsx,Sheet1,29
fse2023_understanding_the_bug_characteristics_and:9f4e9296c427ab77,fse2023_understanding_the_bug_characteristics_and,federated_learning,https://github.com/OpenMined/PySyft/issues/3174,https://github.com/OpenMined/PySyft/issues/3174,,,,,,Crash,Unclear Environmental Issue,Environment,PySyft,,,,,,"{""Bug"": ""https://github.com/OpenMined/PySyft/issues/3174"", ""Bug Stage"": ""Environment"", ""Framework"": ""PySyft"", ""Root Cause"": ""Unclear Environmental Issue"", ""Symptom"": ""Crash""}",data/raw_stage1/fse2023_understanding_the_bug_characteristics_and/Manual_Labelling__Manual_Labelling.xlsx,Sheet1,30
fse2023_understanding_the_bug_characteristics_and:9b0744b16e354fb4,fse2023_understanding_the_bug_characteristics_and,federated_learning,https://github.com/OpenMined/PySyft/issues/3131,https://github.com/OpenMined/PySyft/issues/3131,,,,,,Crash,Unsuitable ML/DL Algorithm Selection,Model building,PySyft,,,,,,"{""Bug"": ""https://github.com/OpenMined/PySyft/issues/3131"", ""Bug Stage"": ""Model building"", ""Framework"": ""PySyft"", ""Root Cause"": ""Unsuitable ML/DL Algorithm Selection"", ""Symptom"": ""Crash""}",data/raw_stage1/fse2023_understanding_the_bug_characteristics_and/Manual_Labelling__Manual_Labelling.xlsx,Sheet1,31
fse2023_understanding_the_bug_characteristics_and:a1b728fad6f23eb7,fse2023_understanding_the_bug_characteristics_and,federated_learning,https://github.com/OpenMined/PySyft/issues/3095,https://github.com/OpenMined/PySyft/issues/3095,,,,,,Crash,"Incorrect Data Type, Shape & Format",Misuse,PySyft,,,,,,"{""Bug"": ""https://github.com/OpenMined/PySyft/issues/3095"", ""Bug Stage"": ""Misuse"", ""Framework"": ""PySyft"", ""Root Cause"": ""Incorrect Data Type, Shape & Format"", ""Symptom"": ""Crash""}",data/raw_stage1/fse2023_understanding_the_bug_characteristics_and/Manual_Labelling__Manual_Labelling.xlsx,Sheet1,32
fse2023_understanding_the_bug_characteristics_and:bc39e3677bf5af6d,fse2023_understanding_the_bug_characteristics_and,federated_learning,https://github.com/OpenMined/PySyft/issues/3091,https://github.com/OpenMined/PySyft/issues/3091,,,,,,Crash,API Misuse,Misuse,PySyft,,,,,,"{""Bug"": ""https://github.com/OpenMined/PySyft/issues/3091"", ""Bug Stage"": ""Misuse"", ""Framework"": ""PySyft"", ""Root Cause"": ""API Misuse"", ""Symptom"": ""Crash""}",data/raw_stage1/fse2023_understanding_the_bug_characteristics_and/Manual_Labelling__Manual_Labelling.xlsx,Sheet1,33
fse2023_understanding_the_bug_characteristics_and:5dc24f6289226489,fse2023_understanding_the_bug_characteristics_and,federated_learning,https://github.com/OpenMined/PySyft/issues/3063,https://github.com/OpenMined/PySyft/issues/3063,,,,,,Crash,"Incorrect Data Type, Shape & Format",Prediction & Evaluation,PySyft,,,,,,"{""Bug"": ""https://github.com/OpenMined/PySyft/issues/3063"", ""Bug Stage"": ""Prediction & Evaluation"", ""Framework"": ""PySyft"", ""Root Cause"": ""Incorrect Data Type, Shape & Format"", ""Symptom"": ""Crash""}",data/raw_stage1/fse2023_understanding_the_bug_characteristics_and/Manual_Labelling__Manual_Labelling.xlsx,Sheet1,34
fse2023_understanding_the_bug_characteristics_and:1df47f2b629644f7,fse2023_understanding_the_bug_characteristics_and,federated_learning,https://github.com/OpenMined/PySyft/issues/3014,https://github.com/OpenMined/PySyft/issues/3014,,,,,,Connection Refused,Improper Interaction Initialization/Establishment,FL Configuration,PySyft,,,,,,"{""Bug"": ""https://github.com/OpenMined/PySyft/issues/3014"", ""Bug Stage"": ""FL Configuration"", ""Framework"": ""PySyft"", ""Root Cause"": ""Improper Interaction Initialization/Establishment"", ""Symptom"": ""Connection Refused""}",data/raw_stage1/fse2023_understanding_the_bug_characteristics_and/Manual_Labelling__Manual_Labelling.xlsx,Sheet1,35
fse2023_understanding_the_bug_characteristics_and:000252e5964bab95,fse2023_understanding_the_bug_characteristics_and,federated_learning,https://github.com/OpenMined/PySyft/issues/3002,https://github.com/OpenMined/PySyft/issues/3002,,,,,,Crash,Improper Interaction Initialization/Establishment,FL Configuration,PySyft,,,,,,"{""Bug"": ""https://github.com/OpenMined/PySyft/issues/3002"", ""Bug Stage"": ""FL Configuration"", ""Framework"": ""PySyft"", ""Root Cause"": ""Improper Interaction Initialization/Establishment"", ""Symptom"": ""Crash""}",data/raw_stage1/fse2023_understanding_the_bug_characteristics_and/Manual_Labelling__Manual_Labelling.xlsx,Sheet1,36
fse2023_understanding_the_bug_characteristics_and:7164e70edf06e5dc,fse2023_understanding_the_bug_characteristics_and,federated_learning,https://github.com/OpenMined/PySyft/issues/2715,https://github.com/OpenMined/PySyft/issues/2715,,,,,,Crash,Improper Interaction Initialization/Establishment,FL Configuration,PySyft,,,,,,"{""Bug"": ""https://github.com/OpenMined/PySyft/issues/2715"", ""Bug Stage"": ""FL Configuration"", ""Framework"": ""PySyft"", ""Root Cause"": ""Improper Interaction Initialization/Establishment"", ""Symptom"": ""Crash""}",data/raw_stage1/fse2023_understanding_the_bug_characteristics_and/Manual_Labelling__Manual_Labelling.xlsx,Sheet1,37
fse2023_understanding_the_bug_characteristics_and:40e0d5f1f027b387,fse2023_understanding_the_bug_characteristics_and,federated_learning,https://github.com/OpenMined/PySyft/issues/2669,https://github.com/OpenMined/PySyft/issues/2669,,,,,,Crash,Improper Interaction Initialization/Establishment,FL Configuration,PySyft,,,,,,"{""Bug"": ""https://github.com/OpenMined/PySyft/issues/2669"", ""Bug Stage"": ""FL Configuration"", ""Framework"": ""PySyft"", ""Root Cause"": ""Improper Interaction Initialization/Establishment"", ""Symptom"": ""Crash""}",data/raw_stage1/fse2023_understanding_the_bug_characteristics_and/Manual_Labelling__Manual_Labelling.xlsx,Sheet1,38
fse2023_understanding_the_bug_characteristics_and:e26809eea4b38c38,fse2023_understanding_the_bug_characteristics_and,federated_learning,https://github.com/OpenMined/PySyft/issues/2631,https://github.com/OpenMined/PySyft/issues/2631,,,,,,Crash,Incorrect FL Algorithm Implementation,FL Configuration,PySyft,,,,,,"{""Bug"": ""https://github.com/OpenMined/PySyft/issues/2631"", ""Bug Stage"": ""FL Configuration"", ""Framework"": ""PySyft"", ""Root Cause"": ""Incorrect FL Algorithm Implementation"", ""Symptom"": ""Crash""}",data/raw_stage1/fse2023_understanding_the_bug_characteristics_and/Manual_Labelling__Manual_Labelling.xlsx,Sheet1,39
fse2023_understanding_the_bug_characteristics_and:7704807ae47f1b92,fse2023_understanding_the_bug_characteristics_and,federated_learning,https://github.com/OpenMined/PySyft/issues/2576,https://github.com/OpenMined/PySyft/issues/2576,,,,,,Incorrect Functionality,Framework Evolution,Framework evolution,PySyft,,,,,,"{""Bug"": ""https://github.com/OpenMined/PySyft/issues/2576"", ""Bug Stage"": ""Framework evolution"", ""Framework"": ""PySyft"", ""Root Cause"": ""Framework Evolution"", ""Symptom"": ""Incorrect Functionality""}",data/raw_stage1/fse2023_understanding_the_bug_characteristics_and/Manual_Labelling__Manual_Labelling.xlsx,Sheet1,40
fse2023_understanding_the_bug_characteristics_and:03ad1e9a507d27f6,fse2023_understanding_the_bug_characteristics_and,federated_learning,https://github.com/OpenMined/PySyft/issues/2556,https://github.com/OpenMined/PySyft/issues/2556,,,,,,Crash,Incorrect Privacy Mechanisms,Misuse,PySyft,,,,,,"{""Bug"": ""https://github.com/OpenMined/PySyft/issues/2556"", ""Bug Stage"": ""Misuse"", ""Framework"": ""PySyft"", ""Root Cause"": ""Incorrect Privacy Mechanisms"", ""Symptom"": ""Crash""}",data/raw_stage1/fse2023_understanding_the_bug_characteristics_and/Manual_Labelling__Manual_Labelling.xlsx,Sheet1,41
fse2023_understanding_the_bug_characteristics_and:5b0f3708f0ea8ce2,fse2023_understanding_the_bug_characteristics_and,federated_learning,https://github.com/OpenMined/PySyft/issues/2494,https://github.com/OpenMined/PySyft/issues/2494,,,,,,Crash,Incorrect FL Algorithm Implementation,FL Configuration,PySyft,,,,,,"{""Bug"": ""https://github.com/OpenMined/PySyft/issues/2494"", ""Bug Stage"": ""FL Configuration"", ""Framework"": ""PySyft"", ""Root Cause"": ""Incorrect FL Algorithm Implementation"", ""Symptom"": ""Crash""}",data/raw_stage1/fse2023_understanding_the_bug_characteristics_and/Manual_Labelling__Manual_Labelling.xlsx,Sheet1,42
fse2023_understanding_the_bug_characteristics_and:def03c98e0b397b4,fse2023_understanding_the_bug_characteristics_and,federated_learning,https://github.com/OpenMined/PySyft/issues/2447,https://github.com/OpenMined/PySyft/issues/2447,,,,,,Incorrect Functionality,Incorrect Parameter/Message Transfer,Transformation & Transfer,PySyft,,,,,,"{""Bug"": ""https://github.com/OpenMined/PySyft/issues/2447"", ""Bug Stage"": ""Transformation & Transfer"", ""Framework"": ""PySyft"", ""Root Cause"": ""Incorrect Parameter/Message Transfer"", ""Symptom"": ""Incorrect Functionality""}",data/raw_stage1/fse2023_understanding_the_bug_characteristics_and/Manual_Labelling__Manual_Labelling.xlsx,Sheet1,43
fse2023_understanding_the_bug_characteristics_and:def03c98e0b397b4,fse2023_understanding_the_bug_characteristics_and,federated_learning,https://github.com/OpenMined/PySyft/issues/2447,https://github.com/OpenMined/PySyft/issues/2447,,,,,,,,Security mechanism,PySyft,,,,,,"{""Bug"": ""https://github.com/OpenMined/PySyft/issues/2447"", ""Bug Stage"": ""Security mechanism"", ""Framework"": ""PySyft""}",data/raw_stage1/fse2023_understanding_the_bug_characteristics_and/Manual_Labelling__Manual_Labelling.xlsx,Sheet1,44
fse2023_understanding_the_bug_characteristics_and:0fdf06853d02c258,fse2023_understanding_the_bug_characteristics_and,federated_learning,https://github.com/OpenMined/PySyft/issues/2392,https://github.com/OpenMined/PySyft/issues/2392,,,,,,Crash,API Misuse,Data Preparation,PySyft,,,,,,"{""Bug"": ""https://github.com/OpenMined/PySyft/issues/2392"", ""Bug Stage"": ""Data Preparation"", ""Framework"": ""PySyft"", ""Root Cause"": ""API Misuse"", ""Symptom"": ""Crash""}",data/raw_stage1/fse2023_understanding_the_bug_characteristics_and/Manual_Labelling__Manual_Labelling.xlsx,Sheet1,45
fse2023_understanding_the_bug_characteristics_and:6c97af74402b047f,fse2023_understanding_the_bug_characteristics_and,federated_learning,https://github.com/OpenMined/PySyft/issues/2390,https://github.com/OpenMined/PySyft/issues/2390,,,,,,Connection Refused,Improper Interaction Initialization/Establishment,FL Configuration,PySyft,,,,,,"{""Bug"": ""https://github.com/OpenMined/PySyft/issues/2390"", ""Bug Stage"": ""FL Configuration"", ""Framework"": ""PySyft"", ""Root Cause"": ""Improper Interaction Initialization/Establishment"", ""Symptom"": ""Connection Refused""}",data/raw_stage1/fse2023_understanding_the_bug_characteristics_and/Manual_Labelling__Manual_Labelling.xlsx,Sheet1,46
fse2023_understanding_the_bug_characteristics_and:1df971f197a88ea0,fse2023_understanding_the_bug_characteristics_and,federated_learning,https://github.com/OpenMined/PySyft/issues/2365,https://github.com/OpenMined/PySyft/issues/2365,,,,,,Crash,Improper Information Sharing,Misuse,PySyft,,,,,,"{""Bug"": ""https://github.com/OpenMined/PySyft/issues/2365"", ""Bug Stage"": ""Misuse"", ""Framework"": ""PySyft"", ""Root Cause"": ""Improper Information Sharing"", ""Symptom"": ""Crash""}",data/raw_stage1/fse2023_understanding_the_bug_characteristics_and/Manual_Labelling__Manual_Labelling.xlsx,Sheet1,47
fse2023_understanding_the_bug_characteristics_and:7ef6bc43d4f3924b,fse2023_understanding_the_bug_characteristics_and,federated_learning,https://github.com/OpenMined/PySyft/issues/2361,https://github.com/OpenMined/PySyft/issues/2361,,,,,,Incorrect Functionality,API Misuse,Misuse,PySyft,,,,,,"{""Bug"": ""https://github.com/OpenMined/PySyft/issues/2361"", ""Bug Stage"": ""Misuse"", ""Framework"": ""PySyft"", ""Root Cause"": ""API Misuse"", ""Symptom"": ""Incorrect Functionality""}",data/raw_stage1/fse2023_understanding_the_bug_characteristics_and/Manual_Labelling__Manual_Labelling.xlsx,Sheet1,48
fse2023_understanding_the_bug_characteristics_and:fc207c625091d113,fse2023_understanding_the_bug_characteristics_and,federated_learning,https://github.com/OpenMined/PySyft/issues/2346,https://github.com/OpenMined/PySyft/issues/2346,,,,,,Poor Performance,Improper Hyperparameter,Model building,PySyft,,,,,,"{""Bug"": ""https://github.com/OpenMined/PySyft/issues/2346"", ""Bug Stage"": ""Model building"", ""Framework"": ""PySyft"", ""Root Cause"": ""Improper Hyperparameter"", ""Symptom"": ""Poor Performance""}",data/raw_stage1/fse2023_understanding_the_bug_characteristics_and/Manual_Labelling__Manual_Labelling.xlsx,Sheet1,49
fse2023_understanding_the_bug_characteristics_and:fc207c625091d113,fse2023_understanding_the_bug_characteristics_and,federated_learning,https://github.com/OpenMined/PySyft/issues/2346,https://github.com/OpenMined/PySyft/issues/2346,,,,,,,Dependency Incompatibility,Dependency,PySyft,,,,,,"{""Bug"": ""https://github.com/OpenMined/PySyft/issues/2346"", ""Bug Stage"": ""Dependency"", ""Framework"": ""PySyft"", ""Root Cause"": ""Dependency Incompatibility""}",data/raw_stage1/fse2023_understanding_the_bug_characteristics_and/Manual_Labelling__Manual_Labelling.xlsx,Sheet1,50
fse2023_understanding_the_bug_characteristics_and:fdc3e957e1e5cfd5,fse2023_understanding_the_bug_characteristics_and,federated_learning,https://github.com/OpenMined/PySyft/issues/2333,https://github.com/OpenMined/PySyft/issues/2333,,,,,,Incorrect Functionality,Incorrect FL Algorithm Implementation,FL Configuration,PySyft,,,,,,"{""Bug"": ""https://github.com/OpenMined/PySyft/issues/2333"", ""Bug Stage"": ""FL Configuration"", ""Framework"": ""PySyft"", ""Root Cause"": ""Incorrect FL Algorithm Implementation"", ""Symptom"": ""Incorrect Functionality""}",data/raw_stage1/fse2023_understanding_the_bug_characteristics_and/Manual_Labelling__Manual_Labelling.xlsx,Sheet1,51
fse2023_understanding_the_bug_characteristics_and:dc9fe2ca39146e9b,fse2023_understanding_the_bug_characteristics_and,federated_learning,https://github.com/OpenMined/PySyft/issues/2281,https://github.com/OpenMined/PySyft/issues/2281,,,,,,Crash,Improper Interaction Initialization/Establishment,FL Configuration,PySyft,,,,,,"{""Bug"": ""https://github.com/OpenMined/PySyft/issues/2281"", ""Bug Stage"": ""FL Configuration"", ""Framework"": ""PySyft"", ""Root Cause"": ""Improper Interaction Initialization/Establishment"", ""Symptom"": ""Crash""}",data/raw_stage1/fse2023_understanding_the_bug_characteristics_and/Manual_Labelling__Manual_Labelling.xlsx,Sheet1,52
fse2023_understanding_the_bug_characteristics_and:ee1056ca16416647,fse2023_understanding_the_bug_characteristics_and,federated_learning,https://github.com/OpenMined/PySyft/issues/2267,https://github.com/OpenMined/PySyft/issues/2267,,,,,,Crash,Dependency Incompatibility,Dependency,PySyft,,,,,,"{""Bug"": ""https://github.com/OpenMined/PySyft/issues/2267"", ""Bug Stage"": ""Dependency"", ""Framework"": ""PySyft"", ""Root Cause"": ""Dependency Incompatibility"", ""Symptom"": ""Crash""}",data/raw_stage1/fse2023_understanding_the_bug_characteristics_and/Manual_Labelling__Manual_Labelling.xlsx,Sheet1,53
fse2023_understanding_the_bug_characteristics_and:7434b3216f0cd1fe,fse2023_understanding_the_bug_characteristics_and,federated_learning,https://github.com/OpenMined/PySyft/issues/2243,https://github.com/OpenMined/PySyft/issues/2243,,,,,,Crash,Dependency Incompatibility,Dependency,PySyft,,,,,,"{""Bug"": ""https://github.com/OpenMined/PySyft/issues/2243"", ""Bug Stage"": ""Dependency"", ""Framework"": ""PySyft"", ""Root Cause"": ""Dependency Incompatibility"", ""Symptom"": ""Crash""}",data/raw_stage1/fse2023_understanding_the_bug_characteristics_and/Manual_Labelling__Manual_Labelling.xlsx,Sheet1,54
fse2023_understanding_the_bug_characteristics_and:691d83784bde7e70,fse2023_understanding_the_bug_characteristics_and,federated_learning,https://github.com/OpenMined/PySyft/issues/2234,https://github.com/OpenMined/PySyft/issues/2234,,,,,,Crash,Dependency Incompatibility,Dependency,PySyft,,,,,,"{""Bug"": ""https://github.com/OpenMined/PySyft/issues/2234"", ""Bug Stage"": ""Dependency"", ""Framework"": ""PySyft"", ""Root Cause"": ""Dependency Incompatibility"", ""Symptom"": ""Crash""}",data/raw_stage1/fse2023_understanding_the_bug_characteristics_and/Manual_Labelling__Manual_Labelling.xlsx,Sheet1,55
fse2023_understanding_the_bug_characteristics_and:1f737825af23dc3d,fse2023_understanding_the_bug_characteristics_and,federated_learning,https://github.com/OpenMined/PySyft/issues/2207,https://github.com/OpenMined/PySyft/issues/2207,,,,,,Incorrect Functionality,Improper Model Initialization,FL-Others,PySyft,,,,,,"{""Bug"": ""https://github.com/OpenMined/PySyft/issues/2207"", ""Bug Stage"": ""FL-Others"", ""Framework"": ""PySyft"", ""Root Cause"": ""Improper Model Initialization"", ""Symptom"": ""Incorrect Functionality""}",data/raw_stage1/fse2023_understanding_the_bug_characteristics_and/Manual_Labelling__Manual_Labelling.xlsx,Sheet1,56
fse2023_understanding_the_bug_characteristics_and:b5d52aa9fa0c9e39,fse2023_understanding_the_bug_characteristics_and,federated_learning,https://github.com/OpenMined/PySyft/issues/2202,https://github.com/OpenMined/PySyft/issues/2202,,,,,,Crash,Missing/Incorrect Exception Checking,Broadcast,PySyft,,,,,,"{""Bug"": ""https://github.com/OpenMined/PySyft/issues/2202"", ""Bug Stage"": ""Broadcast"", ""Framework"": ""PySyft"", ""Root Cause"": ""Missing/Incorrect Exception Checking"", ""Symptom"": ""Crash""}",data/raw_stage1/fse2023_understanding_the_bug_characteristics_and/Manual_Labelling__Manual_Labelling.xlsx,Sheet1,57
fse2023_understanding_the_bug_characteristics_and:fcdc9470cbddc044,fse2023_understanding_the_bug_characteristics_and,federated_learning,https://github.com/OpenMined/PySyft/issues/2168,https://github.com/OpenMined/PySyft/issues/2168,,,,,,Crash,API Misuse,Dependency,PySyft,,,,,,"{""Bug"": ""https://github.com/OpenMined/PySyft/issues/2168"", ""Bug Stage"": ""Dependency"", ""Framework"": ""PySyft"", ""Root Cause"": ""API Misuse"", ""Symptom"": ""Crash""}",data/raw_stage1/fse2023_understanding_the_bug_characteristics_and/Manual_Labelling__Manual_Labelling.xlsx,Sheet1,58
fse2023_understanding_the_bug_characteristics_and:cfd7cce32d519dc2,fse2023_understanding_the_bug_characteristics_and,federated_learning,https://github.com/OpenMined/PySyft/issues/2135,https://github.com/OpenMined/PySyft/issues/2135,,,,,,Crash,Dependency Incompatibility,Dependency,PySyft,,,,,,"{""Bug"": ""https://github.com/OpenMined/PySyft/issues/2135"", ""Bug Stage"": ""Dependency"", ""Framework"": ""PySyft"", ""Root Cause"": ""Dependency Incompatibility"", ""Symptom"": ""Crash""}",data/raw_stage1/fse2023_understanding_the_bug_characteristics_and/Manual_Labelling__Manual_Labelling.xlsx,Sheet1,59
fse2023_understanding_the_bug_characteristics_and:9001d5921274fb55,fse2023_understanding_the_bug_characteristics_and,federated_learning,https://github.com/OpenMined/PySyft/issues/2132,https://github.com/OpenMined/PySyft/issues/2132,,,,,,Crash,Unsuitable ML/DL Algorithm Selection,Misuse,PySyft,,,,,,"{""Bug"": ""https://github.com/OpenMined/PySyft/issues/2132"", ""Bug Stage"": ""Misuse"", ""Framework"": ""PySyft"", ""Root Cause"": ""Unsuitable ML/DL Algorithm Selection"", ""Symptom"": ""Crash""}",data/raw_stage1/fse2023_understanding_the_bug_characteristics_and/Manual_Labelling__Manual_Labelling.xlsx,Sheet1,60
fse2023_understanding_the_bug_characteristics_and:5552c09a666e058b,fse2023_understanding_the_bug_characteristics_and,federated_learning,https://github.com/OpenMined/PySyft/issues/2070,https://github.com/OpenMined/PySyft/issues/2070,,,,,,Crash,Incorrect Training Strategy,Model building,PySyft,,,,,,"{""Bug"": ""https://github.com/OpenMined/PySyft/issues/2070"", ""Bug Stage"": ""Model building"", ""Framework"": ""PySyft"", ""Root Cause"": ""Incorrect Training Strategy"", ""Symptom"": ""Crash""}",data/raw_stage1/fse2023_understanding_the_bug_characteristics_and/Manual_Labelling__Manual_Labelling.xlsx,Sheet1,61
fse2023_understanding_the_bug_characteristics_and:6c93860c4cf8f03d,fse2023_understanding_the_bug_characteristics_and,federated_learning,https://github.com/OpenMined/PySyft/issues/2047,https://github.com/OpenMined/PySyft/issues/2047,,,,,,Crash,Incorrect Tensor-related Implementation,FL-Others,PySyft,,,,,,"{""Bug"": ""https://github.com/OpenMined/PySyft/issues/2047"", ""Bug Stage"": ""FL-Others"", ""Framework"": ""PySyft"", ""Root Cause"": ""Incorrect Tensor-related Implementation"", ""Symptom"": ""Crash""}",data/raw_stage1/fse2023_understanding_the_bug_characteristics_and/Manual_Labelling__Manual_Labelling.xlsx,Sheet1,62
fse2023_understanding_the_bug_characteristics_and:fd8727d50a48e6d1,fse2023_understanding_the_bug_characteristics_and,federated_learning,https://github.com/OpenMined/PySyft/issues/2011,https://github.com/OpenMined/PySyft/issues/2011,,,,,,Incorrect Functionality,Incorrect Training Strategy,Misuse,PySyft,,,,,,"{""Bug"": ""https://github.com/OpenMined/PySyft/issues/2011"", ""Bug Stage"": ""Misuse"", ""Framework"": ""PySyft"", ""Root Cause"": ""Incorrect Training Strategy"", ""Symptom"": ""Incorrect Functionality""}",data/raw_stage1/fse2023_understanding_the_bug_characteristics_and/Manual_Labelling__Manual_Labelling.xlsx,Sheet1,63
fse2023_understanding_the_bug_characteristics_and:2a778bf140222334,fse2023_understanding_the_bug_characteristics_and,federated_learning,https://github.com/OpenMined/PySyft/issues/1992,https://github.com/OpenMined/PySyft/issues/1992,,,,,,Crash,Incorrect FL Algorithm Implementation,FL Configuration,PySyft,,,,,,"{""Bug"": ""https://github.com/OpenMined/PySyft/issues/1992"", ""Bug Stage"": ""FL Configuration"", ""Framework"": ""PySyft"", ""Root Cause"": ""Incorrect FL Algorithm Implementation"", ""Symptom"": ""Crash""}",data/raw_stage1/fse2023_understanding_the_bug_characteristics_and/Manual_Labelling__Manual_Labelling.xlsx,Sheet1,64
fse2023_understanding_the_bug_characteristics_and:5245a2280dc57636,fse2023_understanding_the_bug_characteristics_and,federated_learning,https://github.com/OpenMined/PySyft/issues/1978,https://github.com/OpenMined/PySyft/issues/1978,,,,,,Crash,API Misuse,Data Preparation,PySyft,,,,,,"{""Bug"": ""https://github.com/OpenMined/PySyft/issues/1978"", ""Bug Stage"": ""Data Preparation"", ""Framework"": ""PySyft"", ""Root Cause"": ""API Misuse"", ""Symptom"": ""Crash""}",data/raw_stage1/fse2023_understanding_the_bug_characteristics_and/Manual_Labelling__Manual_Labelling.xlsx,Sheet1,65
fse2023_understanding_the_bug_characteristics_and:f0a80f554fa036c0,fse2023_understanding_the_bug_characteristics_and,federated_learning,https://github.com/OpenMined/PySyft/issues/1919,https://github.com/OpenMined/PySyft/issues/1919,,,,,,Crash,Improper Interaction Initialization/Establishment,FL Configuration,PySyft,,,,,,"{""Bug"": ""https://github.com/OpenMined/PySyft/issues/1919"", ""Bug Stage"": ""FL Configuration"", ""Framework"": ""PySyft"", ""Root Cause"": ""Improper Interaction Initialization/Establishment"", ""Symptom"": ""Crash""}",data/raw_stage1/fse2023_understanding_the_bug_characteristics_and/Manual_Labelling__Manual_Labelling.xlsx,Sheet1,66
fse2023_understanding_the_bug_characteristics_and:e7d31b35635970d8,fse2023_understanding_the_bug_characteristics_and,federated_learning,https://github.com/OpenMined/PySyft/issues/1655,https://github.com/OpenMined/PySyft/issues/1655,,,,,,Crash,Incorrect Training Strategy,Dependency,PySyft,,,,,,"{""Bug"": ""https://github.com/OpenMined/PySyft/issues/1655"", ""Bug Stage"": ""Dependency"", ""Framework"": ""PySyft"", ""Root Cause"": ""Incorrect Training Strategy"", ""Symptom"": ""Crash""}",data/raw_stage1/fse2023_understanding_the_bug_characteristics_and/Manual_Labelling__Manual_Labelling.xlsx,Sheet1,67
fse2023_understanding_the_bug_characteristics_and:2b3b2b2b4fdfa874,fse2023_understanding_the_bug_characteristics_and,federated_learning,https://github.com/OpenMined/PySyft/issues/1645,https://github.com/OpenMined/PySyft/issues/1645,,,,,,Incorrect Functionality,Data-Others,Data Preparation,PySyft,,,,,,"{""Bug"": ""https://github.com/OpenMined/PySyft/issues/1645"", ""Bug Stage"": ""Data Preparation"", ""Framework"": ""PySyft"", ""Root Cause"": ""Data-Others"", ""Symptom"": ""Incorrect Functionality""}",data/raw_stage1/fse2023_understanding_the_bug_characteristics_and/Manual_Labelling__Manual_Labelling.xlsx,Sheet1,68
fse2023_understanding_the_bug_characteristics_and:7e11027cb0a01c6d,fse2023_understanding_the_bug_characteristics_and,federated_learning,https://github.com/OpenMined/PySyft/issues/1502,https://github.com/OpenMined/PySyft/issues/1502,,,,,,Security Risk,Missing Privacy Protection,Security mechanism,PySyft,,,,,,"{""Bug"": ""https://github.com/OpenMined/PySyft/issues/1502"", ""Bug Stage"": ""Security mechanism"", ""Framework"": ""PySyft"", ""Root Cause"": ""Missing Privacy Protection"", ""Symptom"": ""Security Risk""}",data/raw_stage1/fse2023_understanding_the_bug_characteristics_and/Manual_Labelling__Manual_Labelling.xlsx,Sheet1,69
fse2023_understanding_the_bug_characteristics_and:81a9c163220f0610,fse2023_understanding_the_bug_characteristics_and,federated_learning,https://github.com/OpenMined/PySyft/issues/1442,https://github.com/OpenMined/PySyft/issues/1442,,,,,,Crash,Unsuitable ML/DL Algorithm Selection,Misuse,PySyft,,,,,,"{""Bug"": ""https://github.com/OpenMined/PySyft/issues/1442"", ""Bug Stage"": ""Misuse"", ""Framework"": ""PySyft"", ""Root Cause"": ""Unsuitable ML/DL Algorithm Selection"", ""Symptom"": ""Crash""}",data/raw_stage1/fse2023_understanding_the_bug_characteristics_and/Manual_Labelling__Manual_Labelling.xlsx,Sheet1,70
fse2023_understanding_the_bug_characteristics_and:6d430ba794be9af2,fse2023_understanding_the_bug_characteristics_and,federated_learning,https://github.com/OpenMined/PySyft/issues/1381,https://github.com/OpenMined/PySyft/issues/1381,,,,,,Crash,API Misuse,Misuse,PySyft,,,,,,"{""Bug"": ""https://github.com/OpenMined/PySyft/issues/1381"", ""Bug Stage"": ""Misuse"", ""Framework"": ""PySyft"", ""Root Cause"": ""API Misuse"", ""Symptom"": ""Crash""}",data/raw_stage1/fse2023_understanding_the_bug_characteristics_and/Manual_Labelling__Manual_Labelling.xlsx,Sheet1,71
fse2023_understanding_the_bug_characteristics_and:d13b55f688591b02,fse2023_understanding_the_bug_characteristics_and,federated_learning,https://github.com/OpenMined/PySyft/issues/1350,https://github.com/OpenMined/PySyft/issues/1350,,,,,,Crash,Incorrect Parameter/Message Transfer,Broadcast,PySyft,,,,,,"{""Bug"": ""https://github.com/OpenMined/PySyft/issues/1350"", ""Bug Stage"": ""Broadcast"", ""Framework"": ""PySyft"", ""Root Cause"": ""Incorrect Parameter/Message Transfer"", ""Symptom"": ""Crash""}",data/raw_stage1/fse2023_understanding_the_bug_characteristics_and/Manual_Labelling__Manual_Labelling.xlsx,Sheet1,72
fse2023_understanding_the_bug_characteristics_and:94a28ee7bf5d2145,fse2023_understanding_the_bug_characteristics_and,federated_learning,https://github.com/OpenMined/PySyft/issues/1314,https://github.com/OpenMined/PySyft/issues/1314,,,,,,Crash,Wrong/Missing Dependency Import,Dependency,PySyft,,,,,,"{""Bug"": ""https://github.com/OpenMined/PySyft/issues/1314"", ""Bug Stage"": ""Dependency"", ""Framework"": ""PySyft"", ""Root Cause"": ""Wrong/Missing Dependency Import"", ""Symptom"": ""Crash""}",data/raw_stage1/fse2023_understanding_the_bug_characteristics_and/Manual_Labelling__Manual_Labelling.xlsx,Sheet1,73
fse2023_understanding_the_bug_characteristics_and:4cd6cae6c88088bd,fse2023_understanding_the_bug_characteristics_and,federated_learning,https://github.com/OpenMined/PySyft/issues/393,https://github.com/OpenMined/PySyft/issues/393,,,,,,Crash,Incorrect Privacy Mechanisms,Security mechanism,PySyft,,,,,,"{""Bug"": ""https://github.com/OpenMined/PySyft/issues/393"", ""Bug Stage"": ""Security mechanism"", ""Framework"": ""PySyft"", ""Root Cause"": ""Incorrect Privacy Mechanisms"", ""Symptom"": ""Crash""}",data/raw_stage1/fse2023_understanding_the_bug_characteristics_and/Manual_Labelling__Manual_Labelling.xlsx,Sheet1,74
fse2023_understanding_the_bug_characteristics_and:31c00d05fc6aa13b,fse2023_understanding_the_bug_characteristics_and,federated_learning,https://github.com/OpenMined/PySyft/issues/390,https://github.com/OpenMined/PySyft/issues/390,,,,,,Crash,Incorrect Privacy Mechanisms,Security mechanism,PySyft,,,,,,"{""Bug"": ""https://github.com/OpenMined/PySyft/issues/390"", ""Bug Stage"": ""Security mechanism"", ""Framework"": ""PySyft"", ""Root Cause"": ""Incorrect Privacy Mechanisms"", ""Symptom"": ""Crash""}",data/raw_stage1/fse2023_understanding_the_bug_characteristics_and/Manual_Labelling__Manual_Labelling.xlsx,Sheet1,75
fse2023_understanding_the_bug_characteristics_and:1fe655ad67d8bc1c,fse2023_understanding_the_bug_characteristics_and,federated_learning,https://github.com/OpenMined/PySyft/issues/118,https://github.com/OpenMined/PySyft/issues/118,,,,,,Incorrect Functionality,API Misuse,Dependency,PySyft,,,,,,"{""Bug"": ""https://github.com/OpenMined/PySyft/issues/118"", ""Bug Stage"": ""Dependency"", ""Framework"": ""PySyft"", ""Root Cause"": ""API Misuse"", ""Symptom"": ""Incorrect Functionality""}",data/raw_stage1/fse2023_understanding_the_bug_characteristics_and/Manual_Labelling__Manual_Labelling.xlsx,Sheet1,76
fse2023_understanding_the_bug_characteristics_and:b28b90cdec9cb3bf,fse2023_understanding_the_bug_characteristics_and,federated_learning,https://github.com/OpenMined/PySyft/issues/74,https://github.com/OpenMined/PySyft/issues/74,,,,,,Incorrect Functionality,Incorrect Tensor-related Implementation,Transformation & Transfer,PySyft,,,,,,"{""Bug"": ""https://github.com/OpenMined/PySyft/issues/74"", ""Bug Stage"": ""Transformation & Transfer"", ""Framework"": ""PySyft"", ""Root Cause"": ""Incorrect Tensor-related Implementation"", ""Symptom"": ""Incorrect Functionality""}",data/raw_stage1/fse2023_understanding_the_bug_characteristics_and/Manual_Labelling__Manual_Labelling.xlsx,Sheet1,77
fse2023_understanding_the_bug_characteristics_and:b28b90cdec9cb3bf,fse2023_understanding_the_bug_characteristics_and,federated_learning,https://github.com/OpenMined/PySyft/issues/74,https://github.com/OpenMined/PySyft/issues/74,,,,,,,,Security mechanism,PySyft,,,,,,"{""Bug"": ""https://github.com/OpenMined/PySyft/issues/74"", ""Bug Stage"": ""Security mechanism"", ""Framework"": ""PySyft""}",data/raw_stage1/fse2023_understanding_the_bug_characteristics_and/Manual_Labelling__Manual_Labelling.xlsx,Sheet1,78
fse2023_understanding_the_bug_characteristics_and:22fd8afea95cb336,fse2023_understanding_the_bug_characteristics_and,federated_learning,https://github.com/FederatedAI/FATE/issues/4107,https://github.com/FederatedAI/FATE/issues/4107,,,,,,Crash,Incorrect Data Loading,Data Preparation,FATE,,,,,,"{""Bug"": ""https://github.com/FederatedAI/FATE/issues/4107"", ""Bug Stage"": ""Data Preparation"", ""Framework"": ""FATE"", ""Root Cause"": ""Incorrect Data Loading"", ""Symptom"": ""Crash""}",data/raw_stage1/fse2023_understanding_the_bug_characteristics_and/Manual_Labelling__Manual_Labelling.xlsx,Sheet1,79
fse2023_understanding_the_bug_characteristics_and:572c7e381e507d77,fse2023_understanding_the_bug_characteristics_and,federated_learning,https://github.com/FederatedAI/FATE/issues/4075,https://github.com/FederatedAI/FATE/issues/4075,,,,,,Crash,Incorrect FL Algorithm Implementation,Misuse,FATE,,,,,,"{""Bug"": ""https://github.com/FederatedAI/FATE/issues/4075"", ""Bug Stage"": ""Misuse"", ""Framework"": ""FATE"", ""Root Cause"": ""Incorrect FL Algorithm Implementation"", ""Symptom"": ""Crash""}",data/raw_stage1/fse2023_understanding_the_bug_characteristics_and/Manual_Labelling__Manual_Labelling.xlsx,Sheet1,80
fse2023_understanding_the_bug_characteristics_and:150eb84cededa681,fse2023_understanding_the_bug_characteristics_and,federated_learning,https://github.com/FederatedAI/FATE/issues/4066,https://github.com/FederatedAI/FATE/issues/4066,,,,,,Incorrect Functionality,Incorrect FL Algorithm Implementation,FL Configuration,FATE,,,,,,"{""Bug"": ""https://github.com/FederatedAI/FATE/issues/4066"", ""Bug Stage"": ""FL Configuration"", ""Framework"": ""FATE"", ""Root Cause"": ""Incorrect FL Algorithm Implementation"", ""Symptom"": ""Incorrect Functionality""}",data/raw_stage1/fse2023_understanding_the_bug_characteristics_and/Manual_Labelling__Manual_Labelling.xlsx,Sheet1,81
fse2023_understanding_the_bug_characteristics_and:8ba9363fbbfa5f2c,fse2023_understanding_the_bug_characteristics_and,federated_learning,https://github.com/FederatedAI/FATE/issues/4049,https://github.com/FederatedAI/FATE/issues/4049,,,,,,Crash,Dependency Incompatibility,Dependency,FATE,,,,,,"{""Bug"": ""https://github.com/FederatedAI/FATE/issues/4049"", ""Bug Stage"": ""Dependency"", ""Framework"": ""FATE"", ""Root Cause"": ""Dependency Incompatibility"", ""Symptom"": ""Crash""}",data/raw_stage1/fse2023_understanding_the_bug_characteristics_and/Manual_Labelling__Manual_Labelling.xlsx,Sheet1,82
fse2023_understanding_the_bug_characteristics_and:54bccba66b6bd596,fse2023_understanding_the_bug_characteristics_and,federated_learning,https://github.com/FederatedAI/FATE/issues/3940,https://github.com/FederatedAI/FATE/issues/3940,,,,,,Incorrect Functionality,API Misuse,Misuse,FATE,,,,,,"{""Bug"": ""https://github.com/FederatedAI/FATE/issues/3940"", ""Bug Stage"": ""Misuse"", ""Framework"": ""FATE"", ""Root Cause"": ""API Misuse"", ""Symptom"": ""Incorrect Functionality""}",data/raw_stage1/fse2023_understanding_the_bug_characteristics_and/Manual_Labelling__Manual_Labelling.xlsx,Sheet1,83
fse2023_understanding_the_bug_characteristics_and:21170912db873695,fse2023_understanding_the_bug_characteristics_and,federated_learning,https://github.com/FederatedAI/FATE/issues/3895,https://github.com/FederatedAI/FATE/issues/3895,,,,,,Incorrect Functionality,Framework Evolution,Framework evolution,FATE,,,,,,"{""Bug"": ""https://github.com/FederatedAI/FATE/issues/3895"", ""Bug Stage"": ""Framework evolution"", ""Framework"": ""FATE"", ""Root Cause"": ""Framework Evolution"", ""Symptom"": ""Incorrect Functionality""}",data/raw_stage1/fse2023_understanding_the_bug_characteristics_and/Manual_Labelling__Manual_Labelling.xlsx,Sheet1,84
fse2023_understanding_the_bug_characteristics_and:8d805ae3bc537e76,fse2023_understanding_the_bug_characteristics_and,federated_learning,https://github.com/FederatedAI/FATE/issues/3805,https://github.com/FederatedAI/FATE/issues/3805,,,,,,Hang,Improper Entity Alignment,Transformation & Transfer,FATE,,,,,,"{""Bug"": ""https://github.com/FederatedAI/FATE/issues/3805"", ""Bug Stage"": ""Transformation & Transfer"", ""Framework"": ""FATE"", ""Root Cause"": ""Improper Entity Alignment"", ""Symptom"": ""Hang""}",data/raw_stage1/fse2023_understanding_the_bug_characteristics_and/Manual_Labelling__Manual_Labelling.xlsx,Sheet1,85
fse2023_understanding_the_bug_characteristics_and:f65c87006c5010a1,fse2023_understanding_the_bug_characteristics_and,federated_learning,https://github.com/FederatedAI/FATE/issues/3746,https://github.com/FederatedAI/FATE/issues/3746,,,,,,Incorrect Functionality,Improper Interaction Initialization/Establishment,FL Configuration,FATE,,,,,,"{""Bug"": ""https://github.com/FederatedAI/FATE/issues/3746"", ""Bug Stage"": ""FL Configuration"", ""Framework"": ""FATE"", ""Root Cause"": ""Improper Interaction Initialization/Establishment"", ""Symptom"": ""Incorrect Functionality""}",data/raw_stage1/fse2023_understanding_the_bug_characteristics_and/Manual_Labelling__Manual_Labelling.xlsx,Sheet1,86
fse2023_understanding_the_bug_characteristics_and:183316266cff68a7,fse2023_understanding_the_bug_characteristics_and,federated_learning,https://github.com/FederatedAI/FATE/issues/3596,https://github.com/FederatedAI/FATE/issues/3596,,,,,,Low Efficiency,Incorrect Training Strategy,Client Computation,FATE,,,,,,"{""Bug"": ""https://github.com/FederatedAI/FATE/issues/3596"", ""Bug Stage"": ""Client Computation"", ""Framework"": ""FATE"", ""Root Cause"": ""Incorrect Training Strategy"", ""Symptom"": ""Low Efficiency""}",data/raw_stage1/fse2023_understanding_the_bug_characteristics_and/Manual_Labelling__Manual_Labelling.xlsx,Sheet1,87
fse2023_understanding_the_bug_characteristics_and:92c529d52f5eeaef,fse2023_understanding_the_bug_characteristics_and,federated_learning,https://github.com/FederatedAI/FATE/issues/3515,https://github.com/FederatedAI/FATE/issues/3515,,,,,,Crash,Improper Interaction Initialization/Establishment,FL Configuration,FATE,,,,,,"{""Bug"": ""https://github.com/FederatedAI/FATE/issues/3515"", ""Bug Stage"": ""FL Configuration"", ""Framework"": ""FATE"", ""Root Cause"": ""Improper Interaction Initialization/Establishment"", ""Symptom"": ""Crash""}",data/raw_stage1/fse2023_understanding_the_bug_characteristics_and/Manual_Labelling__Manual_Labelling.xlsx,Sheet1,88
fse2023_understanding_the_bug_characteristics_and:7b86ce4d5ca293ef,fse2023_understanding_the_bug_characteristics_and,federated_learning,https://github.com/FederatedAI/FATE/issues/3498,https://github.com/FederatedAI/FATE/issues/3498,,,,,,Incorrect Functionality,Incorrect FL Algorithm Implementation,FL Configuration,FATE,,,,,,"{""Bug"": ""https://github.com/FederatedAI/FATE/issues/3498"", ""Bug Stage"": ""FL Configuration"", ""Framework"": ""FATE"", ""Root Cause"": ""Incorrect FL Algorithm Implementation"", ""Symptom"": ""Incorrect Functionality""}",data/raw_stage1/fse2023_understanding_the_bug_characteristics_and/Manual_Labelling__Manual_Labelling.xlsx,Sheet1,89
fse2023_understanding_the_bug_characteristics_and:21508e7e5feaeec9,fse2023_understanding_the_bug_characteristics_and,federated_learning,https://github.com/FederatedAI/FATE/issues/3238,https://github.com/FederatedAI/FATE/issues/3238,,,,,,Crash,Framework Evolution,Misuse,FATE,,,,,,"{""Bug"": ""https://github.com/FederatedAI/FATE/issues/3238"", ""Bug Stage"": ""Misuse"", ""Framework"": ""FATE"", ""Root Cause"": ""Framework Evolution"", ""Symptom"": ""Crash""}",data/raw_stage1/fse2023_understanding_the_bug_characteristics_and/Manual_Labelling__Manual_Labelling.xlsx,Sheet1,90
fse2023_understanding_the_bug_characteristics_and:a05a04b1e94eb38e,fse2023_understanding_the_bug_characteristics_and,federated_learning,https://github.com/FederatedAI/FATE/issues/3133,https://github.com/FederatedAI/FATE/issues/3133,,,,,,Crash,Incorrect FL Setup/Configuration,Deployment,FATE,,,,,,"{""Bug"": ""https://github.com/FederatedAI/FATE/issues/3133"", ""Bug Stage"": ""Deployment"", ""Framework"": ""FATE"", ""Root Cause"": ""Incorrect FL Setup/Configuration"", ""Symptom"": ""Crash""}",data/raw_stage1/fse2023_understanding_the_bug_characteristics_and/Manual_Labelling__Manual_Labelling.xlsx,Sheet1,91
fse2023_understanding_the_bug_characteristics_and:d3f54f119a20d1b8,fse2023_understanding_the_bug_characteristics_and,federated_learning,https://github.com/FederatedAI/FATE/issues/3132,https://github.com/FederatedAI/FATE/issues/3132,,,,,,Crash,Incorrect Data Loading,FL Configuration,FATE,,,,,,"{""Bug"": ""https://github.com/FederatedAI/FATE/issues/3132"", ""Bug Stage"": ""FL Configuration"", ""Framework"": ""FATE"", ""Root Cause"": ""Incorrect Data Loading"", ""Symptom"": ""Crash""}",data/raw_stage1/fse2023_understanding_the_bug_characteristics_and/Manual_Labelling__Manual_Labelling.xlsx,Sheet1,92
fse2023_understanding_the_bug_characteristics_and:56caf5418ed4a8da,fse2023_understanding_the_bug_characteristics_and,federated_learning,https://github.com/FederatedAI/FATE/issues/2977,https://github.com/FederatedAI/FATE/issues/2977,,,,,,Incorrect Functionality,"Incorrect Data Type, Shape & Format",User interface,FATE,,,,,,"{""Bug"": ""https://github.com/FederatedAI/FATE/issues/2977"", ""Bug Stage"": ""User interface"", ""Framework"": ""FATE"", ""Root Cause"": ""Incorrect Data Type, Shape & Format"", ""Symptom"": ""Incorrect Functionality""}",data/raw_stage1/fse2023_understanding_the_bug_characteristics_and/Manual_Labelling__Manual_Labelling.xlsx,Sheet1,93
fse2023_understanding_the_bug_characteristics_and:a95daf4efc5e380b,fse2023_understanding_the_bug_characteristics_and,federated_learning,https://github.com/FederatedAI/FATE/issues/2909,https://github.com/FederatedAI/FATE/issues/2909,,,,,,Deployment Failure,Incorrect FL Setup/Configuration,Deployment,FATE,,,,,,"{""Bug"": ""https://github.com/FederatedAI/FATE/issues/2909"", ""Bug Stage"": ""Deployment"", ""Framework"": ""FATE"", ""Root Cause"": ""Incorrect FL Setup/Configuration"", ""Symptom"": ""Deployment Failure""}",data/raw_stage1/fse2023_understanding_the_bug_characteristics_and/Manual_Labelling__Manual_Labelling.xlsx,Sheet1,94
fse2023_understanding_the_bug_characteristics_and:e4a48816afbcac35,fse2023_understanding_the_bug_characteristics_and,federated_learning,https://github.com/FederatedAI/FATE/issues/2834,https://github.com/FederatedAI/FATE/issues/2834,,,,,,Crash,Unsuitable ML/DL Algorithm Selection,Misuse,FATE,,,,,,"{""Bug"": ""https://github.com/FederatedAI/FATE/issues/2834"", ""Bug Stage"": ""Misuse"", ""Framework"": ""FATE"", ""Root Cause"": ""Unsuitable ML/DL Algorithm Selection"", ""Symptom"": ""Crash""}",data/raw_stage1/fse2023_understanding_the_bug_characteristics_and/Manual_Labelling__Manual_Labelling.xlsx,Sheet1,95
fse2023_understanding_the_bug_characteristics_and:5912671871418a8a,fse2023_understanding_the_bug_characteristics_and,federated_learning,https://github.com/FederatedAI/FATE/issues/2817,https://github.com/FederatedAI/FATE/issues/2817,,,,,,Crash,Data-Others,Data Preparation,FATE,,,,,,"{""Bug"": ""https://github.com/FederatedAI/FATE/issues/2817"", ""Bug Stage"": ""Data Preparation"", ""Framework"": ""FATE"", ""Root Cause"": ""Data-Others"", ""Symptom"": ""Crash""}",data/raw_stage1/fse2023_understanding_the_bug_characteristics_and/Manual_Labelling__Manual_Labelling.xlsx,Sheet1,96
fse2023_understanding_the_bug_characteristics_and:e7026aa72c25b455,fse2023_understanding_the_bug_characteristics_and,federated_learning,https://github.com/FederatedAI/FATE/issues/2758,https://github.com/FederatedAI/FATE/issues/2758,,,,,,Poor Performance,Improper Entity Alignment,Aggregation & Update,FATE,,,,,,"{""Bug"": ""https://github.com/FederatedAI/FATE/issues/2758"", ""Bug Stage"": ""Aggregation & Update"", ""Framework"": ""FATE"", ""Root Cause"": ""Improper Entity Alignment"", ""Symptom"": ""Poor Performance""}",data/raw_stage1/fse2023_understanding_the_bug_characteristics_and/Manual_Labelling__Manual_Labelling.xlsx,Sheet1,97
fse2023_understanding_the_bug_characteristics_and:314494a03afe0988,fse2023_understanding_the_bug_characteristics_and,federated_learning,https://github.com/FederatedAI/FATE/issues/2452,https://github.com/FederatedAI/FATE/issues/2452,,,,,,Incorrect Functionality,Unsuitable ML/DL Algorithm Selection,Misuse,FATE,,,,,,"{""Bug"": ""https://github.com/FederatedAI/FATE/issues/2452"", ""Bug Stage"": ""Misuse"", ""Framework"": ""FATE"", ""Root Cause"": ""Unsuitable ML/DL Algorithm Selection"", ""Symptom"": ""Incorrect Functionality""}",data/raw_stage1/fse2023_understanding_the_bug_characteristics_and/Manual_Labelling__Manual_Labelling.xlsx,Sheet1,98
fse2023_understanding_the_bug_characteristics_and:96eef29cfe768140,fse2023_understanding_the_bug_characteristics_and,federated_learning,https://github.com/FederatedAI/FATE/issues/2449,https://github.com/FederatedAI/FATE/issues/2449,,,,,,Connection Refused,Improper Interaction Initialization/Establishment,FL Configuration,FATE,,,,,,"{""Bug"": ""https://github.com/FederatedAI/FATE/issues/2449"", ""Bug Stage"": ""FL Configuration"", ""Framework"": ""FATE"", ""Root Cause"": ""Improper Interaction Initialization/Establishment"", ""Symptom"": ""Connection Refused""}",data/raw_stage1/fse2023_understanding_the_bug_characteristics_and/Manual_Labelling__Manual_Labelling.xlsx,Sheet1,99
fse2023_understanding_the_bug_characteristics_and:b3807fdd74ef10d8,fse2023_understanding_the_bug_characteristics_and,federated_learning,https://github.com/FederatedAI/FATE/issues/2440,https://github.com/FederatedAI/FATE/issues/2440,,,,,,Crash,"Incorrect Data Type, Shape & Format",Data Preparation,FATE,,,,,,"{""Bug"": ""https://github.com/FederatedAI/FATE/issues/2440"", ""Bug Stage"": ""Data Preparation"", ""Framework"": ""FATE"", ""Root Cause"": ""Incorrect Data Type, Shape & Format"", ""Symptom"": ""Crash""}",data/raw_stage1/fse2023_understanding_the_bug_characteristics_and/Manual_Labelling__Manual_Labelling.xlsx,Sheet1,100
fse2023_understanding_the_bug_characteristics_and:b078df069669a34d,fse2023_understanding_the_bug_characteristics_and,federated_learning,https://github.com/FederatedAI/FATE/issues/2412,https://github.com/FederatedAI/FATE/issues/2412,,,,,,Hang,Improper Memory Usage,Environment,FATE,,,,,,"{""Bug"": ""https://github.com/FederatedAI/FATE/issues/2412"", ""Bug Stage"": ""Environment"", ""Framework"": ""FATE"", ""Root Cause"": ""Improper Memory Usage"", ""Symptom"": ""Hang""}",data/raw_stage1/fse2023_understanding_the_bug_characteristics_and/Manual_Labelling__Manual_Labelling.xlsx,Sheet1,101
fse2023_understanding_the_bug_characteristics_and:59a8f8ff5caf1826,fse2023_understanding_the_bug_characteristics_and,federated_learning,https://github.com/FederatedAI/FATE/issues/2332,https://github.com/FederatedAI/FATE/issues/2332,,,,,,Crash,Improper Interaction Initialization/Establishment,FL Configuration,FATE,,,,,,"{""Bug"": ""https://github.com/FederatedAI/FATE/issues/2332"", ""Bug Stage"": ""FL Configuration"", ""Framework"": ""FATE"", ""Root Cause"": ""Improper Interaction Initialization/Establishment"", ""Symptom"": ""Crash""}",data/raw_stage1/fse2023_understanding_the_bug_characteristics_and/Manual_Labelling__Manual_Labelling.xlsx,Sheet1,102
fse2023_understanding_the_bug_characteristics_and:4cbb6734ee9f9e8f,fse2023_understanding_the_bug_characteristics_and,federated_learning,https://github.com/FederatedAI/FATE/issues/2153,https://github.com/FederatedAI/FATE/issues/2153,,,,,,Crash,API Misuse,Misuse,FATE,,,,,,"{""Bug"": ""https://github.com/FederatedAI/FATE/issues/2153"", ""Bug Stage"": ""Misuse"", ""Framework"": ""FATE"", ""Root Cause"": ""API Misuse"", ""Symptom"": ""Crash""}",data/raw_stage1/fse2023_understanding_the_bug_characteristics_and/Manual_Labelling__Manual_Labelling.xlsx,Sheet1,103
fse2023_understanding_the_bug_characteristics_and:5f4da766932837ba,fse2023_understanding_the_bug_characteristics_and,federated_learning,https://github.com/FederatedAI/FATE/issues/2082,https://github.com/FederatedAI/FATE/issues/2082,,,,,,Incorrect Functionality,Improper Memory Usage,FL-Others,FATE,,,,,,"{""Bug"": ""https://github.com/FederatedAI/FATE/issues/2082"", ""Bug Stage"": ""FL-Others"", ""Framework"": ""FATE"", ""Root Cause"": ""Improper Memory Usage"", ""Symptom"": ""Incorrect Functionality""}",data/raw_stage1/fse2023_understanding_the_bug_characteristics_and/Manual_Labelling__Manual_Labelling.xlsx,Sheet1,104
fse2023_understanding_the_bug_characteristics_and:107b34a64ff2b26c,fse2023_understanding_the_bug_characteristics_and,federated_learning,https://github.com/FederatedAI/FATE/issues/1824,https://github.com/FederatedAI/FATE/issues/1824,,,,,,Crash,Incorrect Data Loading,Data Preparation,FATE,,,,,,"{""Bug"": ""https://github.com/FederatedAI/FATE/issues/1824"", ""Bug Stage"": ""Data Preparation"", ""Framework"": ""FATE"", ""Root Cause"": ""Incorrect Data Loading"", ""Symptom"": ""Crash""}",data/raw_stage1/fse2023_understanding_the_bug_characteristics_and/Manual_Labelling__Manual_Labelling.xlsx,Sheet1,105
fse2023_understanding_the_bug_characteristics_and:4b5e35d76974c236,fse2023_understanding_the_bug_characteristics_and,federated_learning,https://github.com/FederatedAI/FATE/issues/1699,https://github.com/FederatedAI/FATE/issues/1699,,,,,,Crash,Unclear Environmental Issue,Environment,FATE,,,,,,"{""Bug"": ""https://github.com/FederatedAI/FATE/issues/1699"", ""Bug Stage"": ""Environment"", ""Framework"": ""FATE"", ""Root Cause"": ""Unclear Environmental Issue"", ""Symptom"": ""Crash""}",data/raw_stage1/fse2023_understanding_the_bug_characteristics_and/Manual_Labelling__Manual_Labelling.xlsx,Sheet1,106
fse2023_understanding_the_bug_characteristics_and:b6e9285b960520b8,fse2023_understanding_the_bug_characteristics_and,federated_learning,https://github.com/FederatedAI/FATE/issues/1670,https://github.com/FederatedAI/FATE/issues/1670,,,,,,Crash,"Incorrect Data Type, Shape & Format",Misuse,FATE,,,,,,"{""Bug"": ""https://github.com/FederatedAI/FATE/issues/1670"", ""Bug Stage"": ""Misuse"", ""Framework"": ""FATE"", ""Root Cause"": ""Incorrect Data Type, Shape & Format"", ""Symptom"": ""Crash""}",data/raw_stage1/fse2023_understanding_the_bug_characteristics_and/Manual_Labelling__Manual_Labelling.xlsx,Sheet1,107
fse2023_understanding_the_bug_characteristics_and:ee2d0018c35fdeeb,fse2023_understanding_the_bug_characteristics_and,federated_learning,https://github.com/FederatedAI/FATE/issues/1624,https://github.com/FederatedAI/FATE/issues/1624,,,,,,Crash,Improper Entity Alignment,Misuse,FATE,,,,,,"{""Bug"": ""https://github.com/FederatedAI/FATE/issues/1624"", ""Bug Stage"": ""Misuse"", ""Framework"": ""FATE"", ""Root Cause"": ""Improper Entity Alignment"", ""Symptom"": ""Crash""}",data/raw_stage1/fse2023_understanding_the_bug_characteristics_and/Manual_Labelling__Manual_Labelling.xlsx,Sheet1,108
fse2023_understanding_the_bug_characteristics_and:0be968c0fe958607,fse2023_understanding_the_bug_characteristics_and,federated_learning,https://github.com/FederatedAI/FATE/issues/1551,https://github.com/FederatedAI/FATE/issues/1551,,,,,,Crash,Incorrect Privacy Mechanisms,Security mechanism,FATE,,,,,,"{""Bug"": ""https://github.com/FederatedAI/FATE/issues/1551"", ""Bug Stage"": ""Security mechanism"", ""Framework"": ""FATE"", ""Root Cause"": ""Incorrect Privacy Mechanisms"", ""Symptom"": ""Crash""}",data/raw_stage1/fse2023_understanding_the_bug_characteristics_and/Manual_Labelling__Manual_Labelling.xlsx,Sheet1,109
fse2023_understanding_the_bug_characteristics_and:18a67b688af9f99c,fse2023_understanding_the_bug_characteristics_and,federated_learning,https://github.com/FederatedAI/FATE/issues/1535,https://github.com/FederatedAI/FATE/issues/1535,,,,,,Connection Refused,Improper Interaction Initialization/Establishment,FL Configuration,FATE,,,,,,"{""Bug"": ""https://github.com/FederatedAI/FATE/issues/1535"", ""Bug Stage"": ""FL Configuration"", ""Framework"": ""FATE"", ""Root Cause"": ""Improper Interaction Initialization/Establishment"", ""Symptom"": ""Connection Refused""}",data/raw_stage1/fse2023_understanding_the_bug_characteristics_and/Manual_Labelling__Manual_Labelling.xlsx,Sheet1,110
fse2023_understanding_the_bug_characteristics_and:97151bf9fdefe160,fse2023_understanding_the_bug_characteristics_and,federated_learning,https://github.com/FederatedAI/FATE/issues/1410,https://github.com/FederatedAI/FATE/issues/1410,,,,,,Incorrect Functionality,Incorrect Privacy Mechanisms,Misuse,FATE,,,,,,"{""Bug"": ""https://github.com/FederatedAI/FATE/issues/1410"", ""Bug Stage"": ""Misuse"", ""Framework"": ""FATE"", ""Root Cause"": ""Incorrect Privacy Mechanisms"", ""Symptom"": ""Incorrect Functionality""}",data/raw_stage1/fse2023_understanding_the_bug_characteristics_and/Manual_Labelling__Manual_Labelling.xlsx,Sheet1,111
fse2023_understanding_the_bug_characteristics_and:6b5153c45c7b2b24,fse2023_understanding_the_bug_characteristics_and,federated_learning,https://github.com/FederatedAI/FATE/issues/1409,https://github.com/FederatedAI/FATE/issues/1409,,,,,,Crash,Data Absence,Deployment,FATE,,,,,,"{""Bug"": ""https://github.com/FederatedAI/FATE/issues/1409"", ""Bug Stage"": ""Deployment"", ""Framework"": ""FATE"", ""Root Cause"": ""Data Absence"", ""Symptom"": ""Crash""}",data/raw_stage1/fse2023_understanding_the_bug_characteristics_and/Manual_Labelling__Manual_Labelling.xlsx,Sheet1,112
fse2023_understanding_the_bug_characteristics_and:cd9f2de92e8fdf73,fse2023_understanding_the_bug_characteristics_and,federated_learning,https://github.com/FederatedAI/FATE/issues/1408,https://github.com/FederatedAI/FATE/issues/1408,,,,,,Poor Performance,Improper Hyperparameter,Model building,FATE,,,,,,"{""Bug"": ""https://github.com/FederatedAI/FATE/issues/1408"", ""Bug Stage"": ""Model building"", ""Framework"": ""FATE"", ""Root Cause"": ""Improper Hyperparameter"", ""Symptom"": ""Poor Performance""}",data/raw_stage1/fse2023_understanding_the_bug_characteristics_and/Manual_Labelling__Manual_Labelling.xlsx,Sheet1,113
fse2023_understanding_the_bug_characteristics_and:cd9f2de92e8fdf73,fse2023_understanding_the_bug_characteristics_and,federated_learning,https://github.com/FederatedAI/FATE/issues/1408,https://github.com/FederatedAI/FATE/issues/1408,,,,,,,,Prediction & Evaluation,FATE,,,,,,"{""Bug"": ""https://github.com/FederatedAI/FATE/issues/1408"", ""Bug Stage"": ""Prediction & Evaluation"", ""Framework"": ""FATE""}",data/raw_stage1/fse2023_understanding_the_bug_characteristics_and/Manual_Labelling__Manual_Labelling.xlsx,Sheet1,114
fse2023_understanding_the_bug_characteristics_and:e80a70bd21a8a83b,fse2023_understanding_the_bug_characteristics_and,federated_learning,https://github.com/FederatedAI/FATE/issues/1399,https://github.com/FederatedAI/FATE/issues/1399,,,,,,Low Efficiency,Improper Memory Usage,Client computation,FATE,,,,,,"{""Bug"": ""https://github.com/FederatedAI/FATE/issues/1399"", ""Bug Stage"": ""Client computation"", ""Framework"": ""FATE"", ""Root Cause"": ""Improper Memory Usage"", ""Symptom"": ""Low Efficiency""}",data/raw_stage1/fse2023_understanding_the_bug_characteristics_and/Manual_Labelling__Manual_Labelling.xlsx,Sheet1,115
fse2023_understanding_the_bug_characteristics_and:65dddd2a7639afc6,fse2023_understanding_the_bug_characteristics_and,federated_learning,https://github.com/FederatedAI/FATE/issues/1377,https://github.com/FederatedAI/FATE/issues/1377,,,,,,Crash,Framework Evolution,Framework evolution,FATE,,,,,,"{""Bug"": ""https://github.com/FederatedAI/FATE/issues/1377"", ""Bug Stage"": ""Framework evolution"", ""Framework"": ""FATE"", ""Root Cause"": ""Framework Evolution"", ""Symptom"": ""Crash""}",data/raw_stage1/fse2023_understanding_the_bug_characteristics_and/Manual_Labelling__Manual_Labelling.xlsx,Sheet1,116
fse2023_understanding_the_bug_characteristics_and:ec018116431e33ce,fse2023_understanding_the_bug_characteristics_and,federated_learning,https://github.com/FederatedAI/FATE/issues/1376,https://github.com/FederatedAI/FATE/issues/1376,,,,,,Crash,"Incorrect Data Type, Shape & Format",Model building,FATE,,,,,,"{""Bug"": ""https://github.com/FederatedAI/FATE/issues/1376"", ""Bug Stage"": ""Model building"", ""Framework"": ""FATE"", ""Root Cause"": ""Incorrect Data Type, Shape & Format"", ""Symptom"": ""Crash""}",data/raw_stage1/fse2023_understanding_the_bug_characteristics_and/Manual_Labelling__Manual_Labelling.xlsx,Sheet1,117
fse2023_understanding_the_bug_characteristics_and:6cd0b5d4dece556a,fse2023_understanding_the_bug_characteristics_and,federated_learning,https://github.com/FederatedAI/FATE/issues/1374,https://github.com/FederatedAI/FATE/issues/1374,,,,,,Incorrect Functionality,Incorrect Parameter/Message Transfer,Client computation,FATE,,,,,,"{""Bug"": ""https://github.com/FederatedAI/FATE/issues/1374"", ""Bug Stage"": ""Client computation"", ""Framework"": ""FATE"", ""Root Cause"": ""Incorrect Parameter/Message Transfer"", ""Symptom"": ""Incorrect Functionality""}",data/raw_stage1/fse2023_understanding_the_bug_characteristics_and/Manual_Labelling__Manual_Labelling.xlsx,Sheet1,118
fse2023_understanding_the_bug_characteristics_and:fb1f0584f77bcd15,fse2023_understanding_the_bug_characteristics_and,federated_learning,https://github.com/FederatedAI/FATE/issues/1373,https://github.com/FederatedAI/FATE/issues/1373,,,,,,Crash,Unclear Environmental Issue,Environment,FATE,,,,,,"{""Bug"": ""https://github.com/FederatedAI/FATE/issues/1373"", ""Bug Stage"": ""Environment"", ""Framework"": ""FATE"", ""Root Cause"": ""Unclear Environmental Issue"", ""Symptom"": ""Crash""}",data/raw_stage1/fse2023_understanding_the_bug_characteristics_and/Manual_Labelling__Manual_Labelling.xlsx,Sheet1,119
fse2023_understanding_the_bug_characteristics_and:75caa9b1e1b56f7a,fse2023_understanding_the_bug_characteristics_and,federated_learning,https://github.com/FederatedAI/FATE/issues/1247,https://github.com/FederatedAI/FATE/issues/1247,,,,,,Security Risk,Improper Interaction Initialization/Establishment,Security mechanism,FATE,,,,,,"{""Bug"": ""https://github.com/FederatedAI/FATE/issues/1247"", ""Bug Stage"": ""Security mechanism"", ""Framework"": ""FATE"", ""Root Cause"": ""Improper Interaction Initialization/Establishment"", ""Symptom"": ""Security Risk""}",data/raw_stage1/fse2023_understanding_the_bug_characteristics_and/Manual_Labelling__Manual_Labelling.xlsx,Sheet1,120
fse2023_understanding_the_bug_characteristics_and:2c1c15102a3b8575,fse2023_understanding_the_bug_characteristics_and,federated_learning,https://github.com/FederatedAI/FATE/issues/1157,https://github.com/FederatedAI/FATE/issues/1157,,,,,,Crash,Incorrect FL Algorithm Implementation,Aggregation & Update,FATE,,,,,,"{""Bug"": ""https://github.com/FederatedAI/FATE/issues/1157"", ""Bug Stage"": ""Aggregation & Update"", ""Framework"": ""FATE"", ""Root Cause"": ""Incorrect FL Algorithm Implementation"", ""Symptom"": ""Crash""}",data/raw_stage1/fse2023_understanding_the_bug_characteristics_and/Manual_Labelling__Manual_Labelling.xlsx,Sheet1,121
fse2023_understanding_the_bug_characteristics_and:8e6cfc982b4d4867,fse2023_understanding_the_bug_characteristics_and,federated_learning,https://github.com/FederatedAI/FATE/issues/1156,https://github.com/FederatedAI/FATE/issues/1156,,,,,,Deployment Failure,Incorrect FL Setup/Configuration,Dependency,FATE,,,,,,"{""Bug"": ""https://github.com/FederatedAI/FATE/issues/1156"", ""Bug Stage"": ""Dependency"", ""Framework"": ""FATE"", ""Root Cause"": ""Incorrect FL Setup/Configuration"", ""Symptom"": ""Deployment Failure""}",data/raw_stage1/fse2023_understanding_the_bug_characteristics_and/Manual_Labelling__Manual_Labelling.xlsx,Sheet1,122
fse2023_understanding_the_bug_characteristics_and:a199251a26c2743a,fse2023_understanding_the_bug_characteristics_and,federated_learning,https://github.com/FederatedAI/FATE/issues/1089,https://github.com/FederatedAI/FATE/issues/1089,,,,,,Crash,"Incorrect Data Type, Shape & Format",Prediction & Evaluation,FATE,,,,,,"{""Bug"": ""https://github.com/FederatedAI/FATE/issues/1089"", ""Bug Stage"": ""Prediction & Evaluation"", ""Framework"": ""FATE"", ""Root Cause"": ""Incorrect Data Type, Shape & Format"", ""Symptom"": ""Crash""}",data/raw_stage1/fse2023_understanding_the_bug_characteristics_and/Manual_Labelling__Manual_Labelling.xlsx,Sheet1,123
fse2023_understanding_the_bug_characteristics_and:4156d76a66218614,fse2023_understanding_the_bug_characteristics_and,federated_learning,https://github.com/FederatedAI/FATE/issues/1060,https://github.com/FederatedAI/FATE/issues/1060,,,,,,Crash,API Misuse,Misuse,FATE,,,,,,"{""Bug"": ""https://github.com/FederatedAI/FATE/issues/1060"", ""Bug Stage"": ""Misuse"", ""Framework"": ""FATE"", ""Root Cause"": ""API Misuse"", ""Symptom"": ""Crash""}",data/raw_stage1/fse2023_understanding_the_bug_characteristics_and/Manual_Labelling__Manual_Labelling.xlsx,Sheet1,124
fse2023_understanding_the_bug_characteristics_and:349051490c035bc4,fse2023_understanding_the_bug_characteristics_and,federated_learning,https://github.com/FederatedAI/FATE/issues/1047,https://github.com/FederatedAI/FATE/issues/1047,,,,,,Crash,Data Absence,Broadcast,FATE,,,,,,"{""Bug"": ""https://github.com/FederatedAI/FATE/issues/1047"", ""Bug Stage"": ""Broadcast"", ""Framework"": ""FATE"", ""Root Cause"": ""Data Absence"", ""Symptom"": ""Crash""}",data/raw_stage1/fse2023_understanding_the_bug_characteristics_and/Manual_Labelling__Manual_Labelling.xlsx,Sheet1,125
fse2023_understanding_the_bug_characteristics_and:45ac29b72f54e001,fse2023_understanding_the_bug_characteristics_and,federated_learning,https://github.com/FederatedAI/FATE/issues/1009,https://github.com/FederatedAI/FATE/issues/1009,,,,,,Crash,Improper Entity Alignment,Transformation & Transfer,FATE,,,,,,"{""Bug"": ""https://github.com/FederatedAI/FATE/issues/1009"", ""Bug Stage"": ""Transformation & Transfer"", ""Framework"": ""FATE"", ""Root Cause"": ""Improper Entity Alignment"", ""Symptom"": ""Crash""}",data/raw_stage1/fse2023_understanding_the_bug_characteristics_and/Manual_Labelling__Manual_Labelling.xlsx,Sheet1,126
fse2023_understanding_the_bug_characteristics_and:74fa2dee5565491f,fse2023_understanding_the_bug_characteristics_and,federated_learning,https://github.com/FederatedAI/FATE/issues/980,https://github.com/FederatedAI/FATE/issues/980,,,,,,Crash,Dependency Incompatibility,Dependency,FATE,,,,,,"{""Bug"": ""https://github.com/FederatedAI/FATE/issues/980"", ""Bug Stage"": ""Dependency"", ""Framework"": ""FATE"", ""Root Cause"": ""Dependency Incompatibility"", ""Symptom"": ""Crash""}",data/raw_stage1/fse2023_understanding_the_bug_characteristics_and/Manual_Labelling__Manual_Labelling.xlsx,Sheet1,127
fse2023_understanding_the_bug_characteristics_and:2a5a7208d2e77bf4,fse2023_understanding_the_bug_characteristics_and,federated_learning,https://github.com/FederatedAI/FATE/issues/938,https://github.com/FederatedAI/FATE/issues/938,,,,,,Deployment Failure,Incorrect FL Setup/Configuration,Deployment,FATE,,,,,,"{""Bug"": ""https://github.com/FederatedAI/FATE/issues/938"", ""Bug Stage"": ""Deployment"", ""Framework"": ""FATE"", ""Root Cause"": ""Incorrect FL Setup/Configuration"", ""Symptom"": ""Deployment Failure""}",data/raw_stage1/fse2023_understanding_the_bug_characteristics_and/Manual_Labelling__Manual_Labelling.xlsx,Sheet1,128
fse2023_understanding_the_bug_characteristics_and:bdc4dc5c8729879a,fse2023_understanding_the_bug_characteristics_and,federated_learning,https://github.com/FederatedAI/FATE/issues/887,https://github.com/FederatedAI/FATE/issues/887,,,,,,Crash,Incorrect Data Split,Data Preparation,FATE,,,,,,"{""Bug"": ""https://github.com/FederatedAI/FATE/issues/887"", ""Bug Stage"": ""Data Preparation"", ""Framework"": ""FATE"", ""Root Cause"": ""Incorrect Data Split"", ""Symptom"": ""Crash""}",data/raw_stage1/fse2023_understanding_the_bug_characteristics_and/Manual_Labelling__Manual_Labelling.xlsx,Sheet1,129
fse2023_understanding_the_bug_characteristics_and:5e6c54d7298cdc61,fse2023_understanding_the_bug_characteristics_and,federated_learning,https://github.com/FederatedAI/FATE/issues/872,https://github.com/FederatedAI/FATE/issues/872,,,,,,Crash,Improper Hyperparameter,Transformation & Transfer,FATE,,,,,,"{""Bug"": ""https://github.com/FederatedAI/FATE/issues/872"", ""Bug Stage"": ""Transformation & Transfer"", ""Framework"": ""FATE"", ""Root Cause"": ""Improper Hyperparameter"", ""Symptom"": ""Crash""}",data/raw_stage1/fse2023_understanding_the_bug_characteristics_and/Manual_Labelling__Manual_Labelling.xlsx,Sheet1,130
fse2023_understanding_the_bug_characteristics_and:17d8360cf5a77977,fse2023_understanding_the_bug_characteristics_and,federated_learning,https://github.com/FederatedAI/FATE/issues/869,https://github.com/FederatedAI/FATE/issues/869,,,,,,Security Risk,Missing Privacy Protection,Aggregation & Update,FATE,,,,,,"{""Bug"": ""https://github.com/FederatedAI/FATE/issues/869"", ""Bug Stage"": ""Aggregation & Update"", ""Framework"": ""FATE"", ""Root Cause"": ""Missing Privacy Protection"", ""Symptom"": ""Security Risk""}",data/raw_stage1/fse2023_understanding_the_bug_characteristics_and/Manual_Labelling__Manual_Labelling.xlsx,Sheet1,131
fse2023_understanding_the_bug_characteristics_and:dfb39b28a3a6f47a,fse2023_understanding_the_bug_characteristics_and,federated_learning,https://github.com/FederatedAI/FATE/issues/777,https://github.com/FederatedAI/FATE/issues/777,,,,,,Crash,"Incorrect Data Type, Shape & Format",Client computation,FATE,,,,,,"{""Bug"": ""https://github.com/FederatedAI/FATE/issues/777"", ""Bug Stage"": ""Client computation"", ""Framework"": ""FATE"", ""Root Cause"": ""Incorrect Data Type, Shape & Format"", ""Symptom"": ""Crash""}",data/raw_stage1/fse2023_understanding_the_bug_characteristics_and/Manual_Labelling__Manual_Labelling.xlsx,Sheet1,132
fse2023_understanding_the_bug_characteristics_and:55516c56c62c532e,fse2023_understanding_the_bug_characteristics_and,federated_learning,https://github.com/FederatedAI/FATE/issues/733,https://github.com/FederatedAI/FATE/issues/733,,,,,,Connection Refused,Unclear Environmental Issue,Environment,FATE,,,,,,"{""Bug"": ""https://github.com/FederatedAI/FATE/issues/733"", ""Bug Stage"": ""Environment"", ""Framework"": ""FATE"", ""Root Cause"": ""Unclear Environmental Issue"", ""Symptom"": ""Connection Refused""}",data/raw_stage1/fse2023_understanding_the_bug_characteristics_and/Manual_Labelling__Manual_Labelling.xlsx,Sheet1,133
fse2023_understanding_the_bug_characteristics_and:c97d83c4859b4ade,fse2023_understanding_the_bug_characteristics_and,federated_learning,https://github.com/FederatedAI/FATE/issues/701,https://github.com/FederatedAI/FATE/issues/701,,,,,,Crash,Missing/Incorrect Exception Checking,FL-Others,FATE,,,,,,"{""Bug"": ""https://github.com/FederatedAI/FATE/issues/701"", ""Bug Stage"": ""FL-Others"", ""Framework"": ""FATE"", ""Root Cause"": ""Missing/Incorrect Exception Checking"", ""Symptom"": ""Crash""}",data/raw_stage1/fse2023_understanding_the_bug_characteristics_and/Manual_Labelling__Manual_Labelling.xlsx,Sheet1,134
fse2023_understanding_the_bug_characteristics_and:f230180759267249,fse2023_understanding_the_bug_characteristics_and,federated_learning,https://github.com/FederatedAI/FATE/issues/700,https://github.com/FederatedAI/FATE/issues/700,,,,,,Security Risk,Missing/Incorrect Exception Checking,Security mechanism,FATE,,,,,,"{""Bug"": ""https://github.com/FederatedAI/FATE/issues/700"", ""Bug Stage"": ""Security mechanism"", ""Framework"": ""FATE"", ""Root Cause"": ""Missing/Incorrect Exception Checking"", ""Symptom"": ""Security Risk""}",data/raw_stage1/fse2023_understanding_the_bug_characteristics_and/Manual_Labelling__Manual_Labelling.xlsx,Sheet1,135
fse2023_understanding_the_bug_characteristics_and:bf199672cdafd9a6,fse2023_understanding_the_bug_characteristics_and,federated_learning,https://github.com/FederatedAI/FATE/issues/697,https://github.com/FederatedAI/FATE/issues/697,,,,,,Crash,"Incorrect Data Type, Shape & Format",Client computation,FATE,,,,,,"{""Bug"": ""https://github.com/FederatedAI/FATE/issues/697"", ""Bug Stage"": ""Client computation"", ""Framework"": ""FATE"", ""Root Cause"": ""Incorrect Data Type, Shape & Format"", ""Symptom"": ""Crash""}",data/raw_stage1/fse2023_understanding_the_bug_characteristics_and/Manual_Labelling__Manual_Labelling.xlsx,Sheet1,136
fse2023_understanding_the_bug_characteristics_and:ef47cda7c0208123,fse2023_understanding_the_bug_characteristics_and,federated_learning,https://github.com/FederatedAI/FATE/issues/695,https://github.com/FederatedAI/FATE/issues/695,,,,,,Crash,Improper Model Evaluation,Client computation,FATE,,,,,,"{""Bug"": ""https://github.com/FederatedAI/FATE/issues/695"", ""Bug Stage"": ""Client computation"", ""Framework"": ""FATE"", ""Root Cause"": ""Improper Model Evaluation"", ""Symptom"": ""Crash""}",data/raw_stage1/fse2023_understanding_the_bug_characteristics_and/Manual_Labelling__Manual_Labelling.xlsx,Sheet1,137
fse2023_understanding_the_bug_characteristics_and:c0681e66989fc572,fse2023_understanding_the_bug_characteristics_and,federated_learning,https://github.com/FederatedAI/FATE/issues/646,https://github.com/FederatedAI/FATE/issues/646,,,,,,Incorrect Functionality,Incorrect FL Algorithm Implementation,Client computation,FATE,,,,,,"{""Bug"": ""https://github.com/FederatedAI/FATE/issues/646"", ""Bug Stage"": ""Client computation"", ""Framework"": ""FATE"", ""Root Cause"": ""Incorrect FL Algorithm Implementation"", ""Symptom"": ""Incorrect Functionality""}",data/raw_stage1/fse2023_understanding_the_bug_characteristics_and/Manual_Labelling__Manual_Labelling.xlsx,Sheet1,138
fse2023_understanding_the_bug_characteristics_and:733a759a3e61e57c,fse2023_understanding_the_bug_characteristics_and,federated_learning,https://github.com/FederatedAI/FATE/issues/632,https://github.com/FederatedAI/FATE/issues/632,,,,,,Crash,Unclear Environmental Issue,Environment,FATE,,,,,,"{""Bug"": ""https://github.com/FederatedAI/FATE/issues/632"", ""Bug Stage"": ""Environment"", ""Framework"": ""FATE"", ""Root Cause"": ""Unclear Environmental Issue"", ""Symptom"": ""Crash""}",data/raw_stage1/fse2023_understanding_the_bug_characteristics_and/Manual_Labelling__Manual_Labelling.xlsx,Sheet1,139
fse2023_understanding_the_bug_characteristics_and:0bf704dd4048a642,fse2023_understanding_the_bug_characteristics_and,federated_learning,https://github.com/FederatedAI/FATE/issues/625,https://github.com/FederatedAI/FATE/issues/625,,,,,,Crash,Unclear Environmental Issue,Environment,FATE,,,,,,"{""Bug"": ""https://github.com/FederatedAI/FATE/issues/625"", ""Bug Stage"": ""Environment"", ""Framework"": ""FATE"", ""Root Cause"": ""Unclear Environmental Issue"", ""Symptom"": ""Crash""}",data/raw_stage1/fse2023_understanding_the_bug_characteristics_and/Manual_Labelling__Manual_Labelling.xlsx,Sheet1,140
fse2023_understanding_the_bug_characteristics_and:23e541ff868e9382,fse2023_understanding_the_bug_characteristics_and,federated_learning,https://github.com/FederatedAI/FATE/issues/566,https://github.com/FederatedAI/FATE/issues/566,,,,,,Crash,Others,FL Configuration,FATE,,,,,,"{""Bug"": ""https://github.com/FederatedAI/FATE/issues/566"", ""Bug Stage"": ""FL Configuration"", ""Framework"": ""FATE"", ""Root Cause"": ""Others"", ""Symptom"": ""Crash""}",data/raw_stage1/fse2023_understanding_the_bug_characteristics_and/Manual_Labelling__Manual_Labelling.xlsx,Sheet1,141
fse2023_understanding_the_bug_characteristics_and:401ea2bd5b6455d0,fse2023_understanding_the_bug_characteristics_and,federated_learning,https://github.com/FederatedAI/FATE/issues/549,https://github.com/FederatedAI/FATE/issues/549,,,,,,Deployment Failure,Incorrect FL Setup/Configuration,Deployment,FATE,,,,,,"{""Bug"": ""https://github.com/FederatedAI/FATE/issues/549"", ""Bug Stage"": ""Deployment"", ""Framework"": ""FATE"", ""Root Cause"": ""Incorrect FL Setup/Configuration"", ""Symptom"": ""Deployment Failure""}",data/raw_stage1/fse2023_understanding_the_bug_characteristics_and/Manual_Labelling__Manual_Labelling.xlsx,Sheet1,142
fse2023_understanding_the_bug_characteristics_and:fe4017c5df09e965,fse2023_understanding_the_bug_characteristics_and,federated_learning,https://github.com/FederatedAI/FATE/issues/540,https://github.com/FederatedAI/FATE/issues/540,,,,,,Crash,Incorrect FL Algorithm Implementation,Model building,FATE,,,,,,"{""Bug"": ""https://github.com/FederatedAI/FATE/issues/540"", ""Bug Stage"": ""Model building"", ""Framework"": ""FATE"", ""Root Cause"": ""Incorrect FL Algorithm Implementation"", ""Symptom"": ""Crash""}",data/raw_stage1/fse2023_understanding_the_bug_characteristics_and/Manual_Labelling__Manual_Labelling.xlsx,Sheet1,143
fse2023_understanding_the_bug_characteristics_and:b07191fb629778bd,fse2023_understanding_the_bug_characteristics_and,federated_learning,https://github.com/FederatedAI/FATE/issues/518,https://github.com/FederatedAI/FATE/issues/518,,,,,,Deployment Failure,Incorrect FL Setup/Configuration,Deployment,FATE,,,,,,"{""Bug"": ""https://github.com/FederatedAI/FATE/issues/518"", ""Bug Stage"": ""Deployment"", ""Framework"": ""FATE"", ""Root Cause"": ""Incorrect FL Setup/Configuration"", ""Symptom"": ""Deployment Failure""}",data/raw_stage1/fse2023_understanding_the_bug_characteristics_and/Manual_Labelling__Manual_Labelling.xlsx,Sheet1,144
fse2023_understanding_the_bug_characteristics_and:883a77c492795d56,fse2023_understanding_the_bug_characteristics_and,federated_learning,https://github.com/FederatedAI/FATE/issues/390,https://github.com/FederatedAI/FATE/issues/390,,,,,,Deployment Failure,Incorrect FL Setup/Configuration,Deployment,FATE,,,,,,"{""Bug"": ""https://github.com/FederatedAI/FATE/issues/390"", ""Bug Stage"": ""Deployment"", ""Framework"": ""FATE"", ""Root Cause"": ""Incorrect FL Setup/Configuration"", ""Symptom"": ""Deployment Failure""}",data/raw_stage1/fse2023_understanding_the_bug_characteristics_and/Manual_Labelling__Manual_Labelling.xlsx,Sheet1,145
fse2023_understanding_the_bug_characteristics_and:f5a9a45967f9c808,fse2023_understanding_the_bug_characteristics_and,federated_learning,https://github.com/FederatedAI/FATE/issues/313,https://github.com/FederatedAI/FATE/issues/313,,,,,,Unknown,Data Absence,User interface,FATE,,,,,,"{""Bug"": ""https://github.com/FederatedAI/FATE/issues/313"", ""Bug Stage"": ""User interface"", ""Framework"": ""FATE"", ""Root Cause"": ""Data Absence"", ""Symptom"": ""Unknown""}",data/raw_stage1/fse2023_understanding_the_bug_characteristics_and/Manual_Labelling__Manual_Labelling.xlsx,Sheet1,146
fse2023_understanding_the_bug_characteristics_and:eb421e3a3a321652,fse2023_understanding_the_bug_characteristics_and,federated_learning,https://github.com/FederatedAI/FATE/issues/230,https://github.com/FederatedAI/FATE/issues/230,,,,,,Crash,Wrong/Missing Dependency Import,Data Preparation,FATE,,,,,,"{""Bug"": ""https://github.com/FederatedAI/FATE/issues/230"", ""Bug Stage"": ""Data Preparation"", ""Framework"": ""FATE"", ""Root Cause"": ""Wrong/Missing Dependency Import"", ""Symptom"": ""Crash""}",data/raw_stage1/fse2023_understanding_the_bug_characteristics_and/Manual_Labelling__Manual_Labelling.xlsx,Sheet1,147
fse2023_understanding_the_bug_characteristics_and:1ad23460ce152e63,fse2023_understanding_the_bug_characteristics_and,federated_learning,https://github.com/FederatedAI/FATE/issues/229,https://github.com/FederatedAI/FATE/issues/229,,,,,,Hang,Incorrect FL Setup/Configuration,Deployment,FATE,,,,,,"{""Bug"": ""https://github.com/FederatedAI/FATE/issues/229"", ""Bug Stage"": ""Deployment"", ""Framework"": ""FATE"", ""Root Cause"": ""Incorrect FL Setup/Configuration"", ""Symptom"": ""Hang""}",data/raw_stage1/fse2023_understanding_the_bug_characteristics_and/Manual_Labelling__Manual_Labelling.xlsx,Sheet1,148
fse2023_understanding_the_bug_characteristics_and:211371fbc435f775,fse2023_understanding_the_bug_characteristics_and,federated_learning,https://github.com/FederatedAI/FATE/issues/182,https://github.com/FederatedAI/FATE/issues/182,,,,,,Crash,Dependency Incompatibility,Dependency,FATE,,,,,,"{""Bug"": ""https://github.com/FederatedAI/FATE/issues/182"", ""Bug Stage"": ""Dependency"", ""Framework"": ""FATE"", ""Root Cause"": ""Dependency Incompatibility"", ""Symptom"": ""Crash""}",data/raw_stage1/fse2023_understanding_the_bug_characteristics_and/Manual_Labelling__Manual_Labelling.xlsx,Sheet1,149
fse2023_understanding_the_bug_characteristics_and:299e217055cc16fd,fse2023_understanding_the_bug_characteristics_and,federated_learning,https://github.com/FederatedAI/FATE/issues/170,https://github.com/FederatedAI/FATE/issues/170,,,,,,Incorrect Functionality,"Incorrect Data Type, Shape & Format",Prediction & Evaluation,FATE,,,,,,"{""Bug"": ""https://github.com/FederatedAI/FATE/issues/170"", ""Bug Stage"": ""Prediction & Evaluation"", ""Framework"": ""FATE"", ""Root Cause"": ""Incorrect Data Type, Shape & Format"", ""Symptom"": ""Incorrect Functionality""}",data/raw_stage1/fse2023_understanding_the_bug_characteristics_and/Manual_Labelling__Manual_Labelling.xlsx,Sheet1,150
fse2023_understanding_the_bug_characteristics_and:7f9773de2796f703,fse2023_understanding_the_bug_characteristics_and,federated_learning,https://github.com/FederatedAI/FATE/issues/135,https://github.com/FederatedAI/FATE/issues/135,,,,,,Deployment Failure,Incorrect FL Setup/Configuration,Deployment,FATE,,,,,,"{""Bug"": ""https://github.com/FederatedAI/FATE/issues/135"", ""Bug Stage"": ""Deployment"", ""Framework"": ""FATE"", ""Root Cause"": ""Incorrect FL Setup/Configuration"", ""Symptom"": ""Deployment Failure""}",data/raw_stage1/fse2023_understanding_the_bug_characteristics_and/Manual_Labelling__Manual_Labelling.xlsx,Sheet1,151
fse2023_understanding_the_bug_characteristics_and:378ecd45f1aa4252,fse2023_understanding_the_bug_characteristics_and,federated_learning,https://github.com/FederatedAI/FATE/issues/101,https://github.com/FederatedAI/FATE/issues/101,,,,,,Incorrect Functionality,Incorrect FL Algorithm Implementation,Model building,FATE,,,,,,"{""Bug"": ""https://github.com/FederatedAI/FATE/issues/101"", ""Bug Stage"": ""Model building"", ""Framework"": ""FATE"", ""Root Cause"": ""Incorrect FL Algorithm Implementation"", ""Symptom"": ""Incorrect Functionality""}",data/raw_stage1/fse2023_understanding_the_bug_characteristics_and/Manual_Labelling__Manual_Labelling.xlsx,Sheet1,152
fse2023_understanding_the_bug_characteristics_and:9d7bc1092f63fa0a,fse2023_understanding_the_bug_characteristics_and,federated_learning,https://github.com/FederatedAI/FATE/issues/93,https://github.com/FederatedAI/FATE/issues/93,,,,,,Incorrect Functionality,Incorrect FL Algorithm Implementation,Model building,FATE,,,,,,"{""Bug"": ""https://github.com/FederatedAI/FATE/issues/93"", ""Bug Stage"": ""Model building"", ""Framework"": ""FATE"", ""Root Cause"": ""Incorrect FL Algorithm Implementation"", ""Symptom"": ""Incorrect Functionality""}",data/raw_stage1/fse2023_understanding_the_bug_characteristics_and/Manual_Labelling__Manual_Labelling.xlsx,Sheet1,153
fse2023_understanding_the_bug_characteristics_and:21c2f129f797577f,fse2023_understanding_the_bug_characteristics_and,federated_learning,https://github.com/FederatedAI/FATE/issues/77,https://github.com/FederatedAI/FATE/issues/77,,,,,,Unknown,Missing/Incorrect Exception Checking,Data Preparation,FATE,,,,,,"{""Bug"": ""https://github.com/FederatedAI/FATE/issues/77"", ""Bug Stage"": ""Data Preparation"", ""Framework"": ""FATE"", ""Root Cause"": ""Missing/Incorrect Exception Checking"", ""Symptom"": ""Unknown""}",data/raw_stage1/fse2023_understanding_the_bug_characteristics_and/Manual_Labelling__Manual_Labelling.xlsx,Sheet1,154
fse2023_understanding_the_bug_characteristics_and:77ac41e9703bfa24,fse2023_understanding_the_bug_characteristics_and,federated_learning,https://github.com/FederatedAI/FATE/issues/55,https://github.com/FederatedAI/FATE/issues/55,,,,,,Low Efficiency,Missing/Incorrect Exception Checking,Dependency,FATE,,,,,,"{""Bug"": ""https://github.com/FederatedAI/FATE/issues/55"", ""Bug Stage"": ""Dependency"", ""Framework"": ""FATE"", ""Root Cause"": ""Missing/Incorrect Exception Checking"", ""Symptom"": ""Low Efficiency""}",data/raw_stage1/fse2023_understanding_the_bug_characteristics_and/Manual_Labelling__Manual_Labelling.xlsx,Sheet1,155
fse2023_understanding_the_bug_characteristics_and:08e0ddad455f3b96,fse2023_understanding_the_bug_characteristics_and,federated_learning,https://github.com/FederatedAI/FATE/issues/43,https://github.com/FederatedAI/FATE/issues/43,,,,,,Crash,Unclear Environmental Issue,Environment,FATE,,,,,,"{""Bug"": ""https://github.com/FederatedAI/FATE/issues/43"", ""Bug Stage"": ""Environment"", ""Framework"": ""FATE"", ""Root Cause"": ""Unclear Environmental Issue"", ""Symptom"": ""Crash""}",data/raw_stage1/fse2023_understanding_the_bug_characteristics_and/Manual_Labelling__Manual_Labelling.xlsx,Sheet1,156
fse2023_understanding_the_bug_characteristics_and:e78c352e7e5c6095,fse2023_understanding_the_bug_characteristics_and,federated_learning,https://github.com/FederatedAI/FATE/issues/27,https://github.com/FederatedAI/FATE/issues/27,,,,,,Crash,Incorrect FL Algorithm Implementation,Client computation,FATE,,,,,,"{""Bug"": ""https://github.com/FederatedAI/FATE/issues/27"", ""Bug Stage"": ""Client computation"", ""Framework"": ""FATE"", ""Root Cause"": ""Incorrect FL Algorithm Implementation"", ""Symptom"": ""Crash""}",data/raw_stage1/fse2023_understanding_the_bug_characteristics_and/Manual_Labelling__Manual_Labelling.xlsx,Sheet1,157
fse2023_understanding_the_bug_characteristics_and:8b48fedae8d9703d,fse2023_understanding_the_bug_characteristics_and,federated_learning,https://github.com/tensorflow/federated/issues/3035,https://github.com/tensorflow/federated/issues/3035,,,,,,Crash,API Misuse,Misuse,TFF,,,,,,"{""Bug"": ""https://github.com/tensorflow/federated/issues/3035"", ""Bug Stage"": ""Misuse"", ""Framework"": ""TFF"", ""Root Cause"": ""API Misuse"", ""Symptom"": ""Crash""}",data/raw_stage1/fse2023_understanding_the_bug_characteristics_and/Manual_Labelling__Manual_Labelling.xlsx,Sheet1,158
fse2023_understanding_the_bug_characteristics_and:1630ef67b941a0b8,fse2023_understanding_the_bug_characteristics_and,federated_learning,https://github.com/tensorflow/federated/issues/2768,https://github.com/tensorflow/federated/issues/2768,,,,,,Poor Performance,Incorrect Training Strategy,Client Computation,TFF,,,,,,"{""Bug"": ""https://github.com/tensorflow/federated/issues/2768"", ""Bug Stage"": ""Client Computation"", ""Framework"": ""TFF"", ""Root Cause"": ""Incorrect Training Strategy"", ""Symptom"": ""Poor Performance""}",data/raw_stage1/fse2023_understanding_the_bug_characteristics_and/Manual_Labelling__Manual_Labelling.xlsx,Sheet1,159
fse2023_understanding_the_bug_characteristics_and:40f3a35dfe3befca,fse2023_understanding_the_bug_characteristics_and,federated_learning,https://github.com/tensorflow/federated/issues/2659,https://github.com/tensorflow/federated/issues/2659,,,,,,Crash,Framework Evolution,Framework evolution,TFF,,,,,,"{""Bug"": ""https://github.com/tensorflow/federated/issues/2659"", ""Bug Stage"": ""Framework evolution"", ""Framework"": ""TFF"", ""Root Cause"": ""Framework Evolution"", ""Symptom"": ""Crash""}",data/raw_stage1/fse2023_understanding_the_bug_characteristics_and/Manual_Labelling__Manual_Labelling.xlsx,Sheet1,160
fse2023_understanding_the_bug_characteristics_and:08c4a40e7d321b51,fse2023_understanding_the_bug_characteristics_and,federated_learning,https://github.com/tensorflow/federated/issues/1811,https://github.com/tensorflow/federated/issues/1811,,,,,,Crash,Incorrect FL Algorithm Implementation,Aggregation & Update,TFF,,,,,,"{""Bug"": ""https://github.com/tensorflow/federated/issues/1811"", ""Bug Stage"": ""Aggregation & Update"", ""Framework"": ""TFF"", ""Root Cause"": ""Incorrect FL Algorithm Implementation"", ""Symptom"": ""Crash""}",data/raw_stage1/fse2023_understanding_the_bug_characteristics_and/Manual_Labelling__Manual_Labelling.xlsx,Sheet1,161
fse2023_understanding_the_bug_characteristics_and:fb491bc9e9df52cb,fse2023_understanding_the_bug_characteristics_and,federated_learning,https://github.com/tensorflow/federated/issues/1570,https://github.com/tensorflow/federated/issues/1570,,,,,,Crash,Incorrect Privacy Mechanisms,Model building,TFF,,,,,,"{""Bug"": ""https://github.com/tensorflow/federated/issues/1570"", ""Bug Stage"": ""Model building"", ""Framework"": ""TFF"", ""Root Cause"": ""Incorrect Privacy Mechanisms"", ""Symptom"": ""Crash""}",data/raw_stage1/fse2023_understanding_the_bug_characteristics_and/Manual_Labelling__Manual_Labelling.xlsx,Sheet1,162
fse2023_understanding_the_bug_characteristics_and:6f63d307eb8b6c04,fse2023_understanding_the_bug_characteristics_and,federated_learning,https://github.com/tensorflow/federated/issues/1245,https://github.com/tensorflow/federated/issues/1245,,,,,,Incorrect Functionality,Improper Memory Usage,Data Preparation,TFF,,,,,,"{""Bug"": ""https://github.com/tensorflow/federated/issues/1245"", ""Bug Stage"": ""Data Preparation"", ""Framework"": ""TFF"", ""Root Cause"": ""Improper Memory Usage"", ""Symptom"": ""Incorrect Functionality""}",data/raw_stage1/fse2023_understanding_the_bug_characteristics_and/Manual_Labelling__Manual_Labelling.xlsx,Sheet1,163
fse2023_understanding_the_bug_characteristics_and:561d90e42cbd3fa7,fse2023_understanding_the_bug_characteristics_and,federated_learning,https://github.com/tensorflow/federated/issues/929,https://github.com/tensorflow/federated/issues/929,,,,,,Deployment Failure,Incorrect FL Setup/Configuration,Deployment,TFF,,,,,,"{""Bug"": ""https://github.com/tensorflow/federated/issues/929"", ""Bug Stage"": ""Deployment"", ""Framework"": ""TFF"", ""Root Cause"": ""Incorrect FL Setup/Configuration"", ""Symptom"": ""Deployment Failure""}",data/raw_stage1/fse2023_understanding_the_bug_characteristics_and/Manual_Labelling__Manual_Labelling.xlsx,Sheet1,164
fse2023_understanding_the_bug_characteristics_and:e070cd4eabe0f9ba,fse2023_understanding_the_bug_characteristics_and,federated_learning,https://github.com/tensorflow/federated/issues/928,https://github.com/tensorflow/federated/issues/928,,,,,,Deployment Failure,Incorrect FL Setup/Configuration,Deployment,TFF,,,,,,"{""Bug"": ""https://github.com/tensorflow/federated/issues/928"", ""Bug Stage"": ""Deployment"", ""Framework"": ""TFF"", ""Root Cause"": ""Incorrect FL Setup/Configuration"", ""Symptom"": ""Deployment Failure""}",data/raw_stage1/fse2023_understanding_the_bug_characteristics_and/Manual_Labelling__Manual_Labelling.xlsx,Sheet1,165
fse2023_understanding_the_bug_characteristics_and:e7ca44b69e515859,fse2023_understanding_the_bug_characteristics_and,federated_learning,https://github.com/tensorflow/federated/issues/902,https://github.com/tensorflow/federated/issues/902,,,,,,Crash,Unclear Environmental Issue,Environment,TFF,,,,,,"{""Bug"": ""https://github.com/tensorflow/federated/issues/902"", ""Bug Stage"": ""Environment"", ""Framework"": ""TFF"", ""Root Cause"": ""Unclear Environmental Issue"", ""Symptom"": ""Crash""}",data/raw_stage1/fse2023_understanding_the_bug_characteristics_and/Manual_Labelling__Manual_Labelling.xlsx,Sheet1,166
fse2023_understanding_the_bug_characteristics_and:82f65320b042fd84,fse2023_understanding_the_bug_characteristics_and,federated_learning,https://github.com/tensorflow/federated/issues/897,https://github.com/tensorflow/federated/issues/897,,,,,,Crash,API Misuse,Misuse,TFF,,,,,,"{""Bug"": ""https://github.com/tensorflow/federated/issues/897"", ""Bug Stage"": ""Misuse"", ""Framework"": ""TFF"", ""Root Cause"": ""API Misuse"", ""Symptom"": ""Crash""}",data/raw_stage1/fse2023_understanding_the_bug_characteristics_and/Manual_Labelling__Manual_Labelling.xlsx,Sheet1,167
fse2023_understanding_the_bug_characteristics_and:cc502b72b3c62910,fse2023_understanding_the_bug_characteristics_and,federated_learning,https://github.com/tensorflow/federated/issues/896,https://github.com/tensorflow/federated/issues/896,,,,,,Incorrect Functionality,Incorrect Data Loading,Data Preparation,TFF,,,,,,"{""Bug"": ""https://github.com/tensorflow/federated/issues/896"", ""Bug Stage"": ""Data Preparation"", ""Framework"": ""TFF"", ""Root Cause"": ""Incorrect Data Loading"", ""Symptom"": ""Incorrect Functionality""}",data/raw_stage1/fse2023_understanding_the_bug_characteristics_and/Manual_Labelling__Manual_Labelling.xlsx,Sheet1,168
fse2023_understanding_the_bug_characteristics_and:dcd6c2aee7e0593e,fse2023_understanding_the_bug_characteristics_and,federated_learning,https://github.com/tensorflow/federated/issues/895,https://github.com/tensorflow/federated/issues/895,,,,,,Deployment Failure,Incorrect FL Setup/Configuration,Deployment,TFF,,,,,,"{""Bug"": ""https://github.com/tensorflow/federated/issues/895"", ""Bug Stage"": ""Deployment"", ""Framework"": ""TFF"", ""Root Cause"": ""Incorrect FL Setup/Configuration"", ""Symptom"": ""Deployment Failure""}",data/raw_stage1/fse2023_understanding_the_bug_characteristics_and/Manual_Labelling__Manual_Labelling.xlsx,Sheet1,169
fse2023_understanding_the_bug_characteristics_and:33fdd6cb5a28aefd,fse2023_understanding_the_bug_characteristics_and,federated_learning,https://github.com/tensorflow/federated/issues/892,https://github.com/tensorflow/federated/issues/892,,,,,,Crash,Dependency Incompatibility,Dependency,TFF,,,,,,"{""Bug"": ""https://github.com/tensorflow/federated/issues/892"", ""Bug Stage"": ""Dependency"", ""Framework"": ""TFF"", ""Root Cause"": ""Dependency Incompatibility"", ""Symptom"": ""Crash""}",data/raw_stage1/fse2023_understanding_the_bug_characteristics_and/Manual_Labelling__Manual_Labelling.xlsx,Sheet1,170
fse2023_understanding_the_bug_characteristics_and:21aa8f6e189e3d48,fse2023_understanding_the_bug_characteristics_and,federated_learning,https://github.com/tensorflow/federated/issues/884,https://github.com/tensorflow/federated/issues/884,,,,,,Crash,Unclear Environmental Issue,Environment,TFF,,,,,,"{""Bug"": ""https://github.com/tensorflow/federated/issues/884"", ""Bug Stage"": ""Environment"", ""Framework"": ""TFF"", ""Root Cause"": ""Unclear Environmental Issue"", ""Symptom"": ""Crash""}",data/raw_stage1/fse2023_understanding_the_bug_characteristics_and/Manual_Labelling__Manual_Labelling.xlsx,Sheet1,171
fse2023_understanding_the_bug_characteristics_and:df467247b8c939ac,fse2023_understanding_the_bug_characteristics_and,federated_learning,https://github.com/tensorflow/federated/issues/876,https://github.com/tensorflow/federated/issues/876,,,,,,Crash,Dependency Incompatibility,Dependency,TFF,,,,,,"{""Bug"": ""https://github.com/tensorflow/federated/issues/876"", ""Bug Stage"": ""Dependency"", ""Framework"": ""TFF"", ""Root Cause"": ""Dependency Incompatibility"", ""Symptom"": ""Crash""}",data/raw_stage1/fse2023_understanding_the_bug_characteristics_and/Manual_Labelling__Manual_Labelling.xlsx,Sheet1,172
fse2023_understanding_the_bug_characteristics_and:70856052db2be21b,fse2023_understanding_the_bug_characteristics_and,federated_learning,https://github.com/tensorflow/federated/issues/860,https://github.com/tensorflow/federated/issues/860,,,,,,Incorrect Functionality,API Misuse,Misuse,TFF,,,,,,"{""Bug"": ""https://github.com/tensorflow/federated/issues/860"", ""Bug Stage"": ""Misuse"", ""Framework"": ""TFF"", ""Root Cause"": ""API Misuse"", ""Symptom"": ""Incorrect Functionality""}",data/raw_stage1/fse2023_understanding_the_bug_characteristics_and/Manual_Labelling__Manual_Labelling.xlsx,Sheet1,173
fse2023_understanding_the_bug_characteristics_and:782c8d4c672d7fbd,fse2023_understanding_the_bug_characteristics_and,federated_learning,https://github.com/tensorflow/federated/issues/820,https://github.com/tensorflow/federated/issues/820,,,,,,Crash,"Incorrect Data Type, Shape & Format",Data Preparation,TFF,,,,,,"{""Bug"": ""https://github.com/tensorflow/federated/issues/820"", ""Bug Stage"": ""Data Preparation"", ""Framework"": ""TFF"", ""Root Cause"": ""Incorrect Data Type, Shape & Format"", ""Symptom"": ""Crash""}",data/raw_stage1/fse2023_understanding_the_bug_characteristics_and/Manual_Labelling__Manual_Labelling.xlsx,Sheet1,174
fse2023_understanding_the_bug_characteristics_and:750204ccb17c8945,fse2023_understanding_the_bug_characteristics_and,federated_learning,https://github.com/tensorflow/federated/issues/751,https://github.com/tensorflow/federated/issues/751,,,,,,Crash,Dependency Incompatibility,Dependency,TFF,,,,,,"{""Bug"": ""https://github.com/tensorflow/federated/issues/751"", ""Bug Stage"": ""Dependency"", ""Framework"": ""TFF"", ""Root Cause"": ""Dependency Incompatibility"", ""Symptom"": ""Crash""}",data/raw_stage1/fse2023_understanding_the_bug_characteristics_and/Manual_Labelling__Manual_Labelling.xlsx,Sheet1,175
fse2023_understanding_the_bug_characteristics_and:0eec0274c42d2d5c,fse2023_understanding_the_bug_characteristics_and,federated_learning,https://github.com/tensorflow/federated/issues/611,https://github.com/tensorflow/federated/issues/611,,,,,,Crash,Incorrect FL Algorithm Implementation,Framework evolution,TFF,,,,,,"{""Bug"": ""https://github.com/tensorflow/federated/issues/611"", ""Bug Stage"": ""Framework evolution"", ""Framework"": ""TFF"", ""Root Cause"": ""Incorrect FL Algorithm Implementation"", ""Symptom"": ""Crash""}",data/raw_stage1/fse2023_understanding_the_bug_characteristics_and/Manual_Labelling__Manual_Labelling.xlsx,Sheet1,176
fse2023_understanding_the_bug_characteristics_and:abf0739d6f4c9c9e,fse2023_understanding_the_bug_characteristics_and,federated_learning,https://github.com/tensorflow/federated/issues/609,https://github.com/tensorflow/federated/issues/609,,,,,,Crash,Incorrect FL Algorithm Implementation,Framework evolution,TFF,,,,,,"{""Bug"": ""https://github.com/tensorflow/federated/issues/609"", ""Bug Stage"": ""Framework evolution"", ""Framework"": ""TFF"", ""Root Cause"": ""Incorrect FL Algorithm Implementation"", ""Symptom"": ""Crash""}",data/raw_stage1/fse2023_understanding_the_bug_characteristics_and/Manual_Labelling__Manual_Labelling.xlsx,Sheet1,177
fse2023_understanding_the_bug_characteristics_and:eb1c8107960ef5bd,fse2023_understanding_the_bug_characteristics_and,federated_learning,https://github.com/tensorflow/federated/issues/416,https://github.com/tensorflow/federated/issues/416,,,,,,Crash,"Incorrect Data Type, Shape & Format",Transformation & Transfer,TFF,,,,,,"{""Bug"": ""https://github.com/tensorflow/federated/issues/416"", ""Bug Stage"": ""Transformation & Transfer"", ""Framework"": ""TFF"", ""Root Cause"": ""Incorrect Data Type, Shape & Format"", ""Symptom"": ""Crash""}",data/raw_stage1/fse2023_understanding_the_bug_characteristics_and/Manual_Labelling__Manual_Labelling.xlsx,Sheet1,178
fse2023_understanding_the_bug_characteristics_and:81da5558ea5ac75a,fse2023_understanding_the_bug_characteristics_and,federated_learning,https://github.com/adap/flower/issues/888,https://github.com/adap/flower/issues/888,,,,,,Incorrect Functionality,Dependency Incompatibility,Dependency,Flower,,,,,,"{""Bug"": ""https://github.com/adap/flower/issues/888"", ""Bug Stage"": ""Dependency"", ""Framework"": ""Flower"", ""Root Cause"": ""Dependency Incompatibility"", ""Symptom"": ""Incorrect Functionality""}",data/raw_stage1/fse2023_understanding_the_bug_characteristics_and/Manual_Labelling__Manual_Labelling.xlsx,Sheet1,179
fse2023_understanding_the_bug_characteristics_and:ccc7e58f70e0b1d7,fse2023_understanding_the_bug_characteristics_and,federated_learning,https://github.com/adap/flower/issues/807,https://github.com/adap/flower/issues/807,,,,,,Crash,Improper Model Initialization,Misuse,Flower,,,,,,"{""Bug"": ""https://github.com/adap/flower/issues/807"", ""Bug Stage"": ""Misuse"", ""Framework"": ""Flower"", ""Root Cause"": ""Improper Model Initialization"", ""Symptom"": ""Crash""}",data/raw_stage1/fse2023_understanding_the_bug_characteristics_and/Manual_Labelling__Manual_Labelling.xlsx,Sheet1,180
fse2023_understanding_the_bug_characteristics_and:0bcd27952e57f674,fse2023_understanding_the_bug_characteristics_and,federated_learning,https://github.com/adap/flower/issues/756,https://github.com/adap/flower/issues/756,,,,,,Crash,Improper Interaction Initialization/Establishment,FL Configuration,Flower,,,,,,"{""Bug"": ""https://github.com/adap/flower/issues/756"", ""Bug Stage"": ""FL Configuration"", ""Framework"": ""Flower"", ""Root Cause"": ""Improper Interaction Initialization/Establishment"", ""Symptom"": ""Crash""}",data/raw_stage1/fse2023_understanding_the_bug_characteristics_and/Manual_Labelling__Manual_Labelling.xlsx,Sheet1,181
fse2023_understanding_the_bug_characteristics_and:2f4132627d187279,fse2023_understanding_the_bug_characteristics_and,federated_learning,https://github.com/adap/flower/issues/710,https://github.com/adap/flower/issues/710,,,,,,Crash,Unclear Environmental Issue,Environment,Flower,,,,,,"{""Bug"": ""https://github.com/adap/flower/issues/710"", ""Bug Stage"": ""Environment"", ""Framework"": ""Flower"", ""Root Cause"": ""Unclear Environmental Issue"", ""Symptom"": ""Crash""}",data/raw_stage1/fse2023_understanding_the_bug_characteristics_and/Manual_Labelling__Manual_Labelling.xlsx,Sheet1,182
fse2023_understanding_the_bug_characteristics_and:066bf9d7e519207e,fse2023_understanding_the_bug_characteristics_and,federated_learning,https://github.com/adap/flower/issues/659,https://github.com/adap/flower/issues/659,,,,,,Crash,Improper Model Evaluation,Prediction & Evaluation,Flower,,,,,,"{""Bug"": ""https://github.com/adap/flower/issues/659"", ""Bug Stage"": ""Prediction & Evaluation"", ""Framework"": ""Flower"", ""Root Cause"": ""Improper Model Evaluation"", ""Symptom"": ""Crash""}",data/raw_stage1/fse2023_understanding_the_bug_characteristics_and/Manual_Labelling__Manual_Labelling.xlsx,Sheet1,183
fse2023_understanding_the_bug_characteristics_and:7454242c03a06fda,fse2023_understanding_the_bug_characteristics_and,federated_learning,https://github.com/adap/flower/issues/540,https://github.com/adap/flower/issues/540,,,,,,Incorrect Functionality,Incorrect Interaction Closing,Prediction & Evaluation,Flower,,,,,,"{""Bug"": ""https://github.com/adap/flower/issues/540"", ""Bug Stage"": ""Prediction & Evaluation"", ""Framework"": ""Flower"", ""Root Cause"": ""Incorrect Interaction Closing"", ""Symptom"": ""Incorrect Functionality""}",data/raw_stage1/fse2023_understanding_the_bug_characteristics_and/Manual_Labelling__Manual_Labelling.xlsx,Sheet1,184
fse2023_understanding_the_bug_characteristics_and:93796b3ac9f6032f,fse2023_understanding_the_bug_characteristics_and,federated_learning,https://github.com/adap/flower/issues/537,https://github.com/adap/flower/issues/537,,,,,,Crash,Improper Interaction Initialization/Establishment,FL Configuration,Flower,,,,,,"{""Bug"": ""https://github.com/adap/flower/issues/537"", ""Bug Stage"": ""FL Configuration"", ""Framework"": ""Flower"", ""Root Cause"": ""Improper Interaction Initialization/Establishment"", ""Symptom"": ""Crash""}",data/raw_stage1/fse2023_understanding_the_bug_characteristics_and/Manual_Labelling__Manual_Labelling.xlsx,Sheet1,185
fse2023_understanding_the_bug_characteristics_and:82fd2a235c1cffe4,fse2023_understanding_the_bug_characteristics_and,federated_learning,https://github.com/adap/flower/issues/408,https://github.com/adap/flower/issues/408,,,,,,Crash,Incorrect Interaction Closing,Client computation,Flower,,,,,,"{""Bug"": ""https://github.com/adap/flower/issues/408"", ""Bug Stage"": ""Client computation"", ""Framework"": ""Flower"", ""Root Cause"": ""Incorrect Interaction Closing"", ""Symptom"": ""Crash""}",data/raw_stage1/fse2023_understanding_the_bug_characteristics_and/Manual_Labelling__Manual_Labelling.xlsx,Sheet1,186
fse2023_understanding_the_bug_characteristics_and:9decb6b63beb9356,fse2023_understanding_the_bug_characteristics_and,federated_learning,https://github.com/bytedance/fedlearner/issues/402,https://github.com/bytedance/fedlearner/issues/402,,,,,,Crash,Others,Data Preparation,Fedlearner,,,,,,"{""Bug"": ""https://github.com/bytedance/fedlearner/issues/402"", ""Bug Stage"": ""Data Preparation"", ""Framework"": ""Fedlearner"", ""Root Cause"": ""Others"", ""Symptom"": ""Crash""}",data/raw_stage1/fse2023_understanding_the_bug_characteristics_and/Manual_Labelling__Manual_Labelling.xlsx,Sheet1,187
fse2023_understanding_the_bug_characteristics_and:d4cde1ba64dce4eb,fse2023_understanding_the_bug_characteristics_and,federated_learning,https://github.com/bytedance/fedlearner/issues/395,https://github.com/bytedance/fedlearner/issues/395,,,,,,Crash,Data-Others,Data Preparation,Fedlearner,,,,,,"{""Bug"": ""https://github.com/bytedance/fedlearner/issues/395"", ""Bug Stage"": ""Data Preparation"", ""Framework"": ""Fedlearner"", ""Root Cause"": ""Data-Others"", ""Symptom"": ""Crash""}",data/raw_stage1/fse2023_understanding_the_bug_characteristics_and/Manual_Labelling__Manual_Labelling.xlsx,Sheet1,188
fse2023_understanding_the_bug_characteristics_and:f429fd9e8397151a,fse2023_understanding_the_bug_characteristics_and,federated_learning,https://github.com/PaddlePaddle/PaddleFL/issues/85,https://github.com/PaddlePaddle/PaddleFL/issues/85,,,,,,Poor Performance,Improper Interaction Initialization/Establishment,FL Configuration,PaddleFL,,,,,,"{""Bug"": ""https://github.com/PaddlePaddle/PaddleFL/issues/85"", ""Bug Stage"": ""FL Configuration"", ""Framework"": ""PaddleFL"", ""Root Cause"": ""Improper Interaction Initialization/Establishment"", ""Symptom"": ""Poor Performance""}",data/raw_stage1/fse2023_understanding_the_bug_characteristics_and/Manual_Labelling__Manual_Labelling.xlsx,Sheet1,189
fse2023_understanding_the_bug_characteristics_and:f7e751d91de2a8f7,fse2023_understanding_the_bug_characteristics_and,federated_learning,https://github.com/PaddlePaddle/PaddleFL/issues/80,https://github.com/PaddlePaddle/PaddleFL/issues/80,,,,,,Crash,API Misuse,Misuse,PaddleFL,,,,,,"{""Bug"": ""https://github.com/PaddlePaddle/PaddleFL/issues/80"", ""Bug Stage"": ""Misuse"", ""Framework"": ""PaddleFL"", ""Root Cause"": ""API Misuse"", ""Symptom"": ""Crash""}",data/raw_stage1/fse2023_understanding_the_bug_characteristics_and/Manual_Labelling__Manual_Labelling.xlsx,Sheet1,190
fse2023_understanding_the_bug_characteristics_and:dd055f1f01a8b29e,fse2023_understanding_the_bug_characteristics_and,federated_learning,https://github.com/OpenMined/PySyft/issues/5080,https://github.com/OpenMined/PySyft/issues/5080,,,,,,Crash,Incorrect Privacy Mechanisms,Others,PySyft,,,,,,"{""Bug"": ""https://github.com/OpenMined/PySyft/issues/5080"", ""Bug Stage"": ""Others"", ""Framework"": ""PySyft"", ""Root Cause"": ""Incorrect Privacy Mechanisms"", ""Symptom"": ""Crash""}",data/raw_stage1/fse2023_understanding_the_bug_characteristics_and/Manual_Labelling__Manual_Labelling.xlsx,Sheet1,191
fse2023_understanding_the_bug_characteristics_and:fcfd30a02d525fa8,fse2023_understanding_the_bug_characteristics_and,federated_learning,https://github.com/OpenMined/PySyft/issues/4961,https://github.com/OpenMined/PySyft/issues/4961,,,,,,Crash,Incorrect Training Strategy,Others,PySyft,,,,,,"{""Bug"": ""https://github.com/OpenMined/PySyft/issues/4961"", ""Bug Stage"": ""Others"", ""Framework"": ""PySyft"", ""Root Cause"": ""Incorrect Training Strategy"", ""Symptom"": ""Crash""}",data/raw_stage1/fse2023_understanding_the_bug_characteristics_and/Manual_Labelling__Manual_Labelling.xlsx,Sheet1,192
fse2023_understanding_the_bug_characteristics_and:6c8a0faf55230c5a,fse2023_understanding_the_bug_characteristics_and,federated_learning,https://github.com/OpenMined/PySyft/issues/1511,https://github.com/OpenMined/PySyft/issues/1511,,,,,,Incorrect Functionality,Incorrect Privacy Mechanisms,Others,PySyft,,,,,,"{""Bug"": ""https://github.com/OpenMined/PySyft/issues/1511"", ""Bug Stage"": ""Others"", ""Framework"": ""PySyft"", ""Root Cause"": ""Incorrect Privacy Mechanisms"", ""Symptom"": ""Incorrect Functionality""}",data/raw_stage1/fse2023_understanding_the_bug_characteristics_and/Manual_Labelling__Manual_Labelling.xlsx,Sheet1,193
fse2023_understanding_the_bug_characteristics_and:499b7bba25ebf3c5,fse2023_understanding_the_bug_characteristics_and,federated_learning,https://github.com/OpenMined/PySyft/issues/1396,https://github.com/OpenMined/PySyft/issues/1396,,,,,,Incorrect Functionality,Others,Others,PySyft,,,,,,"{""Bug"": ""https://github.com/OpenMined/PySyft/issues/1396"", ""Bug Stage"": ""Others"", ""Framework"": ""PySyft"", ""Root Cause"": ""Others"", ""Symptom"": ""Incorrect Functionality""}",data/raw_stage1/fse2023_understanding_the_bug_characteristics_and/Manual_Labelling__Manual_Labelling.xlsx,Sheet1,194
fse2023_understanding_the_bug_characteristics_and:b02f7861a788d716,fse2023_understanding_the_bug_characteristics_and,federated_learning,https://github.com/FederatedAI/FATE/issues/2646,https://github.com/FederatedAI/FATE/issues/2646,,,,,,Hang,Others,Others,FATE,,,,,,"{""Bug"": ""https://github.com/FederatedAI/FATE/issues/2646"", ""Bug Stage"": ""Others"", ""Framework"": ""FATE"", ""Root Cause"": ""Others"", ""Symptom"": ""Hang""}",data/raw_stage1/fse2023_understanding_the_bug_characteristics_and/Manual_Labelling__Manual_Labelling.xlsx,Sheet1,195
fse2023_understanding_the_bug_characteristics_and:79241c0bf811bdef,fse2023_understanding_the_bug_characteristics_and,federated_learning,https://github.com/OpenMined/PySyft/pull/6522,https://github.com/OpenMined/PySyft/pull/6522,,,,,,Crash,Missing/Incorrect Exception Checking,FL-Others,PySyft,,,,,,"{""Bug"": ""https://github.com/OpenMined/PySyft/pull/6522"", ""Bug Stage"": ""FL-Others"", ""Framework"": ""PySyft"", ""Root Cause"": ""Missing/Incorrect Exception Checking"", ""Symptom"": ""Crash""}",data/raw_stage1/fse2023_understanding_the_bug_characteristics_and/Manual_Labelling__Manual_Labelling.xlsx,Sheet1,196
fse2023_understanding_the_bug_characteristics_and:7a2bcaf10dca86b9,fse2023_understanding_the_bug_characteristics_and,federated_learning,https://github.com/OpenMined/PySyft/pull/6456,https://github.com/OpenMined/PySyft/pull/6456,,,,,,Unknown,Dependency Incompatibility,Dependency,PySyft,,,,,,"{""Bug"": ""https://github.com/OpenMined/PySyft/pull/6456"", ""Bug Stage"": ""Dependency"", ""Framework"": ""PySyft"", ""Root Cause"": ""Dependency Incompatibility"", ""Symptom"": ""Unknown""}",data/raw_stage1/fse2023_understanding_the_bug_characteristics_and/Manual_Labelling__Manual_Labelling.xlsx,Sheet1,197
fse2023_understanding_the_bug_characteristics_and:ecefc44de946a8bb,fse2023_understanding_the_bug_characteristics_and,federated_learning,https://github.com/OpenMined/PySyft/pull/6192,https://github.com/OpenMined/PySyft/pull/6192,,,,,,Incorrect Functionality,Incorrect Parameter/Message Transfer,Transformation & Transfer,PySyft,,,,,,"{""Bug"": ""https://github.com/OpenMined/PySyft/pull/6192"", ""Bug Stage"": ""Transformation & Transfer"", ""Framework"": ""PySyft"", ""Root Cause"": ""Incorrect Parameter/Message Transfer"", ""Symptom"": ""Incorrect Functionality""}",data/raw_stage1/fse2023_understanding_the_bug_characteristics_and/Manual_Labelling__Manual_Labelling.xlsx,Sheet1,198
fse2023_understanding_the_bug_characteristics_and:00c47409ec7cd689,fse2023_understanding_the_bug_characteristics_and,federated_learning,https://github.com/OpenMined/PySyft/pull/6140,https://github.com/OpenMined/PySyft/pull/6140,,,,,,Crash,Dependency Incompatibility,Dependency,PySyft,,,,,,"{""Bug"": ""https://github.com/OpenMined/PySyft/pull/6140"", ""Bug Stage"": ""Dependency"", ""Framework"": ""PySyft"", ""Root Cause"": ""Dependency Incompatibility"", ""Symptom"": ""Crash""}",data/raw_stage1/fse2023_understanding_the_bug_characteristics_and/Manual_Labelling__Manual_Labelling.xlsx,Sheet1,199
fse2023_understanding_the_bug_characteristics_and:7ef3b1ce7d698afe,fse2023_understanding_the_bug_characteristics_and,federated_learning,https://github.com/OpenMined/PySyft/pull/5416,https://github.com/OpenMined/PySyft/pull/5416,,,,,,Crash,Dependency Incompatibility,Dependency,PySyft,,,,,,"{""Bug"": ""https://github.com/OpenMined/PySyft/pull/5416"", ""Bug Stage"": ""Dependency"", ""Framework"": ""PySyft"", ""Root Cause"": ""Dependency Incompatibility"", ""Symptom"": ""Crash""}",data/raw_stage1/fse2023_understanding_the_bug_characteristics_and/Manual_Labelling__Manual_Labelling.xlsx,Sheet1,200
fse2023_understanding_the_bug_characteristics_and:a91860c48799ddaa,fse2023_understanding_the_bug_characteristics_and,federated_learning,https://github.com/OpenMined/PySyft/pull/4640,https://github.com/OpenMined/PySyft/pull/4640,,,,,,Crash,Incorrect Parameter/Message Transfer,Transformation & Transfer,PySyft,,,,,,"{""Bug"": ""https://github.com/OpenMined/PySyft/pull/4640"", ""Bug Stage"": ""Transformation & Transfer"", ""Framework"": ""PySyft"", ""Root Cause"": ""Incorrect Parameter/Message Transfer"", ""Symptom"": ""Crash""}",data/raw_stage1/fse2023_understanding_the_bug_characteristics_and/Manual_Labelling__Manual_Labelling.xlsx,Sheet1,201
fse2023_understanding_the_bug_characteristics_and:b07c43e246532c7a,fse2023_understanding_the_bug_characteristics_and,federated_learning,https://github.com/OpenMined/PySyft/pull/3705,https://github.com/OpenMined/PySyft/pull/3705,,,,,,Crash,Missing/Incorrect Exception Checking,Security mechanism,PySyft,,,,,,"{""Bug"": ""https://github.com/OpenMined/PySyft/pull/3705"", ""Bug Stage"": ""Security mechanism"", ""Framework"": ""PySyft"", ""Root Cause"": ""Missing/Incorrect Exception Checking"", ""Symptom"": ""Crash""}",data/raw_stage1/fse2023_understanding_the_bug_characteristics_and/Manual_Labelling__Manual_Labelling.xlsx,Sheet1,202
fse2023_understanding_the_bug_characteristics_and:c19c7a48dcf3c7fd,fse2023_understanding_the_bug_characteristics_and,federated_learning,https://github.com/OpenMined/PySyft/pull/3680,https://github.com/OpenMined/PySyft/pull/3680,,,,,,Security Risk,Incorrect Privacy Mechanisms,Security mechanism,PySyft,,,,,,"{""Bug"": ""https://github.com/OpenMined/PySyft/pull/3680"", ""Bug Stage"": ""Security mechanism"", ""Framework"": ""PySyft"", ""Root Cause"": ""Incorrect Privacy Mechanisms"", ""Symptom"": ""Security Risk""}",data/raw_stage1/fse2023_understanding_the_bug_characteristics_and/Manual_Labelling__Manual_Labelling.xlsx,Sheet1,203
fse2023_understanding_the_bug_characteristics_and:34d66fba2fb53b87,fse2023_understanding_the_bug_characteristics_and,federated_learning,https://github.com/OpenMined/PySyft/pull/3679,https://github.com/OpenMined/PySyft/pull/3679,,,,,,Crash,"Incorrect Data Type, Shape & Format",Data Preparation,PySyft,,,,,,"{""Bug"": ""https://github.com/OpenMined/PySyft/pull/3679"", ""Bug Stage"": ""Data Preparation"", ""Framework"": ""PySyft"", ""Root Cause"": ""Incorrect Data Type, Shape & Format"", ""Symptom"": ""Crash""}",data/raw_stage1/fse2023_understanding_the_bug_characteristics_and/Manual_Labelling__Manual_Labelling.xlsx,Sheet1,204
fse2023_understanding_the_bug_characteristics_and:f150f544d33416c0,fse2023_understanding_the_bug_characteristics_and,federated_learning,https://github.com/OpenMined/PySyft/pull/3595,https://github.com/OpenMined/PySyft/pull/3595,,,,,,Unknown,Improper Interaction Initialization/Establishment,FL Configuration,PySyft,,,,,,"{""Bug"": ""https://github.com/OpenMined/PySyft/pull/3595"", ""Bug Stage"": ""FL Configuration"", ""Framework"": ""PySyft"", ""Root Cause"": ""Improper Interaction Initialization/Establishment"", ""Symptom"": ""Unknown""}",data/raw_stage1/fse2023_understanding_the_bug_characteristics_and/Manual_Labelling__Manual_Labelling.xlsx,Sheet1,205
fse2023_understanding_the_bug_characteristics_and:55459b9ae7d1b830,fse2023_understanding_the_bug_characteristics_and,federated_learning,https://github.com/OpenMined/PySyft/pull/3593,https://github.com/OpenMined/PySyft/pull/3593,,,,,,Crash,Incorrect Parameter/Message Transfer,FL Configuration,PySyft,,,,,,"{""Bug"": ""https://github.com/OpenMined/PySyft/pull/3593"", ""Bug Stage"": ""FL Configuration"", ""Framework"": ""PySyft"", ""Root Cause"": ""Incorrect Parameter/Message Transfer"", ""Symptom"": ""Crash""}",data/raw_stage1/fse2023_understanding_the_bug_characteristics_and/Manual_Labelling__Manual_Labelling.xlsx,Sheet1,206
fse2023_understanding_the_bug_characteristics_and:048f3da82817e7bb,fse2023_understanding_the_bug_characteristics_and,federated_learning,https://github.com/OpenMined/PySyft/pull/3591,https://github.com/OpenMined/PySyft/pull/3591,,,,,,Crash,Improper Interaction Initialization/Establishment,FL Configuration,PySyft,,,,,,"{""Bug"": ""https://github.com/OpenMined/PySyft/pull/3591"", ""Bug Stage"": ""FL Configuration"", ""Framework"": ""PySyft"", ""Root Cause"": ""Improper Interaction Initialization/Establishment"", ""Symptom"": ""Crash""}",data/raw_stage1/fse2023_understanding_the_bug_characteristics_and/Manual_Labelling__Manual_Labelling.xlsx,Sheet1,207
fse2023_understanding_the_bug_characteristics_and:a91408c0151d386f,fse2023_understanding_the_bug_characteristics_and,federated_learning,https://github.com/OpenMined/PySyft/pull/3567,https://github.com/OpenMined/PySyft/pull/3567,,,,,,Unknown,Improper Hyperparameter,Client computation,PySyft,,,,,,"{""Bug"": ""https://github.com/OpenMined/PySyft/pull/3567"", ""Bug Stage"": ""Client computation"", ""Framework"": ""PySyft"", ""Root Cause"": ""Improper Hyperparameter"", ""Symptom"": ""Unknown""}",data/raw_stage1/fse2023_understanding_the_bug_characteristics_and/Manual_Labelling__Manual_Labelling.xlsx,Sheet1,208
fse2023_understanding_the_bug_characteristics_and:a3b3cab78024c055,fse2023_understanding_the_bug_characteristics_and,federated_learning,https://github.com/OpenMined/PySyft/pull/3563,https://github.com/OpenMined/PySyft/pull/3563,,,,,,Crash,Incorrect Parameter/Message Transfer,FL Configuration,PySyft,,,,,,"{""Bug"": ""https://github.com/OpenMined/PySyft/pull/3563"", ""Bug Stage"": ""FL Configuration"", ""Framework"": ""PySyft"", ""Root Cause"": ""Incorrect Parameter/Message Transfer"", ""Symptom"": ""Crash""}",data/raw_stage1/fse2023_understanding_the_bug_characteristics_and/Manual_Labelling__Manual_Labelling.xlsx,Sheet1,209
fse2023_understanding_the_bug_characteristics_and:57ed24bd06bdb934,fse2023_understanding_the_bug_characteristics_and,federated_learning,https://github.com/OpenMined/PySyft/pull/3560,https://github.com/OpenMined/PySyft/pull/3560,,,,,,Crash,Wrong/Missing Dependency Import,Dependency,PySyft,,,,,,"{""Bug"": ""https://github.com/OpenMined/PySyft/pull/3560"", ""Bug Stage"": ""Dependency"", ""Framework"": ""PySyft"", ""Root Cause"": ""Wrong/Missing Dependency Import"", ""Symptom"": ""Crash""}",data/raw_stage1/fse2023_understanding_the_bug_characteristics_and/Manual_Labelling__Manual_Labelling.xlsx,Sheet1,210
fse2023_understanding_the_bug_characteristics_and:32d9e6ed0c0b94b6,fse2023_understanding_the_bug_characteristics_and,federated_learning,https://github.com/OpenMined/PySyft/pull/3525,https://github.com/OpenMined/PySyft/pull/3525,,,,,,Incorrect Functionality,Improper Interaction Initialization/Establishment,FL Configuration,PySyft,,,,,,"{""Bug"": ""https://github.com/OpenMined/PySyft/pull/3525"", ""Bug Stage"": ""FL Configuration"", ""Framework"": ""PySyft"", ""Root Cause"": ""Improper Interaction Initialization/Establishment"", ""Symptom"": ""Incorrect Functionality""}",data/raw_stage1/fse2023_understanding_the_bug_characteristics_and/Manual_Labelling__Manual_Labelling.xlsx,Sheet1,211
fse2023_understanding_the_bug_characteristics_and:1fca104bda198e00,fse2023_understanding_the_bug_characteristics_and,federated_learning,https://github.com/OpenMined/PySyft/pull/3511,https://github.com/OpenMined/PySyft/pull/3511,,,,,,Crash,Wrong/Missing Dependency Import,Dependency,PySyft,,,,,,"{""Bug"": ""https://github.com/OpenMined/PySyft/pull/3511"", ""Bug Stage"": ""Dependency"", ""Framework"": ""PySyft"", ""Root Cause"": ""Wrong/Missing Dependency Import"", ""Symptom"": ""Crash""}",data/raw_stage1/fse2023_understanding_the_bug_characteristics_and/Manual_Labelling__Manual_Labelling.xlsx,Sheet1,212
fse2023_understanding_the_bug_characteristics_and:4e50a11d691e946b,fse2023_understanding_the_bug_characteristics_and,federated_learning,https://github.com/OpenMined/PySyft/pull/3405,https://github.com/OpenMined/PySyft/pull/3405,,,,,,Unknown,Improper Interaction Initialization/Establishment,FL Configuration,PySyft,,,,,,"{""Bug"": ""https://github.com/OpenMined/PySyft/pull/3405"", ""Bug Stage"": ""FL Configuration"", ""Framework"": ""PySyft"", ""Root Cause"": ""Improper Interaction Initialization/Establishment"", ""Symptom"": ""Unknown""}",data/raw_stage1/fse2023_understanding_the_bug_characteristics_and/Manual_Labelling__Manual_Labelling.xlsx,Sheet1,213
fse2023_understanding_the_bug_characteristics_and:9be10f8b82d9be8c,fse2023_understanding_the_bug_characteristics_and,federated_learning,https://github.com/OpenMined/PySyft/pull/3396,https://github.com/OpenMined/PySyft/pull/3396,,,,,,Unknown,"Incorrect Data Type, Shape & Format",Data Preparation,PySyft,,,,,,"{""Bug"": ""https://github.com/OpenMined/PySyft/pull/3396"", ""Bug Stage"": ""Data Preparation"", ""Framework"": ""PySyft"", ""Root Cause"": ""Incorrect Data Type, Shape & Format"", ""Symptom"": ""Unknown""}",data/raw_stage1/fse2023_understanding_the_bug_characteristics_and/Manual_Labelling__Manual_Labelling.xlsx,Sheet1,214
fse2023_understanding_the_bug_characteristics_and:c8a9f9e429daf88a,fse2023_understanding_the_bug_characteristics_and,federated_learning,https://github.com/OpenMined/PySyft/pull/3376,https://github.com/OpenMined/PySyft/pull/3376,,,,,,Unknown,Incorrect Tensor-related Implementation,Model building,PySyft,,,,,,"{""Bug"": ""https://github.com/OpenMined/PySyft/pull/3376"", ""Bug Stage"": ""Model building"", ""Framework"": ""PySyft"", ""Root Cause"": ""Incorrect Tensor-related Implementation"", ""Symptom"": ""Unknown""}",data/raw_stage1/fse2023_understanding_the_bug_characteristics_and/Manual_Labelling__Manual_Labelling.xlsx,Sheet1,215
fse2023_understanding_the_bug_characteristics_and:d0a5fdf8d60cd71e,fse2023_understanding_the_bug_characteristics_and,federated_learning,https://github.com/OpenMined/PySyft/pull/3288,https://github.com/OpenMined/PySyft/pull/3288,,,,,,Crash,Dependency Incompatibility,Environment,PySyft,,,,,,"{""Bug"": ""https://github.com/OpenMined/PySyft/pull/3288"", ""Bug Stage"": ""Environment"", ""Framework"": ""PySyft"", ""Root Cause"": ""Dependency Incompatibility"", ""Symptom"": ""Crash""}",data/raw_stage1/fse2023_understanding_the_bug_characteristics_and/Manual_Labelling__Manual_Labelling.xlsx,Sheet1,216
fse2023_understanding_the_bug_characteristics_and:dc333c4b570f3bb3,fse2023_understanding_the_bug_characteristics_and,federated_learning,https://github.com/OpenMined/PySyft/pull/3285,https://github.com/OpenMined/PySyft/pull/3285,,,,,,Crash,Incorrect Tensor-related Implementation,Transformation & Transfer,PySyft,,,,,,"{""Bug"": ""https://github.com/OpenMined/PySyft/pull/3285"", ""Bug Stage"": ""Transformation & Transfer"", ""Framework"": ""PySyft"", ""Root Cause"": ""Incorrect Tensor-related Implementation"", ""Symptom"": ""Crash""}",data/raw_stage1/fse2023_understanding_the_bug_characteristics_and/Manual_Labelling__Manual_Labelling.xlsx,Sheet1,217
fse2023_understanding_the_bug_characteristics_and:3517f21d72d8876d,fse2023_understanding_the_bug_characteristics_and,federated_learning,https://github.com/OpenMined/PySyft/pull/3271,https://github.com/OpenMined/PySyft/pull/3271,,,,,,Incorrect Functionality,Incorrect Tensor-related Implementation,Transformation & Transfer,PySyft,,,,,,"{""Bug"": ""https://github.com/OpenMined/PySyft/pull/3271"", ""Bug Stage"": ""Transformation & Transfer"", ""Framework"": ""PySyft"", ""Root Cause"": ""Incorrect Tensor-related Implementation"", ""Symptom"": ""Incorrect Functionality""}",data/raw_stage1/fse2023_understanding_the_bug_characteristics_and/Manual_Labelling__Manual_Labelling.xlsx,Sheet1,218
fse2023_understanding_the_bug_characteristics_and:a570d82d7f223567,fse2023_understanding_the_bug_characteristics_and,federated_learning,https://github.com/OpenMined/PySyft/pull/3205,https://github.com/OpenMined/PySyft/pull/3205,,,,,,Crash,Improper Hyperparameter,Model building,PySyft,,,,,,"{""Bug"": ""https://github.com/OpenMined/PySyft/pull/3205"", ""Bug Stage"": ""Model building"", ""Framework"": ""PySyft"", ""Root Cause"": ""Improper Hyperparameter"", ""Symptom"": ""Crash""}",data/raw_stage1/fse2023_understanding_the_bug_characteristics_and/Manual_Labelling__Manual_Labelling.xlsx,Sheet1,219
fse2023_understanding_the_bug_characteristics_and:3f1cb5144f72a9eb,fse2023_understanding_the_bug_characteristics_and,federated_learning,https://github.com/OpenMined/PySyft/pull/3199,https://github.com/OpenMined/PySyft/pull/3199,,,,,,Unknown,Others,Model building,PySyft,,,,,,"{""Bug"": ""https://github.com/OpenMined/PySyft/pull/3199"", ""Bug Stage"": ""Model building"", ""Framework"": ""PySyft"", ""Root Cause"": ""Others"", ""Symptom"": ""Unknown""}",data/raw_stage1/fse2023_understanding_the_bug_characteristics_and/Manual_Labelling__Manual_Labelling.xlsx,Sheet1,220
fse2023_understanding_the_bug_characteristics_and:c04e4d7630d8b14d,fse2023_understanding_the_bug_characteristics_and,federated_learning,https://github.com/OpenMined/PySyft/pull/3196,https://github.com/OpenMined/PySyft/pull/3196,,,,,,Crash,Dependency Incompatibility,Dependency,PySyft,,,,,,"{""Bug"": ""https://github.com/OpenMined/PySyft/pull/3196"", ""Bug Stage"": ""Dependency"", ""Framework"": ""PySyft"", ""Root Cause"": ""Dependency Incompatibility"", ""Symptom"": ""Crash""}",data/raw_stage1/fse2023_understanding_the_bug_characteristics_and/Manual_Labelling__Manual_Labelling.xlsx,Sheet1,221
fse2023_understanding_the_bug_characteristics_and:58f2f0529df7aa63,fse2023_understanding_the_bug_characteristics_and,federated_learning,https://github.com/OpenMined/PySyft/pull/3067,https://github.com/OpenMined/PySyft/pull/3067,,,,,,Crash,Framework Evolution,Framework evolution,PySyft,,,,,,"{""Bug"": ""https://github.com/OpenMined/PySyft/pull/3067"", ""Bug Stage"": ""Framework evolution"", ""Framework"": ""PySyft"", ""Root Cause"": ""Framework Evolution"", ""Symptom"": ""Crash""}",data/raw_stage1/fse2023_understanding_the_bug_characteristics_and/Manual_Labelling__Manual_Labelling.xlsx,Sheet1,222
fse2023_understanding_the_bug_characteristics_and:37c6d93203e1e172,fse2023_understanding_the_bug_characteristics_and,federated_learning,https://github.com/OpenMined/PySyft/pull/2749,https://github.com/OpenMined/PySyft/pull/2749,,,,,,Crash,Wrong/Missing Dependency Import,Dependency,PySyft,,,,,,"{""Bug"": ""https://github.com/OpenMined/PySyft/pull/2749"", ""Bug Stage"": ""Dependency"", ""Framework"": ""PySyft"", ""Root Cause"": ""Wrong/Missing Dependency Import"", ""Symptom"": ""Crash""}",data/raw_stage1/fse2023_understanding_the_bug_characteristics_and/Manual_Labelling__Manual_Labelling.xlsx,Sheet1,223
fse2023_understanding_the_bug_characteristics_and:02fa7e482e7ff0a4,fse2023_understanding_the_bug_characteristics_and,federated_learning,https://github.com/OpenMined/PySyft/pull/2733,https://github.com/OpenMined/PySyft/pull/2733,,,,,,Crash,Incorrect Parameter/Message Transfer,Broadcast,PySyft,,,,,,"{""Bug"": ""https://github.com/OpenMined/PySyft/pull/2733"", ""Bug Stage"": ""Broadcast"", ""Framework"": ""PySyft"", ""Root Cause"": ""Incorrect Parameter/Message Transfer"", ""Symptom"": ""Crash""}",data/raw_stage1/fse2023_understanding_the_bug_characteristics_and/Manual_Labelling__Manual_Labelling.xlsx,Sheet1,224
fse2023_understanding_the_bug_characteristics_and:02fa7e482e7ff0a4,fse2023_understanding_the_bug_characteristics_and,federated_learning,https://github.com/OpenMined/PySyft/pull/2733,https://github.com/OpenMined/PySyft/pull/2733,,,,,,,,Aggregation & Update,PySyft,,,,,,"{""Bug"": ""https://github.com/OpenMined/PySyft/pull/2733"", ""Bug Stage"": ""Aggregation & Update"", ""Framework"": ""PySyft""}",data/raw_stage1/fse2023_understanding_the_bug_characteristics_and/Manual_Labelling__Manual_Labelling.xlsx,Sheet1,225
fse2023_understanding_the_bug_characteristics_and:c2b2f791a87e1271,fse2023_understanding_the_bug_characteristics_and,federated_learning,https://github.com/OpenMined/PySyft/pull/2543,https://github.com/OpenMined/PySyft/pull/2543,,,,,,Crash,Incorrect Privacy Mechanisms,Security mechanism,PySyft,,,,,,"{""Bug"": ""https://github.com/OpenMined/PySyft/pull/2543"", ""Bug Stage"": ""Security mechanism"", ""Framework"": ""PySyft"", ""Root Cause"": ""Incorrect Privacy Mechanisms"", ""Symptom"": ""Crash""}",data/raw_stage1/fse2023_understanding_the_bug_characteristics_and/Manual_Labelling__Manual_Labelling.xlsx,Sheet1,226
fse2023_understanding_the_bug_characteristics_and:1cb5bd52877eaa1d,fse2023_understanding_the_bug_characteristics_and,federated_learning,https://github.com/OpenMined/PySyft/pull/2491,https://github.com/OpenMined/PySyft/pull/2491,,,,,,Unknown,Dependency Incompatibility,Dependency,PySyft,,,,,,"{""Bug"": ""https://github.com/OpenMined/PySyft/pull/2491"", ""Bug Stage"": ""Dependency"", ""Framework"": ""PySyft"", ""Root Cause"": ""Dependency Incompatibility"", ""Symptom"": ""Unknown""}",data/raw_stage1/fse2023_understanding_the_bug_characteristics_and/Manual_Labelling__Manual_Labelling.xlsx,Sheet1,227
fse2023_understanding_the_bug_characteristics_and:883c113367c674d6,fse2023_understanding_the_bug_characteristics_and,federated_learning,https://github.com/OpenMined/PySyft/pull/2437,https://github.com/OpenMined/PySyft/pull/2437,,,,,,Security Risk,Missing/Incorrect Exception Checking,Security mechanism,PySyft,,,,,,"{""Bug"": ""https://github.com/OpenMined/PySyft/pull/2437"", ""Bug Stage"": ""Security mechanism"", ""Framework"": ""PySyft"", ""Root Cause"": ""Missing/Incorrect Exception Checking"", ""Symptom"": ""Security Risk""}",data/raw_stage1/fse2023_understanding_the_bug_characteristics_and/Manual_Labelling__Manual_Labelling.xlsx,Sheet1,228
fse2023_understanding_the_bug_characteristics_and:e71137463b0e88f6,fse2023_understanding_the_bug_characteristics_and,federated_learning,https://github.com/OpenMined/PySyft/pull/2431,https://github.com/OpenMined/PySyft/pull/2431,,,,,,Incorrect Functionality,Improper Interaction Initialization/Establishment,FL Configuration,PySyft,,,,,,"{""Bug"": ""https://github.com/OpenMined/PySyft/pull/2431"", ""Bug Stage"": ""FL Configuration"", ""Framework"": ""PySyft"", ""Root Cause"": ""Improper Interaction Initialization/Establishment"", ""Symptom"": ""Incorrect Functionality""}",data/raw_stage1/fse2023_understanding_the_bug_characteristics_and/Manual_Labelling__Manual_Labelling.xlsx,Sheet1,229
fse2023_understanding_the_bug_characteristics_and:fd1c447979d19b69,fse2023_understanding_the_bug_characteristics_and,federated_learning,https://github.com/OpenMined/PySyft/pull/2407,https://github.com/OpenMined/PySyft/pull/2407,,,,,,Crash,Incorrect Data Split,Data Preparation,PySyft,,,,,,"{""Bug"": ""https://github.com/OpenMined/PySyft/pull/2407"", ""Bug Stage"": ""Data Preparation"", ""Framework"": ""PySyft"", ""Root Cause"": ""Incorrect Data Split"", ""Symptom"": ""Crash""}",data/raw_stage1/fse2023_understanding_the_bug_characteristics_and/Manual_Labelling__Manual_Labelling.xlsx,Sheet1,230
fse2023_understanding_the_bug_characteristics_and:af8eea9d3059a3d7,fse2023_understanding_the_bug_characteristics_and,federated_learning,https://github.com/OpenMined/PySyft/pull/2395,https://github.com/OpenMined/PySyft/pull/2395,,,,,,Crash,Improper Interaction Initialization/Establishment,FL Configuration,PySyft,,,,,,"{""Bug"": ""https://github.com/OpenMined/PySyft/pull/2395"", ""Bug Stage"": ""FL Configuration"", ""Framework"": ""PySyft"", ""Root Cause"": ""Improper Interaction Initialization/Establishment"", ""Symptom"": ""Crash""}",data/raw_stage1/fse2023_understanding_the_bug_characteristics_and/Manual_Labelling__Manual_Labelling.xlsx,Sheet1,231
fse2023_understanding_the_bug_characteristics_and:ed8f00068828a51a,fse2023_understanding_the_bug_characteristics_and,federated_learning,https://github.com/OpenMined/PySyft/pull/2339,https://github.com/OpenMined/PySyft/pull/2339,,,,,,Incorrect Functionality,Incorrect FL Algorithm Implementation,FL Configuration,PySyft,,,,,,"{""Bug"": ""https://github.com/OpenMined/PySyft/pull/2339"", ""Bug Stage"": ""FL Configuration"", ""Framework"": ""PySyft"", ""Root Cause"": ""Incorrect FL Algorithm Implementation"", ""Symptom"": ""Incorrect Functionality""}",data/raw_stage1/fse2023_understanding_the_bug_characteristics_and/Manual_Labelling__Manual_Labelling.xlsx,Sheet1,232
fse2023_understanding_the_bug_characteristics_and:750c1b501a8a450f,fse2023_understanding_the_bug_characteristics_and,federated_learning,https://github.com/OpenMined/PySyft/pull/2262,https://github.com/OpenMined/PySyft/pull/2262,,,,,,Crash,Missing/Incorrect Exception Checking,Model building,PySyft,,,,,,"{""Bug"": ""https://github.com/OpenMined/PySyft/pull/2262"", ""Bug Stage"": ""Model building"", ""Framework"": ""PySyft"", ""Root Cause"": ""Missing/Incorrect Exception Checking"", ""Symptom"": ""Crash""}",data/raw_stage1/fse2023_understanding_the_bug_characteristics_and/Manual_Labelling__Manual_Labelling.xlsx,Sheet1,233
fse2023_understanding_the_bug_characteristics_and:89d905a06c1bff90,fse2023_understanding_the_bug_characteristics_and,federated_learning,https://github.com/OpenMined/PySyft/pull/2239,https://github.com/OpenMined/PySyft/pull/2239,,,,,,Crash,Missing/Incorrect Exception Checking,Security mechanism,PySyft,,,,,,"{""Bug"": ""https://github.com/OpenMined/PySyft/pull/2239"", ""Bug Stage"": ""Security mechanism"", ""Framework"": ""PySyft"", ""Root Cause"": ""Missing/Incorrect Exception Checking"", ""Symptom"": ""Crash""}",data/raw_stage1/fse2023_understanding_the_bug_characteristics_and/Manual_Labelling__Manual_Labelling.xlsx,Sheet1,234
fse2023_understanding_the_bug_characteristics_and:8ac5ddd5a0809b0d,fse2023_understanding_the_bug_characteristics_and,federated_learning,https://github.com/OpenMined/PySyft/pull/2102,https://github.com/OpenMined/PySyft/pull/2102,,,,,,Unknown,"Incorrect Data Type, Shape & Format",Data Preparation,PySyft,,,,,,"{""Bug"": ""https://github.com/OpenMined/PySyft/pull/2102"", ""Bug Stage"": ""Data Preparation"", ""Framework"": ""PySyft"", ""Root Cause"": ""Incorrect Data Type, Shape & Format"", ""Symptom"": ""Unknown""}",data/raw_stage1/fse2023_understanding_the_bug_characteristics_and/Manual_Labelling__Manual_Labelling.xlsx,Sheet1,235
fse2023_understanding_the_bug_characteristics_and:f6716995444e8bec,fse2023_understanding_the_bug_characteristics_and,federated_learning,https://github.com/OpenMined/PySyft/pull/2050,https://github.com/OpenMined/PySyft/pull/2050,,,,,,Unknown,Incorrect Tensor-related Implementation,Client computation,PySyft,,,,,,"{""Bug"": ""https://github.com/OpenMined/PySyft/pull/2050"", ""Bug Stage"": ""Client computation"", ""Framework"": ""PySyft"", ""Root Cause"": ""Incorrect Tensor-related Implementation"", ""Symptom"": ""Unknown""}",data/raw_stage1/fse2023_understanding_the_bug_characteristics_and/Manual_Labelling__Manual_Labelling.xlsx,Sheet1,236
fse2023_understanding_the_bug_characteristics_and:f78c91108cde2104,fse2023_understanding_the_bug_characteristics_and,federated_learning,https://github.com/OpenMined/PySyft/pull/1736,https://github.com/OpenMined/PySyft/pull/1736,,,,,,Crash,Improper Interaction Initialization/Establishment,Broadcast,PySyft,,,,,,"{""Bug"": ""https://github.com/OpenMined/PySyft/pull/1736"", ""Bug Stage"": ""Broadcast"", ""Framework"": ""PySyft"", ""Root Cause"": ""Improper Interaction Initialization/Establishment"", ""Symptom"": ""Crash""}",data/raw_stage1/fse2023_understanding_the_bug_characteristics_and/Manual_Labelling__Manual_Labelling.xlsx,Sheet1,237
fse2023_understanding_the_bug_characteristics_and:f78c91108cde2104,fse2023_understanding_the_bug_characteristics_and,federated_learning,https://github.com/OpenMined/PySyft/pull/1736,https://github.com/OpenMined/PySyft/pull/1736,,,,,,,,Aggregation & Update,PySyft,,,,,,"{""Bug"": ""https://github.com/OpenMined/PySyft/pull/1736"", ""Bug Stage"": ""Aggregation & Update"", ""Framework"": ""PySyft""}",data/raw_stage1/fse2023_understanding_the_bug_characteristics_and/Manual_Labelling__Manual_Labelling.xlsx,Sheet1,238
fse2023_understanding_the_bug_characteristics_and:b88c0b88bc34a83a,fse2023_understanding_the_bug_characteristics_and,federated_learning,https://github.com/OpenMined/PySyft/pull/1646,https://github.com/OpenMined/PySyft/pull/1646,,,,,,Incorrect Functionality,Data-Others,Data Preparation,PySyft,,,,,,"{""Bug"": ""https://github.com/OpenMined/PySyft/pull/1646"", ""Bug Stage"": ""Data Preparation"", ""Framework"": ""PySyft"", ""Root Cause"": ""Data-Others"", ""Symptom"": ""Incorrect Functionality""}",data/raw_stage1/fse2023_understanding_the_bug_characteristics_and/Manual_Labelling__Manual_Labelling.xlsx,Sheet1,239
fse2023_understanding_the_bug_characteristics_and:8e94d91aee4191d5,fse2023_understanding_the_bug_characteristics_and,federated_learning,https://github.com/OpenMined/PySyft/pull/1643,https://github.com/OpenMined/PySyft/pull/1643,,,,,,Crash,Wrong/Missing Dependency Import,Dependency,PySyft,,,,,,"{""Bug"": ""https://github.com/OpenMined/PySyft/pull/1643"", ""Bug Stage"": ""Dependency"", ""Framework"": ""PySyft"", ""Root Cause"": ""Wrong/Missing Dependency Import"", ""Symptom"": ""Crash""}",data/raw_stage1/fse2023_understanding_the_bug_characteristics_and/Manual_Labelling__Manual_Labelling.xlsx,Sheet1,240
fse2023_understanding_the_bug_characteristics_and:94518ef75bbf7881,fse2023_understanding_the_bug_characteristics_and,federated_learning,https://github.com/OpenMined/PySyft/pull/742,https://github.com/OpenMined/PySyft/pull/742,,,,,,Unknown,Improper Interaction Initialization/Establishment,FL Configuration,PySyft,,,,,,"{""Bug"": ""https://github.com/OpenMined/PySyft/pull/742"", ""Bug Stage"": ""FL Configuration"", ""Framework"": ""PySyft"", ""Root Cause"": ""Improper Interaction Initialization/Establishment"", ""Symptom"": ""Unknown""}",data/raw_stage1/fse2023_understanding_the_bug_characteristics_and/Manual_Labelling__Manual_Labelling.xlsx,Sheet1,241
fse2023_understanding_the_bug_characteristics_and:8aa173a043980012,fse2023_understanding_the_bug_characteristics_and,federated_learning,https://github.com/OpenMined/PySyft/pull/740,https://github.com/OpenMined/PySyft/pull/740,,,,,,Crash,Incorrect Training Strategy,Model building,PySyft,,,,,,"{""Bug"": ""https://github.com/OpenMined/PySyft/pull/740"", ""Bug Stage"": ""Model building"", ""Framework"": ""PySyft"", ""Root Cause"": ""Incorrect Training Strategy"", ""Symptom"": ""Crash""}",data/raw_stage1/fse2023_understanding_the_bug_characteristics_and/Manual_Labelling__Manual_Labelling.xlsx,Sheet1,242
fse2023_understanding_the_bug_characteristics_and:978e79721ef68901,fse2023_understanding_the_bug_characteristics_and,federated_learning,https://github.com/OpenMined/PySyft/pull/314,https://github.com/OpenMined/PySyft/pull/314,,,,,,Crash,Incorrect Tensor-related Implementation,Transformation & Transfer,PySyft,,,,,,"{""Bug"": ""https://github.com/OpenMined/PySyft/pull/314"", ""Bug Stage"": ""Transformation & Transfer"", ""Framework"": ""PySyft"", ""Root Cause"": ""Incorrect Tensor-related Implementation"", ""Symptom"": ""Crash""}",data/raw_stage1/fse2023_understanding_the_bug_characteristics_and/Manual_Labelling__Manual_Labelling.xlsx,Sheet1,243
fse2023_understanding_the_bug_characteristics_and:e4cefc0629d66497,fse2023_understanding_the_bug_characteristics_and,federated_learning,https://github.com/OpenMined/PySyft/pull/145,https://github.com/OpenMined/PySyft/pull/145,,,,,,Crash,Incorrect Tensor-related Implementation,FL-Others,PySyft,,,,,,"{""Bug"": ""https://github.com/OpenMined/PySyft/pull/145"", ""Bug Stage"": ""FL-Others"", ""Framework"": ""PySyft"", ""Root Cause"": ""Incorrect Tensor-related Implementation"", ""Symptom"": ""Crash""}",data/raw_stage1/fse2023_understanding_the_bug_characteristics_and/Manual_Labelling__Manual_Labelling.xlsx,Sheet1,244
fse2023_understanding_the_bug_characteristics_and:b1cfb95c824dcc91,fse2023_understanding_the_bug_characteristics_and,federated_learning,https://github.com/FederatedAI/FATE/pull/3821,https://github.com/FederatedAI/FATE/pull/3821,,,,,,Incorrect Functionality,Incorrect FL Algorithm Implementation,Aggregation & Update,FATE,,,,,,"{""Bug"": ""https://github.com/FederatedAI/FATE/pull/3821"", ""Bug Stage"": ""Aggregation & Update"", ""Framework"": ""FATE"", ""Root Cause"": ""Incorrect FL Algorithm Implementation"", ""Symptom"": ""Incorrect Functionality""}",data/raw_stage1/fse2023_understanding_the_bug_characteristics_and/Manual_Labelling__Manual_Labelling.xlsx,Sheet1,245
fse2023_understanding_the_bug_characteristics_and:d2b4452295abe475,fse2023_understanding_the_bug_characteristics_and,federated_learning,https://github.com/FederatedAI/FATE/pull/3740,https://github.com/FederatedAI/FATE/pull/3740,,,,,,Incorrect Functionality,Missing/Incorrect Exception Checking,Others,FATE,,,,,,"{""Bug"": ""https://github.com/FederatedAI/FATE/pull/3740"", ""Bug Stage"": ""Others"", ""Framework"": ""FATE"", ""Root Cause"": ""Missing/Incorrect Exception Checking"", ""Symptom"": ""Incorrect Functionality""}",data/raw_stage1/fse2023_understanding_the_bug_characteristics_and/Manual_Labelling__Manual_Labelling.xlsx,Sheet1,246
fse2023_understanding_the_bug_characteristics_and:e56f578f0a0451ed,fse2023_understanding_the_bug_characteristics_and,federated_learning,https://github.com/FederatedAI/FATE/pull/3513,https://github.com/FederatedAI/FATE/pull/3513,,,,,,Incorrect Functionality,Incorrect FL Algorithm Implementation,Client Computation,FATE,,,,,,"{""Bug"": ""https://github.com/FederatedAI/FATE/pull/3513"", ""Bug Stage"": ""Client Computation"", ""Framework"": ""FATE"", ""Root Cause"": ""Incorrect FL Algorithm Implementation"", ""Symptom"": ""Incorrect Functionality""}",data/raw_stage1/fse2023_understanding_the_bug_characteristics_and/Manual_Labelling__Manual_Labelling.xlsx,Sheet1,247
fse2023_understanding_the_bug_characteristics_and:db3b39174f2747ad,fse2023_understanding_the_bug_characteristics_and,federated_learning,https://github.com/FederatedAI/FATE/pull/2578,https://github.com/FederatedAI/FATE/pull/2578,,,,,,Incorrect Functionality,Incorrect FL Algorithm Implementation,Model building,FATE,,,,,,"{""Bug"": ""https://github.com/FederatedAI/FATE/pull/2578"", ""Bug Stage"": ""Model building"", ""Framework"": ""FATE"", ""Root Cause"": ""Incorrect FL Algorithm Implementation"", ""Symptom"": ""Incorrect Functionality""}",data/raw_stage1/fse2023_understanding_the_bug_characteristics_and/Manual_Labelling__Manual_Labelling.xlsx,Sheet1,248
fse2023_understanding_the_bug_characteristics_and:fd2c15bc939dcacb,fse2023_understanding_the_bug_characteristics_and,federated_learning,https://github.com/FederatedAI/FATE/pull/2518,https://github.com/FederatedAI/FATE/pull/2518,,,,,,Incorrect Functionality,API Misuse,Data Preparation,FATE,,,,,,"{""Bug"": ""https://github.com/FederatedAI/FATE/pull/2518"", ""Bug Stage"": ""Data Preparation"", ""Framework"": ""FATE"", ""Root Cause"": ""API Misuse"", ""Symptom"": ""Incorrect Functionality""}",data/raw_stage1/fse2023_understanding_the_bug_characteristics_and/Manual_Labelling__Manual_Labelling.xlsx,Sheet1,249
fse2023_understanding_the_bug_characteristics_and:e8e6e2007fa390f8,fse2023_understanding_the_bug_characteristics_and,federated_learning,https://github.com/FederatedAI/FATE/pull/2450,https://github.com/FederatedAI/FATE/pull/2450,,,,,,Crash,Incorrect Privacy Mechanisms,Model building,FATE,,,,,,"{""Bug"": ""https://github.com/FederatedAI/FATE/pull/2450"", ""Bug Stage"": ""Model building"", ""Framework"": ""FATE"", ""Root Cause"": ""Incorrect Privacy Mechanisms"", ""Symptom"": ""Crash""}",data/raw_stage1/fse2023_understanding_the_bug_characteristics_and/Manual_Labelling__Manual_Labelling.xlsx,Sheet1,250
fse2023_understanding_the_bug_characteristics_and:838513a0416abf5e,fse2023_understanding_the_bug_characteristics_and,federated_learning,https://github.com/FederatedAI/FATE/pull/2432,https://github.com/FederatedAI/FATE/pull/2432,,,,,,Unknown,Others,Prediction & Evaluation,FATE,,,,,,"{""Bug"": ""https://github.com/FederatedAI/FATE/pull/2432"", ""Bug Stage"": ""Prediction & Evaluation"", ""Framework"": ""FATE"", ""Root Cause"": ""Others"", ""Symptom"": ""Unknown""}",data/raw_stage1/fse2023_understanding_the_bug_characteristics_and/Manual_Labelling__Manual_Labelling.xlsx,Sheet1,251
fse2023_understanding_the_bug_characteristics_and:4c684d6175992404,fse2023_understanding_the_bug_characteristics_and,federated_learning,https://github.com/FederatedAI/FATE/pull/2400,https://github.com/FederatedAI/FATE/pull/2400,,,,,,Hang,Improper Interaction Initialization/Establishment,Client computation,FATE,,,,,,"{""Bug"": ""https://github.com/FederatedAI/FATE/pull/2400"", ""Bug Stage"": ""Client computation"", ""Framework"": ""FATE"", ""Root Cause"": ""Improper Interaction Initialization/Establishment"", ""Symptom"": ""Hang""}",data/raw_stage1/fse2023_understanding_the_bug_characteristics_and/Manual_Labelling__Manual_Labelling.xlsx,Sheet1,252
fse2023_understanding_the_bug_characteristics_and:af86f5d2113b0360,fse2023_understanding_the_bug_characteristics_and,federated_learning,https://github.com/FederatedAI/FATE/pull/2384,https://github.com/FederatedAI/FATE/pull/2384,,,,,,Crash,Improper Interaction Initialization/Establishment,FL-Others,FATE,,,,,,"{""Bug"": ""https://github.com/FederatedAI/FATE/pull/2384"", ""Bug Stage"": ""FL-Others"", ""Framework"": ""FATE"", ""Root Cause"": ""Improper Interaction Initialization/Establishment"", ""Symptom"": ""Crash""}",data/raw_stage1/fse2023_understanding_the_bug_characteristics_and/Manual_Labelling__Manual_Labelling.xlsx,Sheet1,253
fse2023_understanding_the_bug_characteristics_and:524446b25b46d844,fse2023_understanding_the_bug_characteristics_and,federated_learning,https://github.com/FederatedAI/FATE/pull/2309,https://github.com/FederatedAI/FATE/pull/2309,,,,,,Incorrect Functionality,Incorrect Privacy Mechanisms,Security mechanism,FATE,,,,,,"{""Bug"": ""https://github.com/FederatedAI/FATE/pull/2309"", ""Bug Stage"": ""Security mechanism"", ""Framework"": ""FATE"", ""Root Cause"": ""Incorrect Privacy Mechanisms"", ""Symptom"": ""Incorrect Functionality""}",data/raw_stage1/fse2023_understanding_the_bug_characteristics_and/Manual_Labelling__Manual_Labelling.xlsx,Sheet1,254
fse2023_understanding_the_bug_characteristics_and:ac6ee3d5fd4d8871,fse2023_understanding_the_bug_characteristics_and,federated_learning,https://github.com/FederatedAI/FATE/pull/2228,https://github.com/FederatedAI/FATE/pull/2228,,,,,,Unknown,Incorrect Data Loading,Data Preparation,FATE,,,,,,"{""Bug"": ""https://github.com/FederatedAI/FATE/pull/2228"", ""Bug Stage"": ""Data Preparation"", ""Framework"": ""FATE"", ""Root Cause"": ""Incorrect Data Loading"", ""Symptom"": ""Unknown""}",data/raw_stage1/fse2023_understanding_the_bug_characteristics_and/Manual_Labelling__Manual_Labelling.xlsx,Sheet1,255
fse2023_understanding_the_bug_characteristics_and:97766d309e730118,fse2023_understanding_the_bug_characteristics_and,federated_learning,https://github.com/FederatedAI/FATE/pull/2116,https://github.com/FederatedAI/FATE/pull/2116,,,,,,Incorrect Functionality,"Incorrect Data Type, Shape & Format",Model building,FATE,,,,,,"{""Bug"": ""https://github.com/FederatedAI/FATE/pull/2116"", ""Bug Stage"": ""Model building"", ""Framework"": ""FATE"", ""Root Cause"": ""Incorrect Data Type, Shape & Format"", ""Symptom"": ""Incorrect Functionality""}",data/raw_stage1/fse2023_understanding_the_bug_characteristics_and/Manual_Labelling__Manual_Labelling.xlsx,Sheet1,256
fse2023_understanding_the_bug_characteristics_and:d47c13cf6122faa3,fse2023_understanding_the_bug_characteristics_and,federated_learning,https://github.com/FederatedAI/FATE/pull/2060,https://github.com/FederatedAI/FATE/pull/2060,,,,,,Unknown,Missing/Incorrect Exception Checking,Data Preparation,FATE,,,,,,"{""Bug"": ""https://github.com/FederatedAI/FATE/pull/2060"", ""Bug Stage"": ""Data Preparation"", ""Framework"": ""FATE"", ""Root Cause"": ""Missing/Incorrect Exception Checking"", ""Symptom"": ""Unknown""}",data/raw_stage1/fse2023_understanding_the_bug_characteristics_and/Manual_Labelling__Manual_Labelling.xlsx,Sheet1,257
fse2023_understanding_the_bug_characteristics_and:7337a6471bb15cbc,fse2023_understanding_the_bug_characteristics_and,federated_learning,https://github.com/FederatedAI/FATE/pull/1961,https://github.com/FederatedAI/FATE/pull/1961,,,,,,Unknown,Incorrect FL Algorithm Implementation,Model building,FATE,,,,,,"{""Bug"": ""https://github.com/FederatedAI/FATE/pull/1961"", ""Bug Stage"": ""Model building"", ""Framework"": ""FATE"", ""Root Cause"": ""Incorrect FL Algorithm Implementation"", ""Symptom"": ""Unknown""}",data/raw_stage1/fse2023_understanding_the_bug_characteristics_and/Manual_Labelling__Manual_Labelling.xlsx,Sheet1,258
fse2023_understanding_the_bug_characteristics_and:29c52fe75c60c3fd,fse2023_understanding_the_bug_characteristics_and,federated_learning,https://github.com/FederatedAI/FATE/pull/1918,https://github.com/FederatedAI/FATE/pull/1918,,,,,,Unknown,Improper Model Evaluation,Prediction & Evaluation,FATE,,,,,,"{""Bug"": ""https://github.com/FederatedAI/FATE/pull/1918"", ""Bug Stage"": ""Prediction & Evaluation"", ""Framework"": ""FATE"", ""Root Cause"": ""Improper Model Evaluation"", ""Symptom"": ""Unknown""}",data/raw_stage1/fse2023_understanding_the_bug_characteristics_and/Manual_Labelling__Manual_Labelling.xlsx,Sheet1,259
fse2023_understanding_the_bug_characteristics_and:02f71f9cf14e318d,fse2023_understanding_the_bug_characteristics_and,federated_learning,https://github.com/FederatedAI/FATE/pull/1910,https://github.com/FederatedAI/FATE/pull/1910,,,,,,Crash,Incorrect FL Algorithm Implementation,Model building,FATE,,,,,,"{""Bug"": ""https://github.com/FederatedAI/FATE/pull/1910"", ""Bug Stage"": ""Model building"", ""Framework"": ""FATE"", ""Root Cause"": ""Incorrect FL Algorithm Implementation"", ""Symptom"": ""Crash""}",data/raw_stage1/fse2023_understanding_the_bug_characteristics_and/Manual_Labelling__Manual_Labelling.xlsx,Sheet1,260
fse2023_understanding_the_bug_characteristics_and:c85d9b211cd361da,fse2023_understanding_the_bug_characteristics_and,federated_learning,https://github.com/FederatedAI/FATE/pull/1855,https://github.com/FederatedAI/FATE/pull/1855,,,,,,Incorrect Functionality,Incorrect Tensor-related Implementation,Transformation & Transfer,FATE,,,,,,"{""Bug"": ""https://github.com/FederatedAI/FATE/pull/1855"", ""Bug Stage"": ""Transformation & Transfer"", ""Framework"": ""FATE"", ""Root Cause"": ""Incorrect Tensor-related Implementation"", ""Symptom"": ""Incorrect Functionality""}",data/raw_stage1/fse2023_understanding_the_bug_characteristics_and/Manual_Labelling__Manual_Labelling.xlsx,Sheet1,261
fse2023_understanding_the_bug_characteristics_and:b3523ec8fc8cf3e7,fse2023_understanding_the_bug_characteristics_and,federated_learning,https://github.com/FederatedAI/FATE/pull/1781,https://github.com/FederatedAI/FATE/pull/1781,,,,,,Incorrect Functionality,Improper Interaction Initialization/Establishment,FL Configuration,FATE,,,,,,"{""Bug"": ""https://github.com/FederatedAI/FATE/pull/1781"", ""Bug Stage"": ""FL Configuration"", ""Framework"": ""FATE"", ""Root Cause"": ""Improper Interaction Initialization/Establishment"", ""Symptom"": ""Incorrect Functionality""}",data/raw_stage1/fse2023_understanding_the_bug_characteristics_and/Manual_Labelling__Manual_Labelling.xlsx,Sheet1,262
fse2023_understanding_the_bug_characteristics_and:a5afa43d05e89af4,fse2023_understanding_the_bug_characteristics_and,federated_learning,https://github.com/FederatedAI/FATE/pull/1757,https://github.com/FederatedAI/FATE/pull/1757,,,,,,Incorrect Functionality,"Incorrect Data Type, Shape & Format",Data Preparation,FATE,,,,,,"{""Bug"": ""https://github.com/FederatedAI/FATE/pull/1757"", ""Bug Stage"": ""Data Preparation"", ""Framework"": ""FATE"", ""Root Cause"": ""Incorrect Data Type, Shape & Format"", ""Symptom"": ""Incorrect Functionality""}",data/raw_stage1/fse2023_understanding_the_bug_characteristics_and/Manual_Labelling__Manual_Labelling.xlsx,Sheet1,263
fse2023_understanding_the_bug_characteristics_and:aa9768c08e856f09,fse2023_understanding_the_bug_characteristics_and,federated_learning,https://github.com/FederatedAI/FATE/pull/1749,https://github.com/FederatedAI/FATE/pull/1749,,,,,,Crash,Incorrect Data Split,Data Preparation,FATE,,,,,,"{""Bug"": ""https://github.com/FederatedAI/FATE/pull/1749"", ""Bug Stage"": ""Data Preparation"", ""Framework"": ""FATE"", ""Root Cause"": ""Incorrect Data Split"", ""Symptom"": ""Crash""}",data/raw_stage1/fse2023_understanding_the_bug_characteristics_and/Manual_Labelling__Manual_Labelling.xlsx,Sheet1,264
fse2023_understanding_the_bug_characteristics_and:e2b0aae0f2165161,fse2023_understanding_the_bug_characteristics_and,federated_learning,https://github.com/FederatedAI/FATE/pull/1746,https://github.com/FederatedAI/FATE/pull/1746,,,,,,Unknown,Improper Entity Alignment,Transformation & Transfer,FATE,,,,,,"{""Bug"": ""https://github.com/FederatedAI/FATE/pull/1746"", ""Bug Stage"": ""Transformation & Transfer"", ""Framework"": ""FATE"", ""Root Cause"": ""Improper Entity Alignment"", ""Symptom"": ""Unknown""}",data/raw_stage1/fse2023_understanding_the_bug_characteristics_and/Manual_Labelling__Manual_Labelling.xlsx,Sheet1,265
fse2023_understanding_the_bug_characteristics_and:530b95117a3bdd2b,fse2023_understanding_the_bug_characteristics_and,federated_learning,https://github.com/FederatedAI/FATE/pull/1712,https://github.com/FederatedAI/FATE/pull/1712,,,,,,Crash,Framework Evolution,Framework evolution,FATE,,,,,,"{""Bug"": ""https://github.com/FederatedAI/FATE/pull/1712"", ""Bug Stage"": ""Framework evolution"", ""Framework"": ""FATE"", ""Root Cause"": ""Framework Evolution"", ""Symptom"": ""Crash""}",data/raw_stage1/fse2023_understanding_the_bug_characteristics_and/Manual_Labelling__Manual_Labelling.xlsx,Sheet1,266
fse2023_understanding_the_bug_characteristics_and:f7e70d7b1f9ec3f2,fse2023_understanding_the_bug_characteristics_and,federated_learning,https://github.com/FederatedAI/FATE/pull/1711,https://github.com/FederatedAI/FATE/pull/1711,,,,,,Crash,Improper Interaction Initialization/Establishment,FL-Others,FATE,,,,,,"{""Bug"": ""https://github.com/FederatedAI/FATE/pull/1711"", ""Bug Stage"": ""FL-Others"", ""Framework"": ""FATE"", ""Root Cause"": ""Improper Interaction Initialization/Establishment"", ""Symptom"": ""Crash""}",data/raw_stage1/fse2023_understanding_the_bug_characteristics_and/Manual_Labelling__Manual_Labelling.xlsx,Sheet1,267
fse2023_understanding_the_bug_characteristics_and:5070d5634d7d968e,fse2023_understanding_the_bug_characteristics_and,federated_learning,https://github.com/FederatedAI/FATE/pull/1683,https://github.com/FederatedAI/FATE/pull/1683,,,,,,Crash,"Incorrect Data Type, Shape & Format",Model building,FATE,,,,,,"{""Bug"": ""https://github.com/FederatedAI/FATE/pull/1683"", ""Bug Stage"": ""Model building"", ""Framework"": ""FATE"", ""Root Cause"": ""Incorrect Data Type, Shape & Format"", ""Symptom"": ""Crash""}",data/raw_stage1/fse2023_understanding_the_bug_characteristics_and/Manual_Labelling__Manual_Labelling.xlsx,Sheet1,268
fse2023_understanding_the_bug_characteristics_and:da431aec6ea3d11a,fse2023_understanding_the_bug_characteristics_and,federated_learning,https://github.com/FederatedAI/FATE/pull/1650,https://github.com/FederatedAI/FATE/pull/1650,,,,,,Crash,Improper Entity Alignment,Transformation & Transfer,FATE,,,,,,"{""Bug"": ""https://github.com/FederatedAI/FATE/pull/1650"", ""Bug Stage"": ""Transformation & Transfer"", ""Framework"": ""FATE"", ""Root Cause"": ""Improper Entity Alignment"", ""Symptom"": ""Crash""}",data/raw_stage1/fse2023_understanding_the_bug_characteristics_and/Manual_Labelling__Manual_Labelling.xlsx,Sheet1,269
fse2023_understanding_the_bug_characteristics_and:ce71cf4d6241b342,fse2023_understanding_the_bug_characteristics_and,federated_learning,https://github.com/FederatedAI/FATE/pull/1609,https://github.com/FederatedAI/FATE/pull/1609,,,,,,Incorrect Functionality,Incorrect FL Algorithm Implementation,Model building,FATE,,,,,,"{""Bug"": ""https://github.com/FederatedAI/FATE/pull/1609"", ""Bug Stage"": ""Model building"", ""Framework"": ""FATE"", ""Root Cause"": ""Incorrect FL Algorithm Implementation"", ""Symptom"": ""Incorrect Functionality""}",data/raw_stage1/fse2023_understanding_the_bug_characteristics_and/Manual_Labelling__Manual_Labelling.xlsx,Sheet1,270
fse2023_understanding_the_bug_characteristics_and:ad3db15e0946c262,fse2023_understanding_the_bug_characteristics_and,federated_learning,https://github.com/FederatedAI/FATE/pull/1536,https://github.com/FederatedAI/FATE/pull/1536,,,,,,Incorrect Functionality,"Incorrect Data Type, Shape & Format",Model building,FATE,,,,,,"{""Bug"": ""https://github.com/FederatedAI/FATE/pull/1536"", ""Bug Stage"": ""Model building"", ""Framework"": ""FATE"", ""Root Cause"": ""Incorrect Data Type, Shape & Format"", ""Symptom"": ""Incorrect Functionality""}",data/raw_stage1/fse2023_understanding_the_bug_characteristics_and/Manual_Labelling__Manual_Labelling.xlsx,Sheet1,271
fse2023_understanding_the_bug_characteristics_and:ad3db15e0946c262,fse2023_understanding_the_bug_characteristics_and,federated_learning,https://github.com/FederatedAI/FATE/pull/1536,https://github.com/FederatedAI/FATE/pull/1536,,,,,,,Improper Model Initialization,,FATE,,,,,,"{""Bug"": ""https://github.com/FederatedAI/FATE/pull/1536"", ""Framework"": ""FATE"", ""Root Cause"": ""Improper Model Initialization""}",data/raw_stage1/fse2023_understanding_the_bug_characteristics_and/Manual_Labelling__Manual_Labelling.xlsx,Sheet1,272
fse2023_understanding_the_bug_characteristics_and:3106b06049463c45,fse2023_understanding_the_bug_characteristics_and,federated_learning,https://github.com/FederatedAI/FATE/pull/1482,https://github.com/FederatedAI/FATE/pull/1482,,,,,,Incorrect Functionality,Incorrect FL Algorithm Implementation,FL-Others,FATE,,,,,,"{""Bug"": ""https://github.com/FederatedAI/FATE/pull/1482"", ""Bug Stage"": ""FL-Others"", ""Framework"": ""FATE"", ""Root Cause"": ""Incorrect FL Algorithm Implementation"", ""Symptom"": ""Incorrect Functionality""}",data/raw_stage1/fse2023_understanding_the_bug_characteristics_and/Manual_Labelling__Manual_Labelling.xlsx,Sheet1,273
fse2023_understanding_the_bug_characteristics_and:983f98c814c7d523,fse2023_understanding_the_bug_characteristics_and,federated_learning,https://github.com/FederatedAI/FATE/pull/1449,https://github.com/FederatedAI/FATE/pull/1449,,,,,,Incorrect Functionality,Others,FL-Others,FATE,,,,,,"{""Bug"": ""https://github.com/FederatedAI/FATE/pull/1449"", ""Bug Stage"": ""FL-Others"", ""Framework"": ""FATE"", ""Root Cause"": ""Others"", ""Symptom"": ""Incorrect Functionality""}",data/raw_stage1/fse2023_understanding_the_bug_characteristics_and/Manual_Labelling__Manual_Labelling.xlsx,Sheet1,274
fse2023_understanding_the_bug_characteristics_and:8a1262fdffc74f57,fse2023_understanding_the_bug_characteristics_and,federated_learning,https://github.com/FederatedAI/FATE/pull/1444,https://github.com/FederatedAI/FATE/pull/1444,,,,,,Incorrect Functionality,"Incorrect Data Type, Shape & Format",Prediction & Evaluation,FATE,,,,,,"{""Bug"": ""https://github.com/FederatedAI/FATE/pull/1444"", ""Bug Stage"": ""Prediction & Evaluation"", ""Framework"": ""FATE"", ""Root Cause"": ""Incorrect Data Type, Shape & Format"", ""Symptom"": ""Incorrect Functionality""}",data/raw_stage1/fse2023_understanding_the_bug_characteristics_and/Manual_Labelling__Manual_Labelling.xlsx,Sheet1,275
fse2023_understanding_the_bug_characteristics_and:01f326bf08d23b72,fse2023_understanding_the_bug_characteristics_and,federated_learning,https://github.com/FederatedAI/FATE/pull/1441,https://github.com/FederatedAI/FATE/pull/1441,,,,,,Incorrect Functionality,Improper Entity Alignment,Transformation & Transfer,FATE,,,,,,"{""Bug"": ""https://github.com/FederatedAI/FATE/pull/1441"", ""Bug Stage"": ""Transformation & Transfer"", ""Framework"": ""FATE"", ""Root Cause"": ""Improper Entity Alignment"", ""Symptom"": ""Incorrect Functionality""}",data/raw_stage1/fse2023_understanding_the_bug_characteristics_and/Manual_Labelling__Manual_Labelling.xlsx,Sheet1,276
fse2023_understanding_the_bug_characteristics_and:41d943ca7f52ad20,fse2023_understanding_the_bug_characteristics_and,federated_learning,https://github.com/FederatedAI/FATE/pull/1436,https://github.com/FederatedAI/FATE/pull/1436,,,,,,Incorrect Functionality,Improper Entity Alignment,Transformation & Transfer,FATE,,,,,,"{""Bug"": ""https://github.com/FederatedAI/FATE/pull/1436"", ""Bug Stage"": ""Transformation & Transfer"", ""Framework"": ""FATE"", ""Root Cause"": ""Improper Entity Alignment"", ""Symptom"": ""Incorrect Functionality""}",data/raw_stage1/fse2023_understanding_the_bug_characteristics_and/Manual_Labelling__Manual_Labelling.xlsx,Sheet1,277
fse2023_understanding_the_bug_characteristics_and:0675e551533a6b33,fse2023_understanding_the_bug_characteristics_and,federated_learning,https://github.com/FederatedAI/FATE/pull/1424,https://github.com/FederatedAI/FATE/pull/1424,,,,,,Incorrect Functionality,Improper Model Evaluation,Prediction & Evaluation,FATE,,,,,,"{""Bug"": ""https://github.com/FederatedAI/FATE/pull/1424"", ""Bug Stage"": ""Prediction & Evaluation"", ""Framework"": ""FATE"", ""Root Cause"": ""Improper Model Evaluation"", ""Symptom"": ""Incorrect Functionality""}",data/raw_stage1/fse2023_understanding_the_bug_characteristics_and/Manual_Labelling__Manual_Labelling.xlsx,Sheet1,278
fse2023_understanding_the_bug_characteristics_and:e37b676d8509e35d,fse2023_understanding_the_bug_characteristics_and,federated_learning,https://github.com/FederatedAI/FATE/pull/1421,https://github.com/FederatedAI/FATE/pull/1421,,,,,,Crash,Improper Entity Alignment,Transformation & Transfer,FATE,,,,,,"{""Bug"": ""https://github.com/FederatedAI/FATE/pull/1421"", ""Bug Stage"": ""Transformation & Transfer"", ""Framework"": ""FATE"", ""Root Cause"": ""Improper Entity Alignment"", ""Symptom"": ""Crash""}",data/raw_stage1/fse2023_understanding_the_bug_characteristics_and/Manual_Labelling__Manual_Labelling.xlsx,Sheet1,279
fse2023_understanding_the_bug_characteristics_and:82eec3049bf55c68,fse2023_understanding_the_bug_characteristics_and,federated_learning,https://github.com/FederatedAI/FATE/pull/1415,https://github.com/FederatedAI/FATE/pull/1415,,,,,,Incorrect Functionality,Improper Model Evaluation,Prediction & Evaluation,FATE,,,,,,"{""Bug"": ""https://github.com/FederatedAI/FATE/pull/1415"", ""Bug Stage"": ""Prediction & Evaluation"", ""Framework"": ""FATE"", ""Root Cause"": ""Improper Model Evaluation"", ""Symptom"": ""Incorrect Functionality""}",data/raw_stage1/fse2023_understanding_the_bug_characteristics_and/Manual_Labelling__Manual_Labelling.xlsx,Sheet1,280
fse2023_understanding_the_bug_characteristics_and:b48e42fd0e323b45,fse2023_understanding_the_bug_characteristics_and,federated_learning,https://github.com/FederatedAI/FATE/pull/1411,https://github.com/FederatedAI/FATE/pull/1411,,,,,,Incorrect Functionality,Unsuitable ML/DL Algorithm Selection,Prediction & Evaluation,FATE,,,,,,"{""Bug"": ""https://github.com/FederatedAI/FATE/pull/1411"", ""Bug Stage"": ""Prediction & Evaluation"", ""Framework"": ""FATE"", ""Root Cause"": ""Unsuitable ML/DL Algorithm Selection"", ""Symptom"": ""Incorrect Functionality""}",data/raw_stage1/fse2023_understanding_the_bug_characteristics_and/Manual_Labelling__Manual_Labelling.xlsx,Sheet1,281
fse2023_understanding_the_bug_characteristics_and:2b4a282f526c73b8,fse2023_understanding_the_bug_characteristics_and,federated_learning,https://github.com/FederatedAI/FATE/pull/1342,https://github.com/FederatedAI/FATE/pull/1342,,,,,,Hang,Incorrect FL Algorithm Implementation,Security mechanism,FATE,,,,,,"{""Bug"": ""https://github.com/FederatedAI/FATE/pull/1342"", ""Bug Stage"": ""Security mechanism"", ""Framework"": ""FATE"", ""Root Cause"": ""Incorrect FL Algorithm Implementation"", ""Symptom"": ""Hang""}",data/raw_stage1/fse2023_understanding_the_bug_characteristics_and/Manual_Labelling__Manual_Labelling.xlsx,Sheet1,282
fse2023_understanding_the_bug_characteristics_and:a87ab8a452743422,fse2023_understanding_the_bug_characteristics_and,federated_learning,https://github.com/FederatedAI/FATE/pull/1200,https://github.com/FederatedAI/FATE/pull/1200,,,,,,Incorrect Functionality,Incorrect FL Algorithm Implementation,Model building,FATE,,,,,,"{""Bug"": ""https://github.com/FederatedAI/FATE/pull/1200"", ""Bug Stage"": ""Model building"", ""Framework"": ""FATE"", ""Root Cause"": ""Incorrect FL Algorithm Implementation"", ""Symptom"": ""Incorrect Functionality""}",data/raw_stage1/fse2023_understanding_the_bug_characteristics_and/Manual_Labelling__Manual_Labelling.xlsx,Sheet1,283
fse2023_understanding_the_bug_characteristics_and:67cfc91834999b81,fse2023_understanding_the_bug_characteristics_and,federated_learning,https://github.com/FederatedAI/FATE/pull/1197,https://github.com/FederatedAI/FATE/pull/1197,,,,,,Unknown,Framework Evolution,Framework evolution,FATE,,,,,,"{""Bug"": ""https://github.com/FederatedAI/FATE/pull/1197"", ""Bug Stage"": ""Framework evolution"", ""Framework"": ""FATE"", ""Root Cause"": ""Framework Evolution"", ""Symptom"": ""Unknown""}",data/raw_stage1/fse2023_understanding_the_bug_characteristics_and/Manual_Labelling__Manual_Labelling.xlsx,Sheet1,284
fse2023_understanding_the_bug_characteristics_and:70e9720e89d9ce87,fse2023_understanding_the_bug_characteristics_and,federated_learning,https://github.com/FederatedAI/FATE/pull/1180,https://github.com/FederatedAI/FATE/pull/1180,,,,,,Unknown,Incorrect FL Algorithm Implementation,Model building,FATE,,,,,,"{""Bug"": ""https://github.com/FederatedAI/FATE/pull/1180"", ""Bug Stage"": ""Model building"", ""Framework"": ""FATE"", ""Root Cause"": ""Incorrect FL Algorithm Implementation"", ""Symptom"": ""Unknown""}",data/raw_stage1/fse2023_understanding_the_bug_characteristics_and/Manual_Labelling__Manual_Labelling.xlsx,Sheet1,285
fse2023_understanding_the_bug_characteristics_and:5940d93229646c93,fse2023_understanding_the_bug_characteristics_and,federated_learning,https://github.com/FederatedAI/FATE/pull/1139,https://github.com/FederatedAI/FATE/pull/1139,,,,,,Incorrect Functionality,Others,Model building,FATE,,,,,,"{""Bug"": ""https://github.com/FederatedAI/FATE/pull/1139"", ""Bug Stage"": ""Model building"", ""Framework"": ""FATE"", ""Root Cause"": ""Others"", ""Symptom"": ""Incorrect Functionality""}",data/raw_stage1/fse2023_understanding_the_bug_characteristics_and/Manual_Labelling__Manual_Labelling.xlsx,Sheet1,286
fse2023_understanding_the_bug_characteristics_and:a1e3a7b4cd8aee30,fse2023_understanding_the_bug_characteristics_and,federated_learning,https://github.com/FederatedAI/FATE/pull/1118,https://github.com/FederatedAI/FATE/pull/1118,,,,,,Incorrect Functionality,Incorrect FL Algorithm Implementation,Model building,FATE,,,,,,"{""Bug"": ""https://github.com/FederatedAI/FATE/pull/1118"", ""Bug Stage"": ""Model building"", ""Framework"": ""FATE"", ""Root Cause"": ""Incorrect FL Algorithm Implementation"", ""Symptom"": ""Incorrect Functionality""}",data/raw_stage1/fse2023_understanding_the_bug_characteristics_and/Manual_Labelling__Manual_Labelling.xlsx,Sheet1,287
fse2023_understanding_the_bug_characteristics_and:f831c00b881ca2ea,fse2023_understanding_the_bug_characteristics_and,federated_learning,https://github.com/FederatedAI/FATE/pull/1116,https://github.com/FederatedAI/FATE/pull/1116,,,,,,Unknown,Incorrect Data Loading,Data Preparation,FATE,,,,,,"{""Bug"": ""https://github.com/FederatedAI/FATE/pull/1116"", ""Bug Stage"": ""Data Preparation"", ""Framework"": ""FATE"", ""Root Cause"": ""Incorrect Data Loading"", ""Symptom"": ""Unknown""}",data/raw_stage1/fse2023_understanding_the_bug_characteristics_and/Manual_Labelling__Manual_Labelling.xlsx,Sheet1,288
fse2023_understanding_the_bug_characteristics_and:da859287808085bb,fse2023_understanding_the_bug_characteristics_and,federated_learning,https://github.com/FederatedAI/FATE/pull/963,https://github.com/FederatedAI/FATE/pull/963,,,,,,Deployment Failure,Incorrect FL Setup/Configuration,Deployment,FATE,,,,,,"{""Bug"": ""https://github.com/FederatedAI/FATE/pull/963"", ""Bug Stage"": ""Deployment"", ""Framework"": ""FATE"", ""Root Cause"": ""Incorrect FL Setup/Configuration"", ""Symptom"": ""Deployment Failure""}",data/raw_stage1/fse2023_understanding_the_bug_characteristics_and/Manual_Labelling__Manual_Labelling.xlsx,Sheet1,289
fse2023_understanding_the_bug_characteristics_and:eeeb9429db0de044,fse2023_understanding_the_bug_characteristics_and,federated_learning,https://github.com/tensorflow/federated/pull/1423,https://github.com/tensorflow/federated/pull/1423,,,,,,Crash,Improper Interaction Initialization/Establishment,Client computation,TFF,,,,,,"{""Bug"": ""https://github.com/tensorflow/federated/pull/1423"", ""Bug Stage"": ""Client computation"", ""Framework"": ""TFF"", ""Root Cause"": ""Improper Interaction Initialization/Establishment"", ""Symptom"": ""Crash""}",data/raw_stage1/fse2023_understanding_the_bug_characteristics_and/Manual_Labelling__Manual_Labelling.xlsx,Sheet1,290
fse2023_understanding_the_bug_characteristics_and:62879d30e8037312,fse2023_understanding_the_bug_characteristics_and,federated_learning,https://github.com/tensorflow/federated/pull/1412,https://github.com/tensorflow/federated/pull/1412,,,,,,Crash,Missing/Incorrect Exception Checking,FL-Others,TFF,,,,,,"{""Bug"": ""https://github.com/tensorflow/federated/pull/1412"", ""Bug Stage"": ""FL-Others"", ""Framework"": ""TFF"", ""Root Cause"": ""Missing/Incorrect Exception Checking"", ""Symptom"": ""Crash""}",data/raw_stage1/fse2023_understanding_the_bug_characteristics_and/Manual_Labelling__Manual_Labelling.xlsx,Sheet1,291
fse2023_understanding_the_bug_characteristics_and:4762b4dc1fbd41d1,fse2023_understanding_the_bug_characteristics_and,federated_learning,https://github.com/tensorflow/federated/pull/807,https://github.com/tensorflow/federated/pull/807,,,,,,Crash,Incorrect FL Algorithm Implementation,Aggregation & Update,TFF,,,,,,"{""Bug"": ""https://github.com/tensorflow/federated/pull/807"", ""Bug Stage"": ""Aggregation & Update"", ""Framework"": ""TFF"", ""Root Cause"": ""Incorrect FL Algorithm Implementation"", ""Symptom"": ""Crash""}",data/raw_stage1/fse2023_understanding_the_bug_characteristics_and/Manual_Labelling__Manual_Labelling.xlsx,Sheet1,292
fse2023_understanding_the_bug_characteristics_and:4762b4dc1fbd41d1,fse2023_understanding_the_bug_characteristics_and,federated_learning,https://github.com/tensorflow/federated/pull/807,https://github.com/tensorflow/federated/pull/807,,,,,,,Others,Client computation,TFF,,,,,,"{""Bug"": ""https://github.com/tensorflow/federated/pull/807"", ""Bug Stage"": ""Client computation"", ""Framework"": ""TFF"", ""Root Cause"": ""Others""}",data/raw_stage1/fse2023_understanding_the_bug_characteristics_and/Manual_Labelling__Manual_Labelling.xlsx,Sheet1,293
fse2023_understanding_the_bug_characteristics_and:f57a440bf9cd8e17,fse2023_understanding_the_bug_characteristics_and,federated_learning,https://github.com/tensorflow/federated/pull/667,https://github.com/tensorflow/federated/pull/667,,,,,,Incorrect Functionality,Incorrect Tensor-related Implementation,Client computation,TFF,,,,,,"{""Bug"": ""https://github.com/tensorflow/federated/pull/667"", ""Bug Stage"": ""Client computation"", ""Framework"": ""TFF"", ""Root Cause"": ""Incorrect Tensor-related Implementation"", ""Symptom"": ""Incorrect Functionality""}",data/raw_stage1/fse2023_understanding_the_bug_characteristics_and/Manual_Labelling__Manual_Labelling.xlsx,Sheet1,294
fse2023_understanding_the_bug_characteristics_and:3932679e50adcd00,fse2023_understanding_the_bug_characteristics_and,federated_learning,https://github.com/tensorflow/federated/pull/640,https://github.com/tensorflow/federated/pull/640,,,,,,Unknown,Incorrect Tensor-related Implementation,Client computation,TFF,,,,,,"{""Bug"": ""https://github.com/tensorflow/federated/pull/640"", ""Bug Stage"": ""Client computation"", ""Framework"": ""TFF"", ""Root Cause"": ""Incorrect Tensor-related Implementation"", ""Symptom"": ""Unknown""}",data/raw_stage1/fse2023_understanding_the_bug_characteristics_and/Manual_Labelling__Manual_Labelling.xlsx,Sheet1,295
fse2023_understanding_the_bug_characteristics_and:b926e245baf45e91,fse2023_understanding_the_bug_characteristics_and,federated_learning,https://github.com/tensorflow/federated/pull/591,https://github.com/tensorflow/federated/pull/591,,,,,,Incorrect Functionality,Improper Information Sharing,Client computation,TFF,,,,,,"{""Bug"": ""https://github.com/tensorflow/federated/pull/591"", ""Bug Stage"": ""Client computation"", ""Framework"": ""TFF"", ""Root Cause"": ""Improper Information Sharing"", ""Symptom"": ""Incorrect Functionality""}",data/raw_stage1/fse2023_understanding_the_bug_characteristics_and/Manual_Labelling__Manual_Labelling.xlsx,Sheet1,296
fse2023_understanding_the_bug_characteristics_and:44f4f121da873a5b,fse2023_understanding_the_bug_characteristics_and,federated_learning,https://github.com/tensorflow/federated/pull/590,https://github.com/tensorflow/federated/pull/590,,,,,,Incorrect Functionality,Incorrect Tensor-related Implementation,Client computation,TFF,,,,,,"{""Bug"": ""https://github.com/tensorflow/federated/pull/590"", ""Bug Stage"": ""Client computation"", ""Framework"": ""TFF"", ""Root Cause"": ""Incorrect Tensor-related Implementation"", ""Symptom"": ""Incorrect Functionality""}",data/raw_stage1/fse2023_understanding_the_bug_characteristics_and/Manual_Labelling__Manual_Labelling.xlsx,Sheet1,297
fse2023_understanding_the_bug_characteristics_and:35566e42f7da92d2,fse2023_understanding_the_bug_characteristics_and,federated_learning,https://github.com/tensorflow/federated/pull/571,https://github.com/tensorflow/federated/pull/571,,,,,,Unknown,Incorrect FL Algorithm Implementation,Client computation,TFF,,,,,,"{""Bug"": ""https://github.com/tensorflow/federated/pull/571"", ""Bug Stage"": ""Client computation"", ""Framework"": ""TFF"", ""Root Cause"": ""Incorrect FL Algorithm Implementation"", ""Symptom"": ""Unknown""}",data/raw_stage1/fse2023_understanding_the_bug_characteristics_and/Manual_Labelling__Manual_Labelling.xlsx,Sheet1,298
fse2023_understanding_the_bug_characteristics_and:4b55da916dbe7893,fse2023_understanding_the_bug_characteristics_and,federated_learning,https://github.com/tensorflow/federated/pull/515,https://github.com/tensorflow/federated/pull/515,,,,,,Unknown,Improper Model Evaluation,Prediction & Evaluation,TFF,,,,,,"{""Bug"": ""https://github.com/tensorflow/federated/pull/515"", ""Bug Stage"": ""Prediction & Evaluation"", ""Framework"": ""TFF"", ""Root Cause"": ""Improper Model Evaluation"", ""Symptom"": ""Unknown""}",data/raw_stage1/fse2023_understanding_the_bug_characteristics_and/Manual_Labelling__Manual_Labelling.xlsx,Sheet1,299
fse2023_understanding_the_bug_characteristics_and:a98b7f81d182b52b,fse2023_understanding_the_bug_characteristics_and,federated_learning,https://github.com/tensorflow/federated/pull/507,https://github.com/tensorflow/federated/pull/507,,,,,,Incorrect Functionality,Incorrect Tensor-related Implementation,Transformation & Transfer,TFF,,,,,,"{""Bug"": ""https://github.com/tensorflow/federated/pull/507"", ""Bug Stage"": ""Transformation & Transfer"", ""Framework"": ""TFF"", ""Root Cause"": ""Incorrect Tensor-related Implementation"", ""Symptom"": ""Incorrect Functionality""}",data/raw_stage1/fse2023_understanding_the_bug_characteristics_and/Manual_Labelling__Manual_Labelling.xlsx,Sheet1,300
fse2023_understanding_the_bug_characteristics_and:25bfae239d3ea946,fse2023_understanding_the_bug_characteristics_and,federated_learning,https://github.com/tensorflow/federated/pull/468,https://github.com/tensorflow/federated/pull/468,,,,,,Crash,Incorrect Tensor-related Implementation,Transformation & Transfer,TFF,,,,,,"{""Bug"": ""https://github.com/tensorflow/federated/pull/468"", ""Bug Stage"": ""Transformation & Transfer"", ""Framework"": ""TFF"", ""Root Cause"": ""Incorrect Tensor-related Implementation"", ""Symptom"": ""Crash""}",data/raw_stage1/fse2023_understanding_the_bug_characteristics_and/Manual_Labelling__Manual_Labelling.xlsx,Sheet1,301
fse2023_understanding_the_bug_characteristics_and:1caae221f79b7b8d,fse2023_understanding_the_bug_characteristics_and,federated_learning,https://github.com/tensorflow/federated/pull/433,https://github.com/tensorflow/federated/pull/433,,,,,,Crash,Incorrect Tensor-related Implementation,Transformation & Transfer,TFF,,,,,,"{""Bug"": ""https://github.com/tensorflow/federated/pull/433"", ""Bug Stage"": ""Transformation & Transfer"", ""Framework"": ""TFF"", ""Root Cause"": ""Incorrect Tensor-related Implementation"", ""Symptom"": ""Crash""}",data/raw_stage1/fse2023_understanding_the_bug_characteristics_and/Manual_Labelling__Manual_Labelling.xlsx,Sheet1,302
fse2023_understanding_the_bug_characteristics_and:f1d1c83315f69de2,fse2023_understanding_the_bug_characteristics_and,federated_learning,https://github.com/tensorflow/federated/pull/476,https://github.com/tensorflow/federated/pull/476,,,,,,Crash,Dependency Incompatibility,Dependency,TFF,,,,,,"{""Bug"": ""https://github.com/tensorflow/federated/pull/476"", ""Bug Stage"": ""Dependency"", ""Framework"": ""TFF"", ""Root Cause"": ""Dependency Incompatibility"", ""Symptom"": ""Crash""}",data/raw_stage1/fse2023_understanding_the_bug_characteristics_and/Manual_Labelling__Manual_Labelling.xlsx,Sheet1,303
fse2023_understanding_the_bug_characteristics_and:f1d1c83315f69de2,fse2023_understanding_the_bug_characteristics_and,federated_learning,https://github.com/tensorflow/federated/pull/476,https://github.com/tensorflow/federated/pull/476,,,,,,,Wrong/Missing Dependency Import,,TFF,,,,,,"{""Bug"": ""https://github.com/tensorflow/federated/pull/476"", ""Framework"": ""TFF"", ""Root Cause"": ""Wrong/Missing Dependency Import""}",data/raw_stage1/fse2023_understanding_the_bug_characteristics_and/Manual_Labelling__Manual_Labelling.xlsx,Sheet1,304
fse2023_understanding_the_bug_characteristics_and:b1a686903e2c5bd7,fse2023_understanding_the_bug_characteristics_and,federated_learning,https://github.com/tensorflow/federated/pull/400,https://github.com/tensorflow/federated/pull/400,,,,,,Crash,Dependency Incompatibility,Dependency,TFF,,,,,,"{""Bug"": ""https://github.com/tensorflow/federated/pull/400"", ""Bug Stage"": ""Dependency"", ""Framework"": ""TFF"", ""Root Cause"": ""Dependency Incompatibility"", ""Symptom"": ""Crash""}",data/raw_stage1/fse2023_understanding_the_bug_characteristics_and/Manual_Labelling__Manual_Labelling.xlsx,Sheet1,305
fse2023_understanding_the_bug_characteristics_and:b1a686903e2c5bd7,fse2023_understanding_the_bug_characteristics_and,federated_learning,https://github.com/tensorflow/federated/pull/400,https://github.com/tensorflow/federated/pull/400,,,,,,,Wrong/Missing Dependency Import,,TFF,,,,,,"{""Bug"": ""https://github.com/tensorflow/federated/pull/400"", ""Framework"": ""TFF"", ""Root Cause"": ""Wrong/Missing Dependency Import""}",data/raw_stage1/fse2023_understanding_the_bug_characteristics_and/Manual_Labelling__Manual_Labelling.xlsx,Sheet1,306
fse2023_understanding_the_bug_characteristics_and:119e305b01563f8f,fse2023_understanding_the_bug_characteristics_and,federated_learning,https://github.com/tensorflow/federated/pull/385,https://github.com/tensorflow/federated/pull/385,,,,,,Unknown,Incorrect Tensor-related Implementation,Transformation & Transfer,TFF,,,,,,"{""Bug"": ""https://github.com/tensorflow/federated/pull/385"", ""Bug Stage"": ""Transformation & Transfer"", ""Framework"": ""TFF"", ""Root Cause"": ""Incorrect Tensor-related Implementation"", ""Symptom"": ""Unknown""}",data/raw_stage1/fse2023_understanding_the_bug_characteristics_and/Manual_Labelling__Manual_Labelling.xlsx,Sheet1,307
fse2023_understanding_the_bug_characteristics_and:fccd0c3e6fd481b8,fse2023_understanding_the_bug_characteristics_and,federated_learning,https://github.com/tensorflow/federated/pull/384,https://github.com/tensorflow/federated/pull/384,,,,,,Crash,Missing/Incorrect Exception Checking,Dependency,TFF,,,,,,"{""Bug"": ""https://github.com/tensorflow/federated/pull/384"", ""Bug Stage"": ""Dependency"", ""Framework"": ""TFF"", ""Root Cause"": ""Missing/Incorrect Exception Checking"", ""Symptom"": ""Crash""}",data/raw_stage1/fse2023_understanding_the_bug_characteristics_and/Manual_Labelling__Manual_Labelling.xlsx,Sheet1,308
fse2023_understanding_the_bug_characteristics_and:de80c38ee4ff1845,fse2023_understanding_the_bug_characteristics_and,federated_learning,https://github.com/tensorflow/federated/pull/319,https://github.com/tensorflow/federated/pull/319,,,,,,Crash,Wrong/Missing Dependency Import,Dependency,TFF,,,,,,"{""Bug"": ""https://github.com/tensorflow/federated/pull/319"", ""Bug Stage"": ""Dependency"", ""Framework"": ""TFF"", ""Root Cause"": ""Wrong/Missing Dependency Import"", ""Symptom"": ""Crash""}",data/raw_stage1/fse2023_understanding_the_bug_characteristics_and/Manual_Labelling__Manual_Labelling.xlsx,Sheet1,309
fse2023_understanding_the_bug_characteristics_and:94af3b0ae2a6f578,fse2023_understanding_the_bug_characteristics_and,federated_learning,https://github.com/tensorflow/federated/pull/318,https://github.com/tensorflow/federated/pull/318,,,,,,Incorrect Functionality,Incorrect Tensor-related Implementation,Transformation & Transfer,TFF,,,,,,"{""Bug"": ""https://github.com/tensorflow/federated/pull/318"", ""Bug Stage"": ""Transformation & Transfer"", ""Framework"": ""TFF"", ""Root Cause"": ""Incorrect Tensor-related Implementation"", ""Symptom"": ""Incorrect Functionality""}",data/raw_stage1/fse2023_understanding_the_bug_characteristics_and/Manual_Labelling__Manual_Labelling.xlsx,Sheet1,310
fse2023_understanding_the_bug_characteristics_and:e449ffef42804cc9,fse2023_understanding_the_bug_characteristics_and,federated_learning,https://github.com/tensorflow/federated/pull/300,https://github.com/tensorflow/federated/pull/300,,,,,,Unknown,Incorrect Data Loading,Data Preparation,TFF,,,,,,"{""Bug"": ""https://github.com/tensorflow/federated/pull/300"", ""Bug Stage"": ""Data Preparation"", ""Framework"": ""TFF"", ""Root Cause"": ""Incorrect Data Loading"", ""Symptom"": ""Unknown""}",data/raw_stage1/fse2023_understanding_the_bug_characteristics_and/Manual_Labelling__Manual_Labelling.xlsx,Sheet1,311
fse2023_understanding_the_bug_characteristics_and:051209ff2dbfdc3c,fse2023_understanding_the_bug_characteristics_and,federated_learning,https://github.com/tensorflow/federated/pull/284,https://github.com/tensorflow/federated/pull/284,,,,,,Incorrect Functionality,Improper Model Initialization,Model building,TFF,,,,,,"{""Bug"": ""https://github.com/tensorflow/federated/pull/284"", ""Bug Stage"": ""Model building"", ""Framework"": ""TFF"", ""Root Cause"": ""Improper Model Initialization"", ""Symptom"": ""Incorrect Functionality""}",data/raw_stage1/fse2023_understanding_the_bug_characteristics_and/Manual_Labelling__Manual_Labelling.xlsx,Sheet1,312
fse2023_understanding_the_bug_characteristics_and:70e194f1c4720043,fse2023_understanding_the_bug_characteristics_and,federated_learning,https://github.com/tensorflow/federated/pull/238,https://github.com/tensorflow/federated/pull/238,,,,,,Crash,Dependency Incompatibility,Dependency,TFF,,,,,,"{""Bug"": ""https://github.com/tensorflow/federated/pull/238"", ""Bug Stage"": ""Dependency"", ""Framework"": ""TFF"", ""Root Cause"": ""Dependency Incompatibility"", ""Symptom"": ""Crash""}",data/raw_stage1/fse2023_understanding_the_bug_characteristics_and/Manual_Labelling__Manual_Labelling.xlsx,Sheet1,313
fse2023_understanding_the_bug_characteristics_and:70e194f1c4720043,fse2023_understanding_the_bug_characteristics_and,federated_learning,https://github.com/tensorflow/federated/pull/238,https://github.com/tensorflow/federated/pull/238,,,,,,,Wrong/Missing Dependency Import,,TFF,,,,,,"{""Bug"": ""https://github.com/tensorflow/federated/pull/238"", ""Framework"": ""TFF"", ""Root Cause"": ""Wrong/Missing Dependency Import""}",data/raw_stage1/fse2023_understanding_the_bug_characteristics_and/Manual_Labelling__Manual_Labelling.xlsx,Sheet1,314
fse2023_understanding_the_bug_characteristics_and:2795075d9a94b8eb,fse2023_understanding_the_bug_characteristics_and,federated_learning,https://github.com/tensorflow/federated/pull/164,https://github.com/tensorflow/federated/pull/164,,,,,,Crash,Dependency Incompatibility,Dependency,TFF,,,,,,"{""Bug"": ""https://github.com/tensorflow/federated/pull/164"", ""Bug Stage"": ""Dependency"", ""Framework"": ""TFF"", ""Root Cause"": ""Dependency Incompatibility"", ""Symptom"": ""Crash""}",data/raw_stage1/fse2023_understanding_the_bug_characteristics_and/Manual_Labelling__Manual_Labelling.xlsx,Sheet1,315
fse2023_understanding_the_bug_characteristics_and:2795075d9a94b8eb,fse2023_understanding_the_bug_characteristics_and,federated_learning,https://github.com/tensorflow/federated/pull/164,https://github.com/tensorflow/federated/pull/164,,,,,,,Wrong/Missing Dependency Import,,TFF,,,,,,"{""Bug"": ""https://github.com/tensorflow/federated/pull/164"", ""Framework"": ""TFF"", ""Root Cause"": ""Wrong/Missing Dependency Import""}",data/raw_stage1/fse2023_understanding_the_bug_characteristics_and/Manual_Labelling__Manual_Labelling.xlsx,Sheet1,316
fse2023_understanding_the_bug_characteristics_and:fc03a76bf2c4549a,fse2023_understanding_the_bug_characteristics_and,federated_learning,https://github.com/tensorflow/federated/pull/146,https://github.com/tensorflow/federated/pull/146,,,,,,Incorrect Functionality,Missing/Incorrect Exception Checking,Data Preparation,TFF,,,,,,"{""Bug"": ""https://github.com/tensorflow/federated/pull/146"", ""Bug Stage"": ""Data Preparation"", ""Framework"": ""TFF"", ""Root Cause"": ""Missing/Incorrect Exception Checking"", ""Symptom"": ""Incorrect Functionality""}",data/raw_stage1/fse2023_understanding_the_bug_characteristics_and/Manual_Labelling__Manual_Labelling.xlsx,Sheet1,317
fse2023_understanding_the_bug_characteristics_and:98b9884e8f71de08,fse2023_understanding_the_bug_characteristics_and,federated_learning,https://github.com/tensorflow/federated/pull/143,https://github.com/tensorflow/federated/pull/143,,,,,,Crash,Wrong/Missing Dependency Import,Dependency,TFF,,,,,,"{""Bug"": ""https://github.com/tensorflow/federated/pull/143"", ""Bug Stage"": ""Dependency"", ""Framework"": ""TFF"", ""Root Cause"": ""Wrong/Missing Dependency Import"", ""Symptom"": ""Crash""}",data/raw_stage1/fse2023_understanding_the_bug_characteristics_and/Manual_Labelling__Manual_Labelling.xlsx,Sheet1,318
fse2023_understanding_the_bug_characteristics_and:4bff1276e6c20a26,fse2023_understanding_the_bug_characteristics_and,federated_learning,https://github.com/tensorflow/federated/pull/134,https://github.com/tensorflow/federated/pull/134,,,,,,Deployment Failure,Incorrect FL Setup/Configuration,Deployment,TFF,,,,,,"{""Bug"": ""https://github.com/tensorflow/federated/pull/134"", ""Bug Stage"": ""Deployment"", ""Framework"": ""TFF"", ""Root Cause"": ""Incorrect FL Setup/Configuration"", ""Symptom"": ""Deployment Failure""}",data/raw_stage1/fse2023_understanding_the_bug_characteristics_and/Manual_Labelling__Manual_Labelling.xlsx,Sheet1,319
fse2023_understanding_the_bug_characteristics_and:042ebc661d4ae4bb,fse2023_understanding_the_bug_characteristics_and,federated_learning,https://github.com/adap/flower/pull/1233,https://github.com/adap/flower/pull/1233,,,,,,Incorrect Functionality,Improper Model Evaluation,Prediction & Evaluation,Flower,,,,,,"{""Bug"": ""https://github.com/adap/flower/pull/1233"", ""Bug Stage"": ""Prediction & Evaluation"", ""Framework"": ""Flower"", ""Root Cause"": ""Improper Model Evaluation"", ""Symptom"": ""Incorrect Functionality""}",data/raw_stage1/fse2023_understanding_the_bug_characteristics_and/Manual_Labelling__Manual_Labelling.xlsx,Sheet1,320
fse2023_understanding_the_bug_characteristics_and:03bf0ed9b061c0a4,fse2023_understanding_the_bug_characteristics_and,federated_learning,https://github.com/adap/flower/pull/1001,https://github.com/adap/flower/pull/1001,,,,,,Crash,Dependency Incompatibility,Dependency,Flower,,,,,,"{""Bug"": ""https://github.com/adap/flower/pull/1001"", ""Bug Stage"": ""Dependency"", ""Framework"": ""Flower"", ""Root Cause"": ""Dependency Incompatibility"", ""Symptom"": ""Crash""}",data/raw_stage1/fse2023_understanding_the_bug_characteristics_and/Manual_Labelling__Manual_Labelling.xlsx,Sheet1,321
fse2023_understanding_the_bug_characteristics_and:d895b7c55182df0b,fse2023_understanding_the_bug_characteristics_and,federated_learning,https://github.com/adap/flower/pull/885,https://github.com/adap/flower/pull/885,,,,,,Crash,Incorrect FL Algorithm Implementation,Aggregation & Update,Flower,,,,,,"{""Bug"": ""https://github.com/adap/flower/pull/885"", ""Bug Stage"": ""Aggregation & Update"", ""Framework"": ""Flower"", ""Root Cause"": ""Incorrect FL Algorithm Implementation"", ""Symptom"": ""Crash""}",data/raw_stage1/fse2023_understanding_the_bug_characteristics_and/Manual_Labelling__Manual_Labelling.xlsx,Sheet1,322
fse2023_understanding_the_bug_characteristics_and:63cbcc387f12d482,fse2023_understanding_the_bug_characteristics_and,federated_learning,https://github.com/adap/flower/pull/826,https://github.com/adap/flower/pull/826,,,,,,Crash,Dependency Incompatibility,Dependency,Flower,,,,,,"{""Bug"": ""https://github.com/adap/flower/pull/826"", ""Bug Stage"": ""Dependency"", ""Framework"": ""Flower"", ""Root Cause"": ""Dependency Incompatibility"", ""Symptom"": ""Crash""}",data/raw_stage1/fse2023_understanding_the_bug_characteristics_and/Manual_Labelling__Manual_Labelling.xlsx,Sheet1,323
fse2023_understanding_the_bug_characteristics_and:b82619ebe9118e35,fse2023_understanding_the_bug_characteristics_and,federated_learning,https://github.com/adap/flower/pull/673,https://github.com/adap/flower/pull/673,,,,,,Poor Performance,Improper Model Evaluation,Prediction & Evaluation,Flower,,,,,,"{""Bug"": ""https://github.com/adap/flower/pull/673"", ""Bug Stage"": ""Prediction & Evaluation"", ""Framework"": ""Flower"", ""Root Cause"": ""Improper Model Evaluation"", ""Symptom"": ""Poor Performance""}",data/raw_stage1/fse2023_understanding_the_bug_characteristics_and/Manual_Labelling__Manual_Labelling.xlsx,Sheet1,324
fse2023_understanding_the_bug_characteristics_and:dac29ca48896a010,fse2023_understanding_the_bug_characteristics_and,federated_learning,https://github.com/bytedance/fedlearner/pull/852,https://github.com/bytedance/fedlearner/pull/852,,,,,,Unknown,"Incorrect Data Type, Shape & Format",Data Preparation,Fedlearner,,,,,,"{""Bug"": ""https://github.com/bytedance/fedlearner/pull/852"", ""Bug Stage"": ""Data Preparation"", ""Framework"": ""Fedlearner"", ""Root Cause"": ""Incorrect Data Type, Shape & Format"", ""Symptom"": ""Unknown""}",data/raw_stage1/fse2023_understanding_the_bug_characteristics_and/Manual_Labelling__Manual_Labelling.xlsx,Sheet1,325
fse2023_understanding_the_bug_characteristics_and:b0633114e8c8b69e,fse2023_understanding_the_bug_characteristics_and,federated_learning,https://github.com/bytedance/fedlearner/pull/844,https://github.com/bytedance/fedlearner/pull/844,,,,,,Unknown,Improper Interaction Initialization/Establishment,FL Configuration,Fedlearner,,,,,,"{""Bug"": ""https://github.com/bytedance/fedlearner/pull/844"", ""Bug Stage"": ""FL Configuration"", ""Framework"": ""Fedlearner"", ""Root Cause"": ""Improper Interaction Initialization/Establishment"", ""Symptom"": ""Unknown""}",data/raw_stage1/fse2023_understanding_the_bug_characteristics_and/Manual_Labelling__Manual_Labelling.xlsx,Sheet1,326
fse2023_understanding_the_bug_characteristics_and:a4f84ce88afcde1c,fse2023_understanding_the_bug_characteristics_and,federated_learning,https://github.com/bytedance/fedlearner/pull/775,https://github.com/bytedance/fedlearner/pull/775,,,,,,Deployment Failure,Incorrect FL Setup/Configuration,Deployment,Fedlearner,,,,,,"{""Bug"": ""https://github.com/bytedance/fedlearner/pull/775"", ""Bug Stage"": ""Deployment"", ""Framework"": ""Fedlearner"", ""Root Cause"": ""Incorrect FL Setup/Configuration"", ""Symptom"": ""Deployment Failure""}",data/raw_stage1/fse2023_understanding_the_bug_characteristics_and/Manual_Labelling__Manual_Labelling.xlsx,Sheet1,327
fse2023_understanding_the_bug_characteristics_and:01d8f995d16e3dcf,fse2023_understanding_the_bug_characteristics_and,federated_learning,https://github.com/bytedance/fedlearner/pull/749,https://github.com/bytedance/fedlearner/pull/749,,,,,,Incorrect Functionality,Data-Others,Transformation & Transfer,Fedlearner,,,,,,"{""Bug"": ""https://github.com/bytedance/fedlearner/pull/749"", ""Bug Stage"": ""Transformation & Transfer"", ""Framework"": ""Fedlearner"", ""Root Cause"": ""Data-Others"", ""Symptom"": ""Incorrect Functionality""}",data/raw_stage1/fse2023_understanding_the_bug_characteristics_and/Manual_Labelling__Manual_Labelling.xlsx,Sheet1,328
fse2023_understanding_the_bug_characteristics_and:497331460d2f7e06,fse2023_understanding_the_bug_characteristics_and,federated_learning,https://github.com/bytedance/fedlearner/pull/730,https://github.com/bytedance/fedlearner/pull/730,,,,,,Incorrect Functionality,"Incorrect Data Type, Shape & Format",Transformation & Transfer,Fedlearner,,,,,,"{""Bug"": ""https://github.com/bytedance/fedlearner/pull/730"", ""Bug Stage"": ""Transformation & Transfer"", ""Framework"": ""Fedlearner"", ""Root Cause"": ""Incorrect Data Type, Shape & Format"", ""Symptom"": ""Incorrect Functionality""}",data/raw_stage1/fse2023_understanding_the_bug_characteristics_and/Manual_Labelling__Manual_Labelling.xlsx,Sheet1,329
fse2023_understanding_the_bug_characteristics_and:53a981b76acc9cc7,fse2023_understanding_the_bug_characteristics_and,federated_learning,https://github.com/bytedance/fedlearner/pull/600,https://github.com/bytedance/fedlearner/pull/600,,,,,,Unknown,Improper Interaction Initialization/Establishment,FL Configuration,Fedlearner,,,,,,"{""Bug"": ""https://github.com/bytedance/fedlearner/pull/600"", ""Bug Stage"": ""FL Configuration"", ""Framework"": ""Fedlearner"", ""Root Cause"": ""Improper Interaction Initialization/Establishment"", ""Symptom"": ""Unknown""}",data/raw_stage1/fse2023_understanding_the_bug_characteristics_and/Manual_Labelling__Manual_Labelling.xlsx,Sheet1,330
fse2023_understanding_the_bug_characteristics_and:ff7684136d37b5fc,fse2023_understanding_the_bug_characteristics_and,federated_learning,https://github.com/bytedance/fedlearner/pull/583,https://github.com/bytedance/fedlearner/pull/583,,,,,,Unknown,Others,User interface,Fedlearner,,,,,,"{""Bug"": ""https://github.com/bytedance/fedlearner/pull/583"", ""Bug Stage"": ""User interface"", ""Framework"": ""Fedlearner"", ""Root Cause"": ""Others"", ""Symptom"": ""Unknown""}",data/raw_stage1/fse2023_understanding_the_bug_characteristics_and/Manual_Labelling__Manual_Labelling.xlsx,Sheet1,331
fse2023_understanding_the_bug_characteristics_and:543147a1830f96df,fse2023_understanding_the_bug_characteristics_and,federated_learning,https://github.com/bytedance/fedlearner/pull/519,https://github.com/bytedance/fedlearner/pull/519,,,,,,Unknown,Others,FL-Others,Fedlearner,,,,,,"{""Bug"": ""https://github.com/bytedance/fedlearner/pull/519"", ""Bug Stage"": ""FL-Others"", ""Framework"": ""Fedlearner"", ""Root Cause"": ""Others"", ""Symptom"": ""Unknown""}",data/raw_stage1/fse2023_understanding_the_bug_characteristics_and/Manual_Labelling__Manual_Labelling.xlsx,Sheet1,332
fse2023_understanding_the_bug_characteristics_and:326b574ba78d50a4,fse2023_understanding_the_bug_characteristics_and,federated_learning,https://github.com/bytedance/fedlearner/pull/498,https://github.com/bytedance/fedlearner/pull/498,,,,,,Unknown,Incorrect Parameter/Message Transfer,FL Configuration,Fedlearner,,,,,,"{""Bug"": ""https://github.com/bytedance/fedlearner/pull/498"", ""Bug Stage"": ""FL Configuration"", ""Framework"": ""Fedlearner"", ""Root Cause"": ""Incorrect Parameter/Message Transfer"", ""Symptom"": ""Unknown""}",data/raw_stage1/fse2023_understanding_the_bug_characteristics_and/Manual_Labelling__Manual_Labelling.xlsx,Sheet1,333
fse2023_understanding_the_bug_characteristics_and:d14657a3b2e661dd,fse2023_understanding_the_bug_characteristics_and,federated_learning,https://github.com/bytedance/fedlearner/pull/341,https://github.com/bytedance/fedlearner/pull/341,,,,,,Incorrect Functionality,Others,FL-Others,Fedlearner,,,,,,"{""Bug"": ""https://github.com/bytedance/fedlearner/pull/341"", ""Bug Stage"": ""FL-Others"", ""Framework"": ""Fedlearner"", ""Root Cause"": ""Others"", ""Symptom"": ""Incorrect Functionality""}",data/raw_stage1/fse2023_understanding_the_bug_characteristics_and/Manual_Labelling__Manual_Labelling.xlsx,Sheet1,334
fse2023_understanding_the_bug_characteristics_and:536970ece552aa0c,fse2023_understanding_the_bug_characteristics_and,federated_learning,https://github.com/bytedance/fedlearner/pull/75,https://github.com/bytedance/fedlearner/pull/75,,,,,,Unknown,Others,User interface,Fedlearner,,,,,,"{""Bug"": ""https://github.com/bytedance/fedlearner/pull/75"", ""Bug Stage"": ""User interface"", ""Framework"": ""Fedlearner"", ""Root Cause"": ""Others"", ""Symptom"": ""Unknown""}",data/raw_stage1/fse2023_understanding_the_bug_characteristics_and/Manual_Labelling__Manual_Labelling.xlsx,Sheet1,335
fse2023_understanding_the_bug_characteristics_and:408dd33979465a48,fse2023_understanding_the_bug_characteristics_and,federated_learning,https://github.com/PaddlePaddle/PaddleFL/pull/253,https://github.com/PaddlePaddle/PaddleFL/pull/253,,,,,,Incorrect Functionality,Improper Model Evaluation,Prediction & Evaluation,PaddleFL,,,,,,"{""Bug"": ""https://github.com/PaddlePaddle/PaddleFL/pull/253"", ""Bug Stage"": ""Prediction & Evaluation"", ""Framework"": ""PaddleFL"", ""Root Cause"": ""Improper Model Evaluation"", ""Symptom"": ""Incorrect Functionality""}",data/raw_stage1/fse2023_understanding_the_bug_characteristics_and/Manual_Labelling__Manual_Labelling.xlsx,Sheet1,336
fse2023_understanding_the_bug_characteristics_and:9758e19ce666ffad,fse2023_understanding_the_bug_characteristics_and,federated_learning,https://github.com/PaddlePaddle/PaddleFL/pull/203,https://github.com/PaddlePaddle/PaddleFL/pull/203,,,,,,Incorrect Functionality,Incorrect FL Algorithm Implementation,Model building,PaddleFL,,,,,,"{""Bug"": ""https://github.com/PaddlePaddle/PaddleFL/pull/203"", ""Bug Stage"": ""Model building"", ""Framework"": ""PaddleFL"", ""Root Cause"": ""Incorrect FL Algorithm Implementation"", ""Symptom"": ""Incorrect Functionality""}",data/raw_stage1/fse2023_understanding_the_bug_characteristics_and/Manual_Labelling__Manual_Labelling.xlsx,Sheet1,337
fse2023_understanding_the_bug_characteristics_and:f29fe0c9ae553d16,fse2023_understanding_the_bug_characteristics_and,federated_learning,https://github.com/PaddlePaddle/PaddleFL/pull/134,https://github.com/PaddlePaddle/PaddleFL/pull/134,,,,,,Security Risk,Incorrect FL Algorithm Implementation,Security mechanism,PaddleFL,,,,,,"{""Bug"": ""https://github.com/PaddlePaddle/PaddleFL/pull/134"", ""Bug Stage"": ""Security mechanism"", ""Framework"": ""PaddleFL"", ""Root Cause"": ""Incorrect FL Algorithm Implementation"", ""Symptom"": ""Security Risk""}",data/raw_stage1/fse2023_understanding_the_bug_characteristics_and/Manual_Labelling__Manual_Labelling.xlsx,Sheet1,338
fse2023_understanding_the_bug_characteristics_and:f29fe0c9ae553d16,fse2023_understanding_the_bug_characteristics_and,federated_learning,https://github.com/PaddlePaddle/PaddleFL/pull/134,https://github.com/PaddlePaddle/PaddleFL/pull/134,,,,,,,Unsuitable ML/DL Algorithm Selection,Model building,PaddleFL,,,,,,"{""Bug"": ""https://github.com/PaddlePaddle/PaddleFL/pull/134"", ""Bug Stage"": ""Model building"", ""Framework"": ""PaddleFL"", ""Root Cause"": ""Unsuitable ML/DL Algorithm Selection""}",data/raw_stage1/fse2023_understanding_the_bug_characteristics_and/Manual_Labelling__Manual_Labelling.xlsx,Sheet1,339
fse2023_understanding_the_bug_characteristics_and:ca3b2d0c1b6180d1,fse2023_understanding_the_bug_characteristics_and,federated_learning,https://github.com/PaddlePaddle/PaddleFL/pull/113,https://github.com/PaddlePaddle/PaddleFL/pull/113,,,,,,Security Risk,Missing Privacy Protection,Security mechanism,PaddleFL,,,,,,"{""Bug"": ""https://github.com/PaddlePaddle/PaddleFL/pull/113"", ""Bug Stage"": ""Security mechanism"", ""Framework"": ""PaddleFL"", ""Root Cause"": ""Missing Privacy Protection"", ""Symptom"": ""Security Risk""}",data/raw_stage1/fse2023_understanding_the_bug_characteristics_and/Manual_Labelling__Manual_Labelling.xlsx,Sheet1,340
fse2023_understanding_the_bug_characteristics_and:ca3b2d0c1b6180d1,fse2023_understanding_the_bug_characteristics_and,federated_learning,https://github.com/PaddlePaddle/PaddleFL/pull/113,https://github.com/PaddlePaddle/PaddleFL/pull/113,,,,,,,,Data Preparation,PaddleFL,,,,,,"{""Bug"": ""https://github.com/PaddlePaddle/PaddleFL/pull/113"", ""Bug Stage"": ""Data Preparation"", ""Framework"": ""PaddleFL""}",data/raw_stage1/fse2023_understanding_the_bug_characteristics_and/Manual_Labelling__Manual_Labelling.xlsx,Sheet1,341
fse2023_understanding_the_bug_characteristics_and:72d4149358757c61,fse2023_understanding_the_bug_characteristics_and,federated_learning,https://github.com/PaddlePaddle/PaddleFL/pull/77,https://github.com/PaddlePaddle/PaddleFL/pull/77,,,,,,Poor Performance,Unsuitable ML/DL Algorithm Selection,Model building,PaddleFL,,,,,,"{""Bug"": ""https://github.com/PaddlePaddle/PaddleFL/pull/77"", ""Bug Stage"": ""Model building"", ""Framework"": ""PaddleFL"", ""Root Cause"": ""Unsuitable ML/DL Algorithm Selection"", ""Symptom"": ""Poor Performance""}",data/raw_stage1/fse2023_understanding_the_bug_characteristics_and/Manual_Labelling__Manual_Labelling.xlsx,Sheet1,342
fse2023_understanding_the_bug_characteristics_and:72d4149358757c61,fse2023_understanding_the_bug_characteristics_and,federated_learning,https://github.com/PaddlePaddle/PaddleFL/pull/77,https://github.com/PaddlePaddle/PaddleFL/pull/77,,,,,,,Incorrect FL Algorithm Implementation,,PaddleFL,,,,,,"{""Bug"": ""https://github.com/PaddlePaddle/PaddleFL/pull/77"", ""Framework"": ""PaddleFL"", ""Root Cause"": ""Incorrect FL Algorithm Implementation""}",data/raw_stage1/fse2023_understanding_the_bug_characteristics_and/Manual_Labelling__Manual_Labelling.xlsx,Sheet1,343
fse2023_understanding_the_bug_characteristics_and:238c3944ebf8c9f0,fse2023_understanding_the_bug_characteristics_and,federated_learning,https://github.com/PaddlePaddle/PaddleFL/pull/31,https://github.com/PaddlePaddle/PaddleFL/pull/31,,,,,,Crash,Dependency Incompatibility,Dependency,PaddleFL,,,,,,"{""Bug"": ""https://github.com/PaddlePaddle/PaddleFL/pull/31"", ""Bug Stage"": ""Dependency"", ""Framework"": ""PaddleFL"", ""Root Cause"": ""Dependency Incompatibility"", ""Symptom"": ""Crash""}",data/raw_stage1/fse2023_understanding_the_bug_characteristics_and/Manual_Labelling__Manual_Labelling.xlsx,Sheet1,344
fse2023_understanding_the_bug_characteristics_and:238c3944ebf8c9f0,fse2023_understanding_the_bug_characteristics_and,federated_learning,https://github.com/PaddlePaddle/PaddleFL/pull/31,https://github.com/PaddlePaddle/PaddleFL/pull/31,,,,,,,,Misuse,PaddleFL,,,,,,"{""Bug"": ""https://github.com/PaddlePaddle/PaddleFL/pull/31"", ""Bug Stage"": ""Misuse"", ""Framework"": ""PaddleFL""}",data/raw_stage1/fse2023_understanding_the_bug_characteristics_and/Manual_Labelling__Manual_Labelling.xlsx,Sheet1,345
fse2023_understanding_the_bug_characteristics_and:06dc883e58c9a822,fse2023_understanding_the_bug_characteristics_and,federated_learning,https://github.com/OpenMined/PySyft/pull/2254,https://github.com/OpenMined/PySyft/pull/2254,,,,,,Crash,Others,Others,PySyft,,,,,,"{""Bug"": ""https://github.com/OpenMined/PySyft/pull/2254"", ""Bug Stage"": ""Others"", ""Framework"": ""PySyft"", ""Root Cause"": ""Others"", ""Symptom"": ""Crash""}",data/raw_stage1/fse2023_understanding_the_bug_characteristics_and/Manual_Labelling__Manual_Labelling.xlsx,Sheet1,346
fse2023_understanding_the_bug_characteristics_and:1f001544fdcb4031,fse2023_understanding_the_bug_characteristics_and,federated_learning,https://github.com/OpenMined/PySyft/pull/1612,https://github.com/OpenMined/PySyft/pull/1612,,,,,,Unknown,API Misuse,Others,PySyft,,,,,,"{""Bug"": ""https://github.com/OpenMined/PySyft/pull/1612"", ""Bug Stage"": ""Others"", ""Framework"": ""PySyft"", ""Root Cause"": ""API Misuse"", ""Symptom"": ""Unknown""}",data/raw_stage1/fse2023_understanding_the_bug_characteristics_and/Manual_Labelling__Manual_Labelling.xlsx,Sheet1,347
fse2023_understanding_the_bug_characteristics_and:0582264a995c04fb,fse2023_understanding_the_bug_characteristics_and,federated_learning,https://github.com/FederatedAI/FATE/pull/2455,https://github.com/FederatedAI/FATE/pull/2455,,,,,,Incorrect Functionality,Others,Others,FATE,,,,,,"{""Bug"": ""https://github.com/FederatedAI/FATE/pull/2455"", ""Bug Stage"": ""Others"", ""Framework"": ""FATE"", ""Root Cause"": ""Others"", ""Symptom"": ""Incorrect Functionality""}",data/raw_stage1/fse2023_understanding_the_bug_characteristics_and/Manual_Labelling__Manual_Labelling.xlsx,Sheet1,348
fse2023_understanding_the_bug_characteristics_and:269cfc851748dec9,fse2023_understanding_the_bug_characteristics_and,federated_learning,https://github.com/FederatedAI/FATE/pull/2234,https://github.com/FederatedAI/FATE/pull/2234,,,,,,Crash,Improper Model Initialization,Others,FATE,,,,,,"{""Bug"": ""https://github.com/FederatedAI/FATE/pull/2234"", ""Bug Stage"": ""Others"", ""Framework"": ""FATE"", ""Root Cause"": ""Improper Model Initialization"", ""Symptom"": ""Crash""}",data/raw_stage1/fse2023_understanding_the_bug_characteristics_and/Manual_Labelling__Manual_Labelling.xlsx,Sheet1,349
fse2023_understanding_the_bug_characteristics_and:c1d2c91a301f03ca,fse2023_understanding_the_bug_characteristics_and,federated_learning,https://github.com/tensorflow/federated/pull/355,https://github.com/tensorflow/federated/pull/355,,,,,,Unknown,Others,Others,TFF,,,,,,"{""Bug"": ""https://github.com/tensorflow/federated/pull/355"", ""Bug Stage"": ""Others"", ""Framework"": ""TFF"", ""Root Cause"": ""Others"", ""Symptom"": ""Unknown""}",data/raw_stage1/fse2023_understanding_the_bug_characteristics_and/Manual_Labelling__Manual_Labelling.xlsx,Sheet1,350
fse2023_understanding_the_bug_characteristics_and:d46b66dbc7450789,fse2023_understanding_the_bug_characteristics_and,federated_learning,https://stackoverflow.com/questions/68412517,https://stackoverflow.com/questions/68412517,,,,,,Crash,"Incorrect Data Type, Shape & Format",Model building,SO,,,,,,"{""Bug"": ""https://stackoverflow.com/questions/68412517"", ""Bug Stage"": ""Model building"", ""Framework"": ""SO"", ""Root Cause"": ""Incorrect Data Type, Shape & Format"", ""Symptom"": ""Crash""}",data/raw_stage1/fse2023_understanding_the_bug_characteristics_and/Manual_Labelling__Manual_Labelling.xlsx,Sheet1,351
fse2023_understanding_the_bug_characteristics_and:b42122cfcf9171ca,fse2023_understanding_the_bug_characteristics_and,federated_learning,https://stackoverflow.com/questions/65434193,https://stackoverflow.com/questions/65434193,,,,,,Crash,Improper GPU Usage,Model building,SO,,,,,,"{""Bug"": ""https://stackoverflow.com/questions/65434193"", ""Bug Stage"": ""Model building"", ""Framework"": ""SO"", ""Root Cause"": ""Improper GPU Usage"", ""Symptom"": ""Crash""}",data/raw_stage1/fse2023_understanding_the_bug_characteristics_and/Manual_Labelling__Manual_Labelling.xlsx,Sheet1,352
fse2023_understanding_the_bug_characteristics_and:48cbfbbd36bd4f1c,fse2023_understanding_the_bug_characteristics_and,federated_learning,https://stackoverflow.com/questions/66206118,https://stackoverflow.com/questions/66206118,,,,,,Crash,Improper Model Initialization,Model building,SO,,,,,,"{""Bug"": ""https://stackoverflow.com/questions/66206118"", ""Bug Stage"": ""Model building"", ""Framework"": ""SO"", ""Root Cause"": ""Improper Model Initialization"", ""Symptom"": ""Crash""}",data/raw_stage1/fse2023_understanding_the_bug_characteristics_and/Manual_Labelling__Manual_Labelling.xlsx,Sheet1,353
fse2023_understanding_the_bug_characteristics_and:48cbfbbd36bd4f1c,fse2023_understanding_the_bug_characteristics_and,federated_learning,https://stackoverflow.com/questions/66206118,https://stackoverflow.com/questions/66206118,,,,,,,,Framework evolution,SO,,,,,,"{""Bug"": ""https://stackoverflow.com/questions/66206118"", ""Bug Stage"": ""Framework evolution"", ""Framework"": ""SO""}",data/raw_stage1/fse2023_understanding_the_bug_characteristics_and/Manual_Labelling__Manual_Labelling.xlsx,Sheet1,354
fse2023_understanding_the_bug_characteristics_and:a8151a3e7e6df7a8,fse2023_understanding_the_bug_characteristics_and,federated_learning,https://stackoverflow.com/questions/66557738,https://stackoverflow.com/questions/66557738,,,,,,Crash,Improper Memory Usage,Model building,SO,,,,,,"{""Bug"": ""https://stackoverflow.com/questions/66557738"", ""Bug Stage"": ""Model building"", ""Framework"": ""SO"", ""Root Cause"": ""Improper Memory Usage"", ""Symptom"": ""Crash""}",data/raw_stage1/fse2023_understanding_the_bug_characteristics_and/Manual_Labelling__Manual_Labelling.xlsx,Sheet1,355
fse2023_understanding_the_bug_characteristics_and:636a067dc5b515f8,fse2023_understanding_the_bug_characteristics_and,federated_learning,https://stackoverflow.com/questions/62754913,https://stackoverflow.com/questions/62754913,,,,,,Crash,Improper Model Initialization,Model building,SO,,,,,,"{""Bug"": ""https://stackoverflow.com/questions/62754913"", ""Bug Stage"": ""Model building"", ""Framework"": ""SO"", ""Root Cause"": ""Improper Model Initialization"", ""Symptom"": ""Crash""}",data/raw_stage1/fse2023_understanding_the_bug_characteristics_and/Manual_Labelling__Manual_Labelling.xlsx,Sheet1,356
fse2023_understanding_the_bug_characteristics_and:8985ef602d549042,fse2023_understanding_the_bug_characteristics_and,federated_learning,https://stackoverflow.com/questions/65471612,https://stackoverflow.com/questions/65471612,,,,,,Crash,Framework Evolution,Framework evolution,SO,,,,,,"{""Bug"": ""https://stackoverflow.com/questions/65471612"", ""Bug Stage"": ""Framework evolution"", ""Framework"": ""SO"", ""Root Cause"": ""Framework Evolution"", ""Symptom"": ""Crash""}",data/raw_stage1/fse2023_understanding_the_bug_characteristics_and/Manual_Labelling__Manual_Labelling.xlsx,Sheet1,357
fse2023_understanding_the_bug_characteristics_and:f16106c2ed818d31,fse2023_understanding_the_bug_characteristics_and,federated_learning,https://stackoverflow.com/questions/67053731,https://stackoverflow.com/questions/67053731,,,,,,Crash,Framework Evolution,Framework evolution,SO,,,,,,"{""Bug"": ""https://stackoverflow.com/questions/67053731"", ""Bug Stage"": ""Framework evolution"", ""Framework"": ""SO"", ""Root Cause"": ""Framework Evolution"", ""Symptom"": ""Crash""}",data/raw_stage1/fse2023_understanding_the_bug_characteristics_and/Manual_Labelling__Manual_Labelling.xlsx,Sheet1,358
fse2023_understanding_the_bug_characteristics_and:78710ccca7b34d7c,fse2023_understanding_the_bug_characteristics_and,federated_learning,https://stackoverflow.com/questions/57381329,https://stackoverflow.com/questions/57381329,,,,,,Crash,Incorrect FL Algorithm Implementation,Model building,SO,,,,,,"{""Bug"": ""https://stackoverflow.com/questions/57381329"", ""Bug Stage"": ""Model building"", ""Framework"": ""SO"", ""Root Cause"": ""Incorrect FL Algorithm Implementation"", ""Symptom"": ""Crash""}",data/raw_stage1/fse2023_understanding_the_bug_characteristics_and/Manual_Labelling__Manual_Labelling.xlsx,Sheet1,359
fse2023_understanding_the_bug_characteristics_and:7f187161e54c05c1,fse2023_understanding_the_bug_characteristics_and,federated_learning,https://stackoverflow.com/questions/60181180,https://stackoverflow.com/questions/60181180,,,,,,Crash,"Incorrect Data Type, Shape & Format",Framework evolution,SO,,,,,,"{""Bug"": ""https://stackoverflow.com/questions/60181180"", ""Bug Stage"": ""Framework evolution"", ""Framework"": ""SO"", ""Root Cause"": ""Incorrect Data Type, Shape & Format"", ""Symptom"": ""Crash""}",data/raw_stage1/fse2023_understanding_the_bug_characteristics_and/Manual_Labelling__Manual_Labelling.xlsx,Sheet1,360
fse2023_understanding_the_bug_characteristics_and:7f187161e54c05c1,fse2023_understanding_the_bug_characteristics_and,federated_learning,https://stackoverflow.com/questions/60181180,https://stackoverflow.com/questions/60181180,,,,,,,,Data Preparation,SO,,,,,,"{""Bug"": ""https://stackoverflow.com/questions/60181180"", ""Bug Stage"": ""Data Preparation"", ""Framework"": ""SO""}",data/raw_stage1/fse2023_understanding_the_bug_characteristics_and/Manual_Labelling__Manual_Labelling.xlsx,Sheet1,361
fse2023_understanding_the_bug_characteristics_and:2f0e33bc6df80bcc,fse2023_understanding_the_bug_characteristics_and,federated_learning,https://stackoverflow.com/questions/60457040,https://stackoverflow.com/questions/60457040,,,,,,Crash,Improper Hyperparameter,Model building,SO,,,,,,"{""Bug"": ""https://stackoverflow.com/questions/60457040"", ""Bug Stage"": ""Model building"", ""Framework"": ""SO"", ""Root Cause"": ""Improper Hyperparameter"", ""Symptom"": ""Crash""}",data/raw_stage1/fse2023_understanding_the_bug_characteristics_and/Manual_Labelling__Manual_Labelling.xlsx,Sheet1,362
fse2023_understanding_the_bug_characteristics_and:03fef5cb159818ef,fse2023_understanding_the_bug_characteristics_and,federated_learning,https://stackoverflow.com/questions/60903579,https://stackoverflow.com/questions/60903579,,,,,,Deployment Failure,Incorrect FL Setup/Configuration,Deployment,SO,,,,,,"{""Bug"": ""https://stackoverflow.com/questions/60903579"", ""Bug Stage"": ""Deployment"", ""Framework"": ""SO"", ""Root Cause"": ""Incorrect FL Setup/Configuration"", ""Symptom"": ""Deployment Failure""}",data/raw_stage1/fse2023_understanding_the_bug_characteristics_and/Manual_Labelling__Manual_Labelling.xlsx,Sheet1,363
fse2023_understanding_the_bug_characteristics_and:b795bd6b38f3ad79,fse2023_understanding_the_bug_characteristics_and,federated_learning,https://stackoverflow.com/questions/62332459,https://stackoverflow.com/questions/62332459,,,,,,Crash,"Incorrect Data Type, Shape & Format",Data Preparation,SO,,,,,,"{""Bug"": ""https://stackoverflow.com/questions/62332459"", ""Bug Stage"": ""Data Preparation"", ""Framework"": ""SO"", ""Root Cause"": ""Incorrect Data Type, Shape & Format"", ""Symptom"": ""Crash""}",data/raw_stage1/fse2023_understanding_the_bug_characteristics_and/Manual_Labelling__Manual_Labelling.xlsx,Sheet1,364
fse2023_understanding_the_bug_characteristics_and:8f65f4f13cf4407b,fse2023_understanding_the_bug_characteristics_and,federated_learning,https://stackoverflow.com/questions/62398225,https://stackoverflow.com/questions/62398225,,,,,,Crash,Incorrect FL Algorithm Implementation,Model building,SO,,,,,,"{""Bug"": ""https://stackoverflow.com/questions/62398225"", ""Bug Stage"": ""Model building"", ""Framework"": ""SO"", ""Root Cause"": ""Incorrect FL Algorithm Implementation"", ""Symptom"": ""Crash""}",data/raw_stage1/fse2023_understanding_the_bug_characteristics_and/Manual_Labelling__Manual_Labelling.xlsx,Sheet1,365
fse2023_understanding_the_bug_characteristics_and:041bd2fb6ea81b04,fse2023_understanding_the_bug_characteristics_and,federated_learning,https://stackoverflow.com/questions/62786889,https://stackoverflow.com/questions/62786889,,,,,,Crash,"Incorrect Data Type, Shape & Format",Model building,SO,,,,,,"{""Bug"": ""https://stackoverflow.com/questions/62786889"", ""Bug Stage"": ""Model building"", ""Framework"": ""SO"", ""Root Cause"": ""Incorrect Data Type, Shape & Format"", ""Symptom"": ""Crash""}",data/raw_stage1/fse2023_understanding_the_bug_characteristics_and/Manual_Labelling__Manual_Labelling.xlsx,Sheet1,366
fse2023_understanding_the_bug_characteristics_and:f0e378f4c47c6227,fse2023_understanding_the_bug_characteristics_and,federated_learning,https://stackoverflow.com/questions/62906596,https://stackoverflow.com/questions/62906596,,,,,,Crash,Incorrect FL Algorithm Implementation,Model building,SO,,,,,,"{""Bug"": ""https://stackoverflow.com/questions/62906596"", ""Bug Stage"": ""Model building"", ""Framework"": ""SO"", ""Root Cause"": ""Incorrect FL Algorithm Implementation"", ""Symptom"": ""Crash""}",data/raw_stage1/fse2023_understanding_the_bug_characteristics_and/Manual_Labelling__Manual_Labelling.xlsx,Sheet1,367
fse2023_understanding_the_bug_characteristics_and:887ad983617b1565,fse2023_understanding_the_bug_characteristics_and,federated_learning,https://stackoverflow.com/questions/65481370,https://stackoverflow.com/questions/65481370,,,,,,Crash,"Incorrect Data Type, Shape & Format",Client computation,SO,,,,,,"{""Bug"": ""https://stackoverflow.com/questions/65481370"", ""Bug Stage"": ""Client computation"", ""Framework"": ""SO"", ""Root Cause"": ""Incorrect Data Type, Shape & Format"", ""Symptom"": ""Crash""}",data/raw_stage1/fse2023_understanding_the_bug_characteristics_and/Manual_Labelling__Manual_Labelling.xlsx,Sheet1,368
fse2023_understanding_the_bug_characteristics_and:f6128ca12db01c94,fse2023_understanding_the_bug_characteristics_and,federated_learning,https://stackoverflow.com/questions/67138338,https://stackoverflow.com/questions/67138338,,,,,,Crash,Incorrect Data loading,Data Preparation,SO,,,,,,"{""Bug"": ""https://stackoverflow.com/questions/67138338"", ""Bug Stage"": ""Data Preparation"", ""Framework"": ""SO"", ""Root Cause"": ""Incorrect Data loading"", ""Symptom"": ""Crash""}",data/raw_stage1/fse2023_understanding_the_bug_characteristics_and/Manual_Labelling__Manual_Labelling.xlsx,Sheet1,369
fse2023_understanding_the_bug_characteristics_and:ca5947c7d5d232ae,fse2023_understanding_the_bug_characteristics_and,federated_learning,https://stackoverflow.com/questions/67147951,https://stackoverflow.com/questions/67147951,,,,,,Crash,Incorrect Data loading,Data Preparation,SO,,,,,,"{""Bug"": ""https://stackoverflow.com/questions/67147951"", ""Bug Stage"": ""Data Preparation"", ""Framework"": ""SO"", ""Root Cause"": ""Incorrect Data loading"", ""Symptom"": ""Crash""}",data/raw_stage1/fse2023_understanding_the_bug_characteristics_and/Manual_Labelling__Manual_Labelling.xlsx,Sheet1,370
fse2023_understanding_the_bug_characteristics_and:a971da0306d99568,fse2023_understanding_the_bug_characteristics_and,federated_learning,https://stackoverflow.com/questions/68691256,https://stackoverflow.com/questions/68691256,,,,,,Crash,Framework Evolution,Framework evolution,SO,,,,,,"{""Bug"": ""https://stackoverflow.com/questions/68691256"", ""Bug Stage"": ""Framework evolution"", ""Framework"": ""SO"", ""Root Cause"": ""Framework Evolution"", ""Symptom"": ""Crash""}",data/raw_stage1/fse2023_understanding_the_bug_characteristics_and/Manual_Labelling__Manual_Labelling.xlsx,Sheet1,371
fse2023_understanding_the_bug_characteristics_and:9cd16ba62c04771b,fse2023_understanding_the_bug_characteristics_and,federated_learning,https://stackoverflow.com/questions/68891143,https://stackoverflow.com/questions/68891143,,,,,,Crash,Improper Interaction Initialization/Establishment,FL Configuration,SO,,,,,,"{""Bug"": ""https://stackoverflow.com/questions/68891143"", ""Bug Stage"": ""FL Configuration"", ""Framework"": ""SO"", ""Root Cause"": ""Improper Interaction Initialization/Establishment"", ""Symptom"": ""Crash""}",data/raw_stage1/fse2023_understanding_the_bug_characteristics_and/Manual_Labelling__Manual_Labelling.xlsx,Sheet1,372
fse2023_understanding_the_bug_characteristics_and:bf2bd5a81822ec18,fse2023_understanding_the_bug_characteristics_and,federated_learning,https://stackoverflow.com/questions/69614134,https://stackoverflow.com/questions/69614134,,,,,,Crash,"Incorrect Data Type, Shape & Format",Aggregation & Update,SO,,,,,,"{""Bug"": ""https://stackoverflow.com/questions/69614134"", ""Bug Stage"": ""Aggregation & Update"", ""Framework"": ""SO"", ""Root Cause"": ""Incorrect Data Type, Shape & Format"", ""Symptom"": ""Crash""}",data/raw_stage1/fse2023_understanding_the_bug_characteristics_and/Manual_Labelling__Manual_Labelling.xlsx,Sheet1,373
fse2023_understanding_the_bug_characteristics_and:1aa8a02ff3d24ac0,fse2023_understanding_the_bug_characteristics_and,federated_learning,https://stackoverflow.com/questions/58484719,https://stackoverflow.com/questions/58484719,,,,,,Crash,"Incorrect Data Type, Shape & Format",Data Preparation,SO,,,,,,"{""Bug"": ""https://stackoverflow.com/questions/58484719"", ""Bug Stage"": ""Data Preparation"", ""Framework"": ""SO"", ""Root Cause"": ""Incorrect Data Type, Shape & Format"", ""Symptom"": ""Crash""}",data/raw_stage1/fse2023_understanding_the_bug_characteristics_and/Manual_Labelling__Manual_Labelling.xlsx,Sheet1,374
fse2023_understanding_the_bug_characteristics_and:97f52b5d670db3e5,fse2023_understanding_the_bug_characteristics_and,federated_learning,https://stackoverflow.com/questions/61882422,https://stackoverflow.com/questions/61882422,,,,,,Crash,Incorrect Training Strategy,Data Preparation,SO,,,,,,"{""Bug"": ""https://stackoverflow.com/questions/61882422"", ""Bug Stage"": ""Data Preparation"", ""Framework"": ""SO"", ""Root Cause"": ""Incorrect Training Strategy"", ""Symptom"": ""Crash""}",data/raw_stage1/fse2023_understanding_the_bug_characteristics_and/Manual_Labelling__Manual_Labelling.xlsx,Sheet1,375
fse2023_understanding_the_bug_characteristics_and:97f52b5d670db3e5,fse2023_understanding_the_bug_characteristics_and,federated_learning,https://stackoverflow.com/questions/61882422,https://stackoverflow.com/questions/61882422,,,,,,,,Framework evolution,SO,,,,,,"{""Bug"": ""https://stackoverflow.com/questions/61882422"", ""Bug Stage"": ""Framework evolution"", ""Framework"": ""SO""}",data/raw_stage1/fse2023_understanding_the_bug_characteristics_and/Manual_Labelling__Manual_Labelling.xlsx,Sheet1,376
fse2023_understanding_the_bug_characteristics_and:0761e3bcb8ac4b91,fse2023_understanding_the_bug_characteristics_and,federated_learning,https://stackoverflow.com/questions/66304067,https://stackoverflow.com/questions/66304067,,,,,,Crash,Incorrect Data loading,Data Preparation,SO,,,,,,"{""Bug"": ""https://stackoverflow.com/questions/66304067"", ""Bug Stage"": ""Data Preparation"", ""Framework"": ""SO"", ""Root Cause"": ""Incorrect Data loading"", ""Symptom"": ""Crash""}",data/raw_stage1/fse2023_understanding_the_bug_characteristics_and/Manual_Labelling__Manual_Labelling.xlsx,Sheet1,377
fse2023_understanding_the_bug_characteristics_and:c7fc056cf534d6e5,fse2023_understanding_the_bug_characteristics_and,federated_learning,https://stackoverflow.com/questions/69325272,https://stackoverflow.com/questions/69325272,,,,,,Crash,"Incorrect Data Type, Shape & Format",Model building,SO,,,,,,"{""Bug"": ""https://stackoverflow.com/questions/69325272"", ""Bug Stage"": ""Model building"", ""Framework"": ""SO"", ""Root Cause"": ""Incorrect Data Type, Shape & Format"", ""Symptom"": ""Crash""}",data/raw_stage1/fse2023_understanding_the_bug_characteristics_and/Manual_Labelling__Manual_Labelling.xlsx,Sheet1,378
fse2023_understanding_the_bug_characteristics_and:43da57f39e90abd1,fse2023_understanding_the_bug_characteristics_and,federated_learning,https://stackoverflow.com/questions/69619028,https://stackoverflow.com/questions/69619028,,,,,,Crash,Incorrect FL Algorithm Implementation,Aggregation & Update,SO,,,,,,"{""Bug"": ""https://stackoverflow.com/questions/69619028"", ""Bug Stage"": ""Aggregation & Update"", ""Framework"": ""SO"", ""Root Cause"": ""Incorrect FL Algorithm Implementation"", ""Symptom"": ""Crash""}",data/raw_stage1/fse2023_understanding_the_bug_characteristics_and/Manual_Labelling__Manual_Labelling.xlsx,Sheet1,379
fse2023_understanding_the_bug_characteristics_and:25cdc04b0a87f73c,fse2023_understanding_the_bug_characteristics_and,federated_learning,https://stackoverflow.com/questions/60202610,https://stackoverflow.com/questions/60202610,,,,,,Crash,Improper Interaction Initialization/Establishment,FL Configuration,SO,,,,,,"{""Bug"": ""https://stackoverflow.com/questions/60202610"", ""Bug Stage"": ""FL Configuration"", ""Framework"": ""SO"", ""Root Cause"": ""Improper Interaction Initialization/Establishment"", ""Symptom"": ""Crash""}",data/raw_stage1/fse2023_understanding_the_bug_characteristics_and/Manual_Labelling__Manual_Labelling.xlsx,Sheet1,380
fse2023_understanding_the_bug_characteristics_and:6db7e4bbf492e975,fse2023_understanding_the_bug_characteristics_and,federated_learning,https://stackoverflow.com/questions/66680070,https://stackoverflow.com/questions/66680070,,,,,,Crash,Dependency Incompatibility,Dependency,SO,,,,,,"{""Bug"": ""https://stackoverflow.com/questions/66680070"", ""Bug Stage"": ""Dependency"", ""Framework"": ""SO"", ""Root Cause"": ""Dependency Incompatibility"", ""Symptom"": ""Crash""}",data/raw_stage1/fse2023_understanding_the_bug_characteristics_and/Manual_Labelling__Manual_Labelling.xlsx,Sheet1,381
fse2023_understanding_the_bug_characteristics_and:8e1bf3dfa6e14472,fse2023_understanding_the_bug_characteristics_and,federated_learning,https://stackoverflow.com/questions/61850455,https://stackoverflow.com/questions/61850455,,,,,,Deployment Failure,Incorrect FL Setup/Configuration,Deployment,SO,,,,,,"{""Bug"": ""https://stackoverflow.com/questions/61850455"", ""Bug Stage"": ""Deployment"", ""Framework"": ""SO"", ""Root Cause"": ""Incorrect FL Setup/Configuration"", ""Symptom"": ""Deployment Failure""}",data/raw_stage1/fse2023_understanding_the_bug_characteristics_and/Manual_Labelling__Manual_Labelling.xlsx,Sheet1,382
fse2023_understanding_the_bug_characteristics_and:205aed0e89682f4e,fse2023_understanding_the_bug_characteristics_and,federated_learning,https://stackoverflow.com/questions/66483639,https://stackoverflow.com/questions/66483639,,,,,,Crash,Improper Interaction Initialization/Establishment,FL Configuration,SO,,,,,,"{""Bug"": ""https://stackoverflow.com/questions/66483639"", ""Bug Stage"": ""FL Configuration"", ""Framework"": ""SO"", ""Root Cause"": ""Improper Interaction Initialization/Establishment"", ""Symptom"": ""Crash""}",data/raw_stage1/fse2023_understanding_the_bug_characteristics_and/Manual_Labelling__Manual_Labelling.xlsx,Sheet1,383
fse2023_understanding_the_bug_characteristics_and:ff69a55569500334,fse2023_understanding_the_bug_characteristics_and,federated_learning,https://stackoverflow.com/questions/65236793,https://stackoverflow.com/questions/65236793,,,,,,Crash,Improper Model Initialization,Model building,SO,,,,,,"{""Bug"": ""https://stackoverflow.com/questions/65236793"", ""Bug Stage"": ""Model building"", ""Framework"": ""SO"", ""Root Cause"": ""Improper Model Initialization"", ""Symptom"": ""Crash""}",data/raw_stage1/fse2023_understanding_the_bug_characteristics_and/Manual_Labelling__Manual_Labelling.xlsx,Sheet1,384
fse2023_understanding_the_bug_characteristics_and:02d41eac333b14c8,fse2023_understanding_the_bug_characteristics_and,federated_learning,https://stackoverflow.com/questions/60365627,https://stackoverflow.com/questions/60365627,,,,,,Crash,Framework Evolution,Framework evolution,SO,,,,,,"{""Bug"": ""https://stackoverflow.com/questions/60365627"", ""Bug Stage"": ""Framework evolution"", ""Framework"": ""SO"", ""Root Cause"": ""Framework Evolution"", ""Symptom"": ""Crash""}",data/raw_stage1/fse2023_understanding_the_bug_characteristics_and/Manual_Labelling__Manual_Labelling.xlsx,Sheet1,385
fse2023_understanding_the_bug_characteristics_and:f63bdf293a76b832,fse2023_understanding_the_bug_characteristics_and,federated_learning,https://stackoverflow.com/questions/59741397,https://stackoverflow.com/questions/59741397,,,,,,Crash,"Incorrect Data Type, Shape & Format",Data Preparation,SO,,,,,,"{""Bug"": ""https://stackoverflow.com/questions/59741397"", ""Bug Stage"": ""Data Preparation"", ""Framework"": ""SO"", ""Root Cause"": ""Incorrect Data Type, Shape & Format"", ""Symptom"": ""Crash""}",data/raw_stage1/fse2023_understanding_the_bug_characteristics_and/Manual_Labelling__Manual_Labelling.xlsx,Sheet1,386
fse2023_understanding_the_bug_characteristics_and:b6925cdaecf43a17,fse2023_understanding_the_bug_characteristics_and,federated_learning,https://stackoverflow.com/questions/65578498,https://stackoverflow.com/questions/65578498,,,,,,Crash,"Incorrect Data Type, Shape & Format",Data Preparation,SO,,,,,,"{""Bug"": ""https://stackoverflow.com/questions/65578498"", ""Bug Stage"": ""Data Preparation"", ""Framework"": ""SO"", ""Root Cause"": ""Incorrect Data Type, Shape & Format"", ""Symptom"": ""Crash""}",data/raw_stage1/fse2023_understanding_the_bug_characteristics_and/Manual_Labelling__Manual_Labelling.xlsx,Sheet1,387
fse2023_understanding_the_bug_characteristics_and:9db7096bf6b2ce4d,fse2023_understanding_the_bug_characteristics_and,federated_learning,https://stackoverflow.com/questions/67533039,https://stackoverflow.com/questions/67533039,,,,,,Crash,Unsuitable ML/DL Algorithm Selection,Model building,SO,,,,,,"{""Bug"": ""https://stackoverflow.com/questions/67533039"", ""Bug Stage"": ""Model building"", ""Framework"": ""SO"", ""Root Cause"": ""Unsuitable ML/DL Algorithm Selection"", ""Symptom"": ""Crash""}",data/raw_stage1/fse2023_understanding_the_bug_characteristics_and/Manual_Labelling__Manual_Labelling.xlsx,Sheet1,388
fse2023_understanding_the_bug_characteristics_and:a8f202d2aa00aa74,fse2023_understanding_the_bug_characteristics_and,federated_learning,https://stackoverflow.com/questions/60815004,https://stackoverflow.com/questions/60815004,,,,,,Deployment Failure,Incorrect FL Setup/Configuration,Deployment,SO,,,,,,"{""Bug"": ""https://stackoverflow.com/questions/60815004"", ""Bug Stage"": ""Deployment"", ""Framework"": ""SO"", ""Root Cause"": ""Incorrect FL Setup/Configuration"", ""Symptom"": ""Deployment Failure""}",data/raw_stage1/fse2023_understanding_the_bug_characteristics_and/Manual_Labelling__Manual_Labelling.xlsx,Sheet1,389
fse2023_understanding_the_bug_characteristics_and:e1039b5107b117bc,fse2023_understanding_the_bug_characteristics_and,federated_learning,https://stackoverflow.com/questions/60920524,https://stackoverflow.com/questions/60920524,,,,,,Deployment Failure,Incorrect FL Setup/Configuration,Deployment,SO,,,,,,"{""Bug"": ""https://stackoverflow.com/questions/60920524"", ""Bug Stage"": ""Deployment"", ""Framework"": ""SO"", ""Root Cause"": ""Incorrect FL Setup/Configuration"", ""Symptom"": ""Deployment Failure""}",data/raw_stage1/fse2023_understanding_the_bug_characteristics_and/Manual_Labelling__Manual_Labelling.xlsx,Sheet1,390
fse2023_understanding_the_bug_characteristics_and:0488c36161eea9e2,fse2023_understanding_the_bug_characteristics_and,federated_learning,https://stackoverflow.com/questions/60982530,https://stackoverflow.com/questions/60982530,,,,,,Crash,Improper Model Initialization,Model building,SO,,,,,,"{""Bug"": ""https://stackoverflow.com/questions/60982530"", ""Bug Stage"": ""Model building"", ""Framework"": ""SO"", ""Root Cause"": ""Improper Model Initialization"", ""Symptom"": ""Crash""}",data/raw_stage1/fse2023_understanding_the_bug_characteristics_and/Manual_Labelling__Manual_Labelling.xlsx,Sheet1,391
fse2023_understanding_the_bug_characteristics_and:1f49b9866f6f6fba,fse2023_understanding_the_bug_characteristics_and,federated_learning,https://stackoverflow.com/questions/60866002,https://stackoverflow.com/questions/60866002,,,,,,Crash,Incorrect Interaction Closing,FL Configuration,SO,,,,,,"{""Bug"": ""https://stackoverflow.com/questions/60866002"", ""Bug Stage"": ""FL Configuration"", ""Framework"": ""SO"", ""Root Cause"": ""Incorrect Interaction Closing"", ""Symptom"": ""Crash""}",data/raw_stage1/fse2023_understanding_the_bug_characteristics_and/Manual_Labelling__Manual_Labelling.xlsx,Sheet1,392
fse2023_understanding_the_bug_characteristics_and:7289ee5532f71b24,fse2023_understanding_the_bug_characteristics_and,federated_learning,https://stackoverflow.com/questions/59484278,https://stackoverflow.com/questions/59484278,,,,,,Crash,Incorrect Data Split,Data Preparation,SO,,,,,,"{""Bug"": ""https://stackoverflow.com/questions/59484278"", ""Bug Stage"": ""Data Preparation"", ""Framework"": ""SO"", ""Root Cause"": ""Incorrect Data Split"", ""Symptom"": ""Crash""}",data/raw_stage1/fse2023_understanding_the_bug_characteristics_and/Manual_Labelling__Manual_Labelling.xlsx,Sheet1,393
fse2023_understanding_the_bug_characteristics_and:c9483c5c16ace9db,fse2023_understanding_the_bug_characteristics_and,federated_learning,https://stackoverflow.com/questions/68018178,https://stackoverflow.com/questions/68018178,,,,,,Crash,Incorrect FL Algorithm Implementation,Framework evolution,SO,,,,,,"{""Bug"": ""https://stackoverflow.com/questions/68018178"", ""Bug Stage"": ""Framework evolution"", ""Framework"": ""SO"", ""Root Cause"": ""Incorrect FL Algorithm Implementation"", ""Symptom"": ""Crash""}",data/raw_stage1/fse2023_understanding_the_bug_characteristics_and/Manual_Labelling__Manual_Labelling.xlsx,Sheet1,394
fse2023_understanding_the_bug_characteristics_and:85e787b57d7e3c90,fse2023_understanding_the_bug_characteristics_and,federated_learning,https://stackoverflow.com/questions/58367187,https://stackoverflow.com/questions/58367187,,,,,,Crash,Wrong/Missing Dependency Import,Dependency,SO,,,,,,"{""Bug"": ""https://stackoverflow.com/questions/58367187"", ""Bug Stage"": ""Dependency"", ""Framework"": ""SO"", ""Root Cause"": ""Wrong/Missing Dependency Import"", ""Symptom"": ""Crash""}",data/raw_stage1/fse2023_understanding_the_bug_characteristics_and/Manual_Labelling__Manual_Labelling.xlsx,Sheet1,395
fse2023_understanding_the_bug_characteristics_and:fdfbe5d2c416857f,fse2023_understanding_the_bug_characteristics_and,federated_learning,https://stackoverflow.com/questions/57581345,https://stackoverflow.com/questions/57581345,,,,,,Crash,Improper Model Initialization,Model building,SO,,,,,,"{""Bug"": ""https://stackoverflow.com/questions/57581345"", ""Bug Stage"": ""Model building"", ""Framework"": ""SO"", ""Root Cause"": ""Improper Model Initialization"", ""Symptom"": ""Crash""}",data/raw_stage1/fse2023_understanding_the_bug_characteristics_and/Manual_Labelling__Manual_Labelling.xlsx,Sheet1,396
fse2023_understanding_the_bug_characteristics_and:33b392e4805bf2b6,fse2023_understanding_the_bug_characteristics_and,federated_learning,https://stackoverflow.com/questions/59239818,https://stackoverflow.com/questions/59239818,,,,,,Crash,Others,Others,SO,,,,,,"{""Bug"": ""https://stackoverflow.com/questions/59239818"", ""Bug Stage"": ""Others"", ""Framework"": ""SO"", ""Root Cause"": ""Others"", ""Symptom"": ""Crash""}",data/raw_stage1/fse2023_understanding_the_bug_characteristics_and/Manual_Labelling__Manual_Labelling.xlsx,Sheet1,397
fse2023_understanding_the_bug_characteristics_and:45aeaba4a1605068,fse2023_understanding_the_bug_characteristics_and,federated_learning,https://stackoverflow.com/questions/71428904,https://stackoverflow.com/questions/71428904,,,,,,Crash,Improper Model Initialization,Client Computation,SO,,,,,,"{""Bug"": ""https://stackoverflow.com/questions/71428904"", ""Bug Stage"": ""Client Computation"", ""Framework"": ""SO"", ""Root Cause"": ""Improper Model Initialization"", ""Symptom"": ""Crash""}",data/raw_stage1/fse2023_understanding_the_bug_characteristics_and/Manual_Labelling__Manual_Labelling.xlsx,Sheet1,398
fse2023_understanding_the_bug_characteristics_and:78bcee66b1450728,fse2023_understanding_the_bug_characteristics_and,federated_learning,https://stackoverflow.com/questions/71037598,https://stackoverflow.com/questions/71037598,,,,,,Crash,Incorrect FL Algorithm Implementation,Aggregation & Update,SO,,,,,,"{""Bug"": ""https://stackoverflow.com/questions/71037598"", ""Bug Stage"": ""Aggregation & Update"", ""Framework"": ""SO"", ""Root Cause"": ""Incorrect FL Algorithm Implementation"", ""Symptom"": ""Crash""}",data/raw_stage1/fse2023_understanding_the_bug_characteristics_and/Manual_Labelling__Manual_Labelling.xlsx,Sheet1,399
fse2023_understanding_the_bug_characteristics_and:29d9aa3d5a92f9c2,fse2023_understanding_the_bug_characteristics_and,federated_learning,https://stackoverflow.com/questions/71251685,https://stackoverflow.com/questions/71251685,,,,,,Crash,Dependency Incompatibility,Dependency,SO,,,,,,"{""Bug"": ""https://stackoverflow.com/questions/71251685"", ""Bug Stage"": ""Dependency"", ""Framework"": ""SO"", ""Root Cause"": ""Dependency Incompatibility"", ""Symptom"": ""Crash""}",data/raw_stage1/fse2023_understanding_the_bug_characteristics_and/Manual_Labelling__Manual_Labelling.xlsx,Sheet1,400
fse2023_understanding_the_bug_characteristics_and:fbf02771c207662a,fse2023_understanding_the_bug_characteristics_and,federated_learning,https://stackoverflow.com/questions/71289273,https://stackoverflow.com/questions/71289273,,,,,,Crash,Incorrect Data Split,Data Preparation,SO,,,,,,"{""Bug"": ""https://stackoverflow.com/questions/71289273"", ""Bug Stage"": ""Data Preparation"", ""Framework"": ""SO"", ""Root Cause"": ""Incorrect Data Split"", ""Symptom"": ""Crash""}",data/raw_stage1/fse2023_understanding_the_bug_characteristics_and/Manual_Labelling__Manual_Labelling.xlsx,Sheet1,401
fse2023_understanding_the_bug_characteristics_and:865216307cd90a80,fse2023_understanding_the_bug_characteristics_and,federated_learning,https://stackoverflow.com/questions/71506975,https://stackoverflow.com/questions/71506975,,,,,,Crash,"Incorrect Data Type, Shape & Format",Data Preparation,SO,,,,,,"{""Bug"": ""https://stackoverflow.com/questions/71506975"", ""Bug Stage"": ""Data Preparation"", ""Framework"": ""SO"", ""Root Cause"": ""Incorrect Data Type, Shape & Format"", ""Symptom"": ""Crash""}",data/raw_stage1/fse2023_understanding_the_bug_characteristics_and/Manual_Labelling__Manual_Labelling.xlsx,Sheet1,402
fse2023_understanding_the_bug_characteristics_and:85d6d01608bccb75,fse2023_understanding_the_bug_characteristics_and,federated_learning,https://stackoverflow.com/questions/72022654,https://stackoverflow.com/questions/72022654,,,,,,Crash,Improper Model Initialization,Model building,SO,,,,,,"{""Bug"": ""https://stackoverflow.com/questions/72022654"", ""Bug Stage"": ""Model building"", ""Framework"": ""SO"", ""Root Cause"": ""Improper Model Initialization"", ""Symptom"": ""Crash""}",data/raw_stage1/fse2023_understanding_the_bug_characteristics_and/Manual_Labelling__Manual_Labelling.xlsx,Sheet1,403
fse2023_understanding_the_bug_characteristics_and:07d57232c5b8cbd1,fse2023_understanding_the_bug_characteristics_and,federated_learning,https://stackoverflow.com/questions/72076723,https://stackoverflow.com/questions/72076723,,,,,,Crash,API Misuse,Misuse,SO,,,,,,"{""Bug"": ""https://stackoverflow.com/questions/72076723"", ""Bug Stage"": ""Misuse"", ""Framework"": ""SO"", ""Root Cause"": ""API Misuse"", ""Symptom"": ""Crash""}",data/raw_stage1/fse2023_understanding_the_bug_characteristics_and/Manual_Labelling__Manual_Labelling.xlsx,Sheet1,404
fse2023_understanding_the_bug_characteristics_and:ab78b2e3a635999e,fse2023_understanding_the_bug_characteristics_and,federated_learning,https://stackoverflow.com/questions/70338012,https://stackoverflow.com/questions/70338012,,,,,,Crash,Improper Memory Usage,Client Computation,SO,,,,,,"{""Bug"": ""https://stackoverflow.com/questions/70338012"", ""Bug Stage"": ""Client Computation"", ""Framework"": ""SO"", ""Root Cause"": ""Improper Memory Usage"", ""Symptom"": ""Crash""}",data/raw_stage1/fse2023_understanding_the_bug_characteristics_and/Manual_Labelling__Manual_Labelling.xlsx,Sheet1,405
fse2023_understanding_the_bug_characteristics_and:e57021490b708dc4,fse2023_understanding_the_bug_characteristics_and,federated_learning,https://stackoverflow.com/questions/71767784,https://stackoverflow.com/questions/71767784,,,,,,Poor Performance,Incorrect Training Strategy,Client Computation,SO,,,,,,"{""Bug"": ""https://stackoverflow.com/questions/71767784"", ""Bug Stage"": ""Client Computation"", ""Framework"": ""SO"", ""Root Cause"": ""Incorrect Training Strategy"", ""Symptom"": ""Poor Performance""}",data/raw_stage1/fse2023_understanding_the_bug_characteristics_and/Manual_Labelling__Manual_Labelling.xlsx,Sheet1,406
fse2023_understanding_the_bug_characteristics_and:7c24c0bd9e21fec1,fse2023_understanding_the_bug_characteristics_and,federated_learning,https://stackoverflow.com/questions/72698170,https://stackoverflow.com/questions/72698170,,,,,,Crash,"Incorrect Data Type, Shape & Format",Data Preparation,SO,,,,,,"{""Bug"": ""https://stackoverflow.com/questions/72698170"", ""Bug Stage"": ""Data Preparation"", ""Framework"": ""SO"", ""Root Cause"": ""Incorrect Data Type, Shape & Format"", ""Symptom"": ""Crash""}",data/raw_stage1/fse2023_understanding_the_bug_characteristics_and/Manual_Labelling__Manual_Labelling.xlsx,Sheet1,407
fse2023_understanding_the_bug_characteristics_and:d8ef8018cf041a9f,fse2023_understanding_the_bug_characteristics_and,federated_learning,https://stackoverflow.com/questions/72035825,https://stackoverflow.com/questions/72035825,,,,,,Crash,Dependency Incompatibility,Dependency,SO,,,,,,"{""Bug"": ""https://stackoverflow.com/questions/72035825"", ""Bug Stage"": ""Dependency"", ""Framework"": ""SO"", ""Root Cause"": ""Dependency Incompatibility"", ""Symptom"": ""Crash""}",data/raw_stage1/fse2023_understanding_the_bug_characteristics_and/Manual_Labelling__Manual_Labelling.xlsx,Sheet1,408
fse2023_understanding_the_bug_characteristics_and:7e584d527f4e10bb,fse2023_understanding_the_bug_characteristics_and,federated_learning,https://stackoverflow.com/questions/71396780,https://stackoverflow.com/questions/71396780,,,,,,Crash,Incorrect Data Loading,Data Preparation,SO,,,,,,"{""Bug"": ""https://stackoverflow.com/questions/71396780"", ""Bug Stage"": ""Data Preparation"", ""Framework"": ""SO"", ""Root Cause"": ""Incorrect Data Loading"", ""Symptom"": ""Crash""}",data/raw_stage1/fse2023_understanding_the_bug_characteristics_and/Manual_Labelling__Manual_Labelling.xlsx,Sheet1,409
fse2023_understanding_the_bug_characteristics_and:1b7df51c85e17d22,fse2023_understanding_the_bug_characteristics_and,federated_learning,https://stackoverflow.com/questions/70398702,https://stackoverflow.com/questions/70398702,,,,,,Security Risk,Incorrect FL Algorithm Implementation,Aggregation & Update,SO,,,,,,"{""Bug"": ""https://stackoverflow.com/questions/70398702"", ""Bug Stage"": ""Aggregation & Update"", ""Framework"": ""SO"", ""Root Cause"": ""Incorrect FL Algorithm Implementation"", ""Symptom"": ""Security Risk""}",data/raw_stage1/fse2023_understanding_the_bug_characteristics_and/Manual_Labelling__Manual_Labelling.xlsx,Sheet1,410
fse2023_understanding_the_bug_characteristics_and:bd7c3c7562d5c437,fse2023_understanding_the_bug_characteristics_and,federated_learning,https://stackoverflow.com/questions/72132691,https://stackoverflow.com/questions/72132691,,,,,,Crash,Improper Model Evaluation,Prediction & Evaluation,SO,,,,,,"{""Bug"": ""https://stackoverflow.com/questions/72132691"", ""Bug Stage"": ""Prediction & Evaluation"", ""Framework"": ""SO"", ""Root Cause"": ""Improper Model Evaluation"", ""Symptom"": ""Crash""}",data/raw_stage1/fse2023_understanding_the_bug_characteristics_and/Manual_Labelling__Manual_Labelling.xlsx,Sheet1,411
fse2023_understanding_the_bug_characteristics_and:e5232d9c772bd865,fse2023_understanding_the_bug_characteristics_and,federated_learning,https://stackoverflow.com/questions/71790095,https://stackoverflow.com/questions/71790095,,,,,,Crash,Improper GPU Usage,Client computation,SO,,,,,,"{""Bug"": ""https://stackoverflow.com/questions/71790095"", ""Bug Stage"": ""Client computation"", ""Framework"": ""SO"", ""Root Cause"": ""Improper GPU Usage"", ""Symptom"": ""Crash""}",data/raw_stage1/fse2023_understanding_the_bug_characteristics_and/Manual_Labelling__Manual_Labelling.xlsx,Sheet1,412
fse2023_understanding_the_bug_characteristics_and:47f02b7667442d51,fse2023_understanding_the_bug_characteristics_and,federated_learning,https://stackoverflow.com/questions/69335892,https://stackoverflow.com/questions/69335892,,,,,,Crash,Improper Model Evaluation,Prediction & Evaluation,SO,,,,,,"{""Bug"": ""https://stackoverflow.com/questions/69335892"", ""Bug Stage"": ""Prediction & Evaluation"", ""Framework"": ""SO"", ""Root Cause"": ""Improper Model Evaluation"", ""Symptom"": ""Crash""}",data/raw_stage1/fse2023_understanding_the_bug_characteristics_and/Manual_Labelling__Manual_Labelling.xlsx,Sheet1,413
