paper_id,source_index,category,status,source_url,target_url,output_path,http_status,content_type,bytes_written,error,reason
ase2022_an_empirical_study_on_numerical,2,auto_repo_or_dir,already_exists,https://github.com/Jacob-yen/numerical_bugs_in_dl_programs,https://raw.githubusercontent.com/Jacob-yen/numerical_bugs_in_dl_programs/main/PyTorch%20issues%20on%20Github.md,data\raw\ase2022_an_empirical_study_on_numerical\PyTorch_issues_on_Github.md,,,6773,,GitHub repository or directory can be enumerated through the contents API.
ase2022_an_empirical_study_on_numerical,2,auto_repo_or_dir,already_exists,https://github.com/Jacob-yen/numerical_bugs_in_dl_programs,https://raw.githubusercontent.com/Jacob-yen/numerical_bugs_in_dl_programs/main/PyTorch%20posts%20on%20PyTorch%20Forum.md,data\raw\ase2022_an_empirical_study_on_numerical\PyTorch_posts_on_PyTorch_Forum.md,,,8693,,GitHub repository or directory can be enumerated through the contents API.
ase2022_an_empirical_study_on_numerical,2,auto_repo_or_dir,already_exists,https://github.com/Jacob-yen/numerical_bugs_in_dl_programs,https://raw.githubusercontent.com/Jacob-yen/numerical_bugs_in_dl_programs/main/README.md,data\raw\ase2022_an_empirical_study_on_numerical\README.md,,,1019,,GitHub repository or directory can be enumerated through the contents API.
ase2022_an_empirical_study_on_numerical,2,auto_repo_or_dir,already_exists,https://github.com/Jacob-yen/numerical_bugs_in_dl_programs,https://raw.githubusercontent.com/Jacob-yen/numerical_bugs_in_dl_programs/main/TensorFlow%20Issues%20on%20Github.md,data\raw\ase2022_an_empirical_study_on_numerical\TensorFlow_Issues_on_Github.md,,,6790,,GitHub repository or directory can be enumerated through the contents API.
ase2022_an_empirical_study_on_numerical,2,auto_repo_or_dir,already_exists,https://github.com/Jacob-yen/numerical_bugs_in_dl_programs,https://raw.githubusercontent.com/Jacob-yen/numerical_bugs_in_dl_programs/main/TensorFlow%20posts%20on%20StackOverflow.md,data\raw\ase2022_an_empirical_study_on_numerical\TensorFlow_posts_on_StackOverflow.md,,,10596,,GitHub repository or directory can be enumerated through the contents API.
icse2023_an_empirical_study_on_bugs,4,auto_repo_or_dir,failed,https://github.com/datasetsharing/pytorchbugdataset,https://api.github.com/repos/datasetsharing/pytorchbugdataset/contents,,,,0,URLError: <urlopen error [SSL: UNEXPECTED_EOF_WHILE_READING] EOF occurred in violation of protocol (_ssl.c:1028)>,GitHub repository or directory can be enumerated through the contents API.
icse2022_an_empirical_study_on_performance,5,auto_repo_or_dir,downloaded,https://github.com/dlframeworkperfbugs/performance-bugs-in-dl-frameworks,https://raw.githubusercontent.com/dlframeworkperfbugs/performance-bugs-in-dl-frameworks/main/README.md,data\raw\icse2022_an_empirical_study_on_performance\README.md,200,text/plain; charset=utf-8,2876,,GitHub repository or directory can be enumerated through the contents API.
icse2022_an_empirical_study_on_performance,5,auto_repo_or_dir,downloaded,https://github.com/dlframeworkperfbugs/performance-bugs-in-dl-frameworks,https://raw.githubusercontent.com/dlframeworkperfbugs/performance-bugs-in-dl-frameworks/main/perf_bugs_taxonomy.csv,data\raw\icse2022_an_empirical_study_on_performance\perf_bugs_taxonomy.csv,200,text/plain; charset=utf-8,8564,,GitHub repository or directory can be enumerated through the contents API.
icse2022_an_empirical_study_on_performance,5,auto_repo_or_dir,downloaded,https://github.com/dlframeworkperfbugs/performance-bugs-in-dl-frameworks,https://raw.githubusercontent.com/dlframeworkperfbugs/performance-bugs-in-dl-frameworks/main/pytorch_fixed_perf_trend_analysis.csv,data\raw\icse2022_an_empirical_study_on_performance\pytorch_fixed_perf_trend_analysis.csv,200,text/plain; charset=utf-8,2039,,GitHub repository or directory can be enumerated through the contents API.
icse2022_an_empirical_study_on_performance,5,auto_repo_or_dir,downloaded,https://github.com/dlframeworkperfbugs/performance-bugs-in-dl-frameworks,https://raw.githubusercontent.com/dlframeworkperfbugs/performance-bugs-in-dl-frameworks/main/pytorch_non_perf_bugs_information.csv,data\raw\icse2022_an_empirical_study_on_performance\pytorch_non_perf_bugs_information.csv,200,text/plain; charset=utf-8,2340726,,GitHub repository or directory can be enumerated through the contents API.
icse2022_an_empirical_study_on_performance,5,auto_repo_or_dir,downloaded,https://github.com/dlframeworkperfbugs/performance-bugs-in-dl-frameworks,https://raw.githubusercontent.com/dlframeworkperfbugs/performance-bugs-in-dl-frameworks/main/pytorch_non_perf_fixes_information.csv,data\raw\icse2022_an_empirical_study_on_performance\pytorch_non_perf_fixes_information.csv,200,text/plain; charset=utf-8,396639,,GitHub repository or directory can be enumerated through the contents API.
icse2022_an_empirical_study_on_performance,5,auto_repo_or_dir,downloaded,https://github.com/dlframeworkperfbugs/performance-bugs-in-dl-frameworks,https://raw.githubusercontent.com/dlframeworkperfbugs/performance-bugs-in-dl-frameworks/main/pytorch_open_perf_trend_analysis.csv,data\raw\icse2022_an_empirical_study_on_performance\pytorch_open_perf_trend_analysis.csv,200,text/plain; charset=utf-8,2003,,GitHub repository or directory can be enumerated through the contents API.
icse2022_an_empirical_study_on_performance,5,auto_repo_or_dir,downloaded,https://github.com/dlframeworkperfbugs/performance-bugs-in-dl-frameworks,https://raw.githubusercontent.com/dlframeworkperfbugs/performance-bugs-in-dl-frameworks/main/pytorch_perf_bugs_information.csv,data\raw\icse2022_an_empirical_study_on_performance\pytorch_perf_bugs_information.csv,200,text/plain; charset=utf-8,179956,,GitHub repository or directory can be enumerated through the contents API.
icse2022_an_empirical_study_on_performance,5,auto_repo_or_dir,downloaded,https://github.com/dlframeworkperfbugs/performance-bugs-in-dl-frameworks,https://raw.githubusercontent.com/dlframeworkperfbugs/performance-bugs-in-dl-frameworks/main/pytorch_perf_fixes_information.csv,data\raw\icse2022_an_empirical_study_on_performance\pytorch_perf_fixes_information.csv,200,text/plain; charset=utf-8,17204,,GitHub repository or directory can be enumerated through the contents API.
icse2022_an_empirical_study_on_performance,5,auto_repo_or_dir,downloaded,https://github.com/dlframeworkperfbugs/performance-bugs-in-dl-frameworks,https://raw.githubusercontent.com/dlframeworkperfbugs/performance-bugs-in-dl-frameworks/main/tensorflow_fixed_perf_trend_analysis.csv,data\raw\icse2022_an_empirical_study_on_performance\tensorflow_fixed_perf_trend_analysis.csv,200,text/plain; charset=utf-8,2303,,GitHub repository or directory can be enumerated through the contents API.
icse2022_an_empirical_study_on_performance,5,auto_repo_or_dir,downloaded,https://github.com/dlframeworkperfbugs/performance-bugs-in-dl-frameworks,https://raw.githubusercontent.com/dlframeworkperfbugs/performance-bugs-in-dl-frameworks/main/tensorflow_non_perf_bugs_information.csv,data\raw\icse2022_an_empirical_study_on_performance\tensorflow_non_perf_bugs_information.csv,200,text/plain; charset=utf-8,2974708,,GitHub repository or directory can be enumerated through the contents API.
icse2022_an_empirical_study_on_performance,5,auto_repo_or_dir,downloaded,https://github.com/dlframeworkperfbugs/performance-bugs-in-dl-frameworks,https://raw.githubusercontent.com/dlframeworkperfbugs/performance-bugs-in-dl-frameworks/main/tensorflow_non_perf_fixes_information.csv,data\raw\icse2022_an_empirical_study_on_performance\tensorflow_non_perf_fixes_information.csv,200,text/plain; charset=utf-8,210520,,GitHub repository or directory can be enumerated through the contents API.
icse2022_an_empirical_study_on_performance,5,auto_repo_or_dir,downloaded,https://github.com/dlframeworkperfbugs/performance-bugs-in-dl-frameworks,https://raw.githubusercontent.com/dlframeworkperfbugs/performance-bugs-in-dl-frameworks/main/tensorflow_open_perf_trend_analysis.csv,data\raw\icse2022_an_empirical_study_on_performance\tensorflow_open_perf_trend_analysis.csv,200,text/plain; charset=utf-8,2308,,GitHub repository or directory can be enumerated through the contents API.
icse2022_an_empirical_study_on_performance,5,auto_repo_or_dir,downloaded,https://github.com/dlframeworkperfbugs/performance-bugs-in-dl-frameworks,https://raw.githubusercontent.com/dlframeworkperfbugs/performance-bugs-in-dl-frameworks/main/tensorflow_perf_bugs_information.csv,data\raw\icse2022_an_empirical_study_on_performance\tensorflow_perf_bugs_information.csv,200,text/plain; charset=utf-8,247023,,GitHub repository or directory can be enumerated through the contents API.
icse2022_an_empirical_study_on_performance,5,auto_repo_or_dir,downloaded,https://github.com/dlframeworkperfbugs/performance-bugs-in-dl-frameworks,https://raw.githubusercontent.com/dlframeworkperfbugs/performance-bugs-in-dl-frameworks/main/tensorflow_perf_fixes_information.csv,data\raw\icse2022_an_empirical_study_on_performance\tensorflow_perf_fixes_information.csv,200,text/plain; charset=utf-8,8652,,GitHub repository or directory can be enumerated through the contents API.
msr2025_its_about_time_an_empirical,6,auto_repo_or_dir,downloaded,https://github.com/cmu-pasta/date-time/tree/main/analysis/data,https://raw.githubusercontent.com/cmu-pasta/date-time/main/analysis/data/bugs_analysis_base.tsv,data\raw\msr2025_its_about_time_an_empirical\analysis__data__bugs_analysis_base.tsv,200,text/plain; charset=utf-8,52588,,GitHub repository or directory can be enumerated through the contents API.
msr2025_its_about_time_an_empirical,6,auto_repo_or_dir,downloaded,https://github.com/cmu-pasta/date-time/tree/main/analysis/data,https://raw.githubusercontent.com/cmu-pasta/date-time/main/analysis/data/bugs_analysis_rater_1.tsv,data\raw\msr2025_its_about_time_an_empirical\analysis__data__bugs_analysis_rater_1.tsv,200,text/plain; charset=utf-8,20335,,GitHub repository or directory can be enumerated through the contents API.
msr2025_its_about_time_an_empirical,6,auto_repo_or_dir,downloaded,https://github.com/cmu-pasta/date-time/tree/main/analysis/data,https://raw.githubusercontent.com/cmu-pasta/date-time/main/analysis/data/bugs_analysis_rater_2.tsv,data\raw\msr2025_its_about_time_an_empirical\analysis__data__bugs_analysis_rater_2.tsv,200,text/plain; charset=utf-8,21344,,GitHub repository or directory can be enumerated through the contents API.
fse2025_error_delayed_is_not_error,10,auto_repo_or_dir,downloaded,https://github.com/EH-Fixer/EH-Fixer/tree/main/Dataset,https://raw.githubusercontent.com/EH-Fixer/EH-Fixer/main/Dataset/Dataset.csv,data\raw\fse2025_error_delayed_is_not_error\Dataset__Dataset.csv,200,text/plain; charset=utf-8,24612,,GitHub repository or directory can be enumerated through the contents API.
icpc2025_sembug_detecting_logic_bugs_in,15,auto_repo_or_dir,downloaded,https://github.com/Syang111/SemBug,https://raw.githubusercontent.com/Syang111/SemBug/master/Bugs.md,data\raw\icpc2025_sembug_detecting_logic_bugs_in\Bugs.md,200,text/plain; charset=utf-8,24563,,GitHub repository or directory can be enumerated through the contents API.
icpc2025_sembug_detecting_logic_bugs_in,15,auto_repo_or_dir,downloaded,https://github.com/Syang111/SemBug,https://raw.githubusercontent.com/Syang111/SemBug/master/README.md,data\raw\icpc2025_sembug_detecting_logic_bugs_in\README.md,200,text/plain; charset=utf-8,1267,,GitHub repository or directory can be enumerated through the contents API.
fse2024_detecting_creating_repairing_and_understandingindivisible,16,auto_repo_or_dir,downloaded,https://github.com/universetraveller/CatenaD4j,https://raw.githubusercontent.com/universetraveller/CatenaD4J/main/.github/agents/docs.agent.md,data\raw\fse2024_detecting_creating_repairing_and_understandingindivisible\github__agents__docs.agent.md,200,text/plain; charset=utf-8,3830,,GitHub repository or directory can be enumerated through the contents API.
fse2024_detecting_creating_repairing_and_understandingindivisible,16,auto_repo_or_dir,downloaded,https://github.com/universetraveller/CatenaD4j,https://raw.githubusercontent.com/universetraveller/CatenaD4J/main/README.md,data\raw\fse2024_detecting_creating_repairing_and_understandingindivisible\README.md,200,text/plain; charset=utf-8,10630,,GitHub repository or directory can be enumerated through the contents API.
fse2024_detecting_creating_repairing_and_understandingindivisible,16,auto_repo_or_dir,downloaded,https://github.com/universetraveller/CatenaD4j,https://raw.githubusercontent.com/universetraveller/CatenaD4J/main/projects/Chart/bugs-registry.csv,data\raw\fse2024_detecting_creating_repairing_and_understandingindivisible\projects__Chart__bugs-registry.csv,200,text/plain; charset=utf-8,421,,GitHub repository or directory can be enumerated through the contents API.
fse2024_detecting_creating_repairing_and_understandingindivisible,16,auto_repo_or_dir,downloaded,https://github.com/universetraveller/CatenaD4j,https://raw.githubusercontent.com/universetraveller/CatenaD4J/main/projects/Cli/bugs-registry.csv,data\raw\fse2024_detecting_creating_repairing_and_understandingindivisible\projects__Cli__bugs-registry.csv,200,text/plain; charset=utf-8,286,,GitHub repository or directory can be enumerated through the contents API.
msr2024_gitbug_java_a_reproducible_benchmark,18,auto_repo_or_dir,downloaded,https://github.com/gitbugactions/gitbug-java/tree/main/data/bugs,https://raw.githubusercontent.com/gitbugactions/gitbug-java/main/data/bugs/AuthMe-ConfigMe.json,data\raw\msr2024_gitbug_java_a_reproducible_benchmark\data__bugs__AuthMe-ConfigMe.json,200,text/plain; charset=utf-8,707622,,GitHub repository or directory can be enumerated through the contents API.
msr2024_gitbug_java_a_reproducible_benchmark,18,auto_repo_or_dir,downloaded,https://github.com/gitbugactions/gitbug-java/tree/main/data/bugs,https://raw.githubusercontent.com/gitbugactions/gitbug-java/main/data/bugs/Bindambc-whatsapp-business-java-api.json,data\raw\msr2024_gitbug_java_a_reproducible_benchmark\data__bugs__Bindambc-whatsapp-business-java-api.json,200,text/plain; charset=utf-8,104877,,GitHub repository or directory can be enumerated through the contents API.
msr2024_gitbug_java_a_reproducible_benchmark,18,auto_repo_or_dir,downloaded,https://github.com/gitbugactions/gitbug-java/tree/main/data/bugs,https://raw.githubusercontent.com/gitbugactions/gitbug-java/main/data/bugs/BrightSpots-rcv.json,data\raw\msr2024_gitbug_java_a_reproducible_benchmark\data__bugs__BrightSpots-rcv.json,200,text/plain; charset=utf-8,355067,,GitHub repository or directory can be enumerated through the contents API.
msr2024_gitbug_java_a_reproducible_benchmark,18,auto_repo_or_dir,downloaded,https://github.com/gitbugactions/gitbug-java/tree/main/data/bugs,https://raw.githubusercontent.com/gitbugactions/gitbug-java/main/data/bugs/Enigmatis-graphql-java-annotations.json,data\raw\msr2024_gitbug_java_a_reproducible_benchmark\data__bugs__Enigmatis-graphql-java-annotations.json,200,text/plain; charset=utf-8,171852,,GitHub repository or directory can be enumerated through the contents API.
msr2024_gitbug_java_a_reproducible_benchmark,18,auto_repo_or_dir,downloaded,https://github.com/gitbugactions/gitbug-java/tree/main/data/bugs,https://raw.githubusercontent.com/gitbugactions/gitbug-java/main/data/bugs/GoSimpleLLC-nbvcxz.json,data\raw\msr2024_gitbug_java_a_reproducible_benchmark\data__bugs__GoSimpleLLC-nbvcxz.json,200,text/plain; charset=utf-8,31216,,GitHub repository or directory can be enumerated through the contents API.
msr2024_gitbug_java_a_reproducible_benchmark,18,auto_repo_or_dir,downloaded,https://github.com/gitbugactions/gitbug-java/tree/main/data/bugs,https://raw.githubusercontent.com/gitbugactions/gitbug-java/main/data/bugs/IBM-JSONata4Java.json,data\raw\msr2024_gitbug_java_a_reproducible_benchmark\data__bugs__IBM-JSONata4Java.json,200,text/plain; charset=utf-8,617080,,GitHub repository or directory can be enumerated through the contents API.
msr2024_gitbug_java_a_reproducible_benchmark,18,auto_repo_or_dir,downloaded,https://github.com/gitbugactions/gitbug-java/tree/main/data/bugs,https://raw.githubusercontent.com/gitbugactions/gitbug-java/main/data/bugs/LMAX-Exchange-Simple-DSL.json,data\raw\msr2024_gitbug_java_a_reproducible_benchmark\data__bugs__LMAX-Exchange-Simple-DSL.json,200,text/plain; charset=utf-8,155710,,GitHub repository or directory can be enumerated through the contents API.
msr2024_gitbug_java_a_reproducible_benchmark,18,auto_repo_or_dir,downloaded,https://github.com/gitbugactions/gitbug-java/tree/main/data/bugs,https://raw.githubusercontent.com/gitbugactions/gitbug-java/main/data/bugs/Moderocky-ByteSkript.json,data\raw\msr2024_gitbug_java_a_reproducible_benchmark\data__bugs__Moderocky-ByteSkript.json,200,text/plain; charset=utf-8,9343,,GitHub repository or directory can be enumerated through the contents API.
msr2024_gitbug_java_a_reproducible_benchmark,18,auto_repo_or_dir,downloaded,https://github.com/gitbugactions/gitbug-java/tree/main/data/bugs,https://raw.githubusercontent.com/gitbugactions/gitbug-java/main/data/bugs/Netflix-frigga.json,data\raw\msr2024_gitbug_java_a_reproducible_benchmark\data__bugs__Netflix-frigga.json,200,text/plain; charset=utf-8,42577,,GitHub repository or directory can be enumerated through the contents API.
msr2024_gitbug_java_a_reproducible_benchmark,18,auto_repo_or_dir,downloaded,https://github.com/gitbugactions/gitbug-java/tree/main/data/bugs,https://raw.githubusercontent.com/gitbugactions/gitbug-java/main/data/bugs/TheAlgorithms-Java.json,data\raw\msr2024_gitbug_java_a_reproducible_benchmark\data__bugs__TheAlgorithms-Java.json,200,text/plain; charset=utf-8,9966892,,GitHub repository or directory can be enumerated through the contents API.
msr2024_gitbug_java_a_reproducible_benchmark,18,auto_repo_or_dir,downloaded,https://github.com/gitbugactions/gitbug-java/tree/main/data/bugs,https://raw.githubusercontent.com/gitbugactions/gitbug-java/main/data/bugs/YehiaFarghaly-database-engine.json,data\raw\msr2024_gitbug_java_a_reproducible_benchmark\data__bugs__YehiaFarghaly-database-engine.json,200,text/plain; charset=utf-8,123637,,GitHub repository or directory can be enumerated through the contents API.
msr2024_gitbug_java_a_reproducible_benchmark,18,auto_repo_or_dir,downloaded,https://github.com/gitbugactions/gitbug-java/tree/main/data/bugs,https://raw.githubusercontent.com/gitbugactions/gitbug-java/main/data/bugs/adoble-adr-j.json,data\raw\msr2024_gitbug_java_a_reproducible_benchmark\data__bugs__adoble-adr-j.json,200,text/plain; charset=utf-8,44783,,GitHub repository or directory can be enumerated through the contents API.
msr2024_gitbug_java_a_reproducible_benchmark,18,auto_repo_or_dir,downloaded,https://github.com/gitbugactions/gitbug-java/tree/main/data/bugs,https://raw.githubusercontent.com/gitbugactions/gitbug-java/main/data/bugs/assertj-assertj-vavr.json,data\raw\msr2024_gitbug_java_a_reproducible_benchmark\data__bugs__assertj-assertj-vavr.json,200,text/plain; charset=utf-8,513879,,GitHub repository or directory can be enumerated through the contents API.
msr2024_gitbug_java_a_reproducible_benchmark,18,auto_repo_or_dir,downloaded,https://github.com/gitbugactions/gitbug-java/tree/main/data/bugs,https://raw.githubusercontent.com/gitbugactions/gitbug-java/main/data/bugs/aws-aws-secretsmanager-jdbc.json,data\raw\msr2024_gitbug_java_a_reproducible_benchmark\data__bugs__aws-aws-secretsmanager-jdbc.json,200,text/plain; charset=utf-8,96145,,GitHub repository or directory can be enumerated through the contents API.
msr2024_gitbug_java_a_reproducible_benchmark,18,auto_repo_or_dir,downloaded,https://github.com/gitbugactions/gitbug-java/tree/main/data/bugs,https://raw.githubusercontent.com/gitbugactions/gitbug-java/main/data/bugs/aws-event-ruler.json,data\raw\msr2024_gitbug_java_a_reproducible_benchmark\data__bugs__aws-event-ruler.json,200,text/plain; charset=utf-8,403732,,GitHub repository or directory can be enumerated through the contents API.
msr2024_gitbug_java_a_reproducible_benchmark,18,auto_repo_or_dir,downloaded,https://github.com/gitbugactions/gitbug-java/tree/main/data/bugs,https://raw.githubusercontent.com/gitbugactions/gitbug-java/main/data/bugs/awslabs-aws-java-nio-spi-for-s3.json,data\raw\msr2024_gitbug_java_a_reproducible_benchmark\data__bugs__awslabs-aws-java-nio-spi-for-s3.json,200,text/plain; charset=utf-8,162749,,GitHub repository or directory can be enumerated through the contents API.
msr2024_gitbug_java_a_reproducible_benchmark,18,auto_repo_or_dir,downloaded,https://github.com/gitbugactions/gitbug-java/tree/main/data/bugs,https://raw.githubusercontent.com/gitbugactions/gitbug-java/main/data/bugs/ballerina-platform-lsp4intellij.json,data\raw\msr2024_gitbug_java_a_reproducible_benchmark\data__bugs__ballerina-platform-lsp4intellij.json,200,text/plain; charset=utf-8,16470,,GitHub repository or directory can be enumerated through the contents API.
msr2024_gitbug_java_a_reproducible_benchmark,18,auto_repo_or_dir,downloaded,https://github.com/gitbugactions/gitbug-java/tree/main/data/bugs,https://raw.githubusercontent.com/gitbugactions/gitbug-java/main/data/bugs/beanshell-beanshell.json,data\raw\msr2024_gitbug_java_a_reproducible_benchmark\data__bugs__beanshell-beanshell.json,200,text/plain; charset=utf-8,682980,,GitHub repository or directory can be enumerated through the contents API.
msr2024_gitbug_java_a_reproducible_benchmark,18,auto_repo_or_dir,downloaded,https://github.com/gitbugactions/gitbug-java/tree/main/data/bugs,https://raw.githubusercontent.com/gitbugactions/gitbug-java/main/data/bugs/bhlangonijr-chesslib.json,data\raw\msr2024_gitbug_java_a_reproducible_benchmark\data__bugs__bhlangonijr-chesslib.json,200,text/plain; charset=utf-8,74935,,GitHub repository or directory can be enumerated through the contents API.
msr2024_gitbug_java_a_reproducible_benchmark,18,auto_repo_or_dir,downloaded,https://github.com/gitbugactions/gitbug-java/tree/main/data/bugs,https://raw.githubusercontent.com/gitbugactions/gitbug-java/main/data/bugs/c-rack-cbor-java.json,data\raw\msr2024_gitbug_java_a_reproducible_benchmark\data__bugs__c-rack-cbor-java.json,200,text/plain; charset=utf-8,200789,,GitHub repository or directory can be enumerated through the contents API.
msr2024_gitbug_java_a_reproducible_benchmark,18,auto_repo_or_dir,downloaded,https://github.com/gitbugactions/gitbug-java/tree/main/data/bugs,https://raw.githubusercontent.com/gitbugactions/gitbug-java/main/data/bugs/cdimascio-dotenv-java.json,data\raw\msr2024_gitbug_java_a_reproducible_benchmark\data__bugs__cdimascio-dotenv-java.json,200,text/plain; charset=utf-8,17776,,GitHub repository or directory can be enumerated through the contents API.
msr2024_gitbug_java_a_reproducible_benchmark,18,auto_repo_or_dir,downloaded,https://github.com/gitbugactions/gitbug-java/tree/main/data/bugs,https://raw.githubusercontent.com/gitbugactions/gitbug-java/main/data/bugs/cloudsimplus-cloudsimplus.json,data\raw\msr2024_gitbug_java_a_reproducible_benchmark\data__bugs__cloudsimplus-cloudsimplus.json,200,text/plain; charset=utf-8,179752,,GitHub repository or directory can be enumerated through the contents API.
msr2024_gitbug_java_a_reproducible_benchmark,18,auto_repo_or_dir,downloaded,https://github.com/gitbugactions/gitbug-java/tree/main/data/bugs,https://raw.githubusercontent.com/gitbugactions/gitbug-java/main/data/bugs/crawler-commons-crawler-commons.json,data\raw\msr2024_gitbug_java_a_reproducible_benchmark\data__bugs__crawler-commons-crawler-commons.json,200,text/plain; charset=utf-8,261507,,GitHub repository or directory can be enumerated through the contents API.
msr2024_gitbug_java_a_reproducible_benchmark,18,auto_repo_or_dir,downloaded,https://github.com/gitbugactions/gitbug-java/tree/main/data/bugs,https://raw.githubusercontent.com/gitbugactions/gitbug-java/main/data/bugs/crowdin-crowdin-api-client-java.json,data\raw\msr2024_gitbug_java_a_reproducible_benchmark\data__bugs__crowdin-crowdin-api-client-java.json,200,text/plain; charset=utf-8,155656,,GitHub repository or directory can be enumerated through the contents API.
msr2024_gitbug_java_a_reproducible_benchmark,18,auto_repo_or_dir,downloaded,https://github.com/gitbugactions/gitbug-java/tree/main/data/bugs,https://raw.githubusercontent.com/gitbugactions/gitbug-java/main/data/bugs/damianszczepanik-cucumber-reporting.json,data\raw\msr2024_gitbug_java_a_reproducible_benchmark\data__bugs__damianszczepanik-cucumber-reporting.json,200,text/plain; charset=utf-8,251156,,GitHub repository or directory can be enumerated through the contents API.
msr2024_gitbug_java_a_reproducible_benchmark,18,auto_repo_or_dir,downloaded,https://github.com/gitbugactions/gitbug-java/tree/main/data/bugs,https://raw.githubusercontent.com/gitbugactions/gitbug-java/main/data/bugs/davidmoten-openapi-to-plantuml.json,data\raw\msr2024_gitbug_java_a_reproducible_benchmark\data__bugs__davidmoten-openapi-to-plantuml.json,200,text/plain; charset=utf-8,5483675,,GitHub repository or directory can be enumerated through the contents API.
msr2024_gitbug_java_a_reproducible_benchmark,18,auto_repo_or_dir,downloaded,https://github.com/gitbugactions/gitbug-java/tree/main/data/bugs,https://raw.githubusercontent.com/gitbugactions/gitbug-java/main/data/bugs/davidmoten-word-wrap.json,data\raw\msr2024_gitbug_java_a_reproducible_benchmark\data__bugs__davidmoten-word-wrap.json,200,text/plain; charset=utf-8,64757,,GitHub repository or directory can be enumerated through the contents API.
msr2024_gitbug_java_a_reproducible_benchmark,18,auto_repo_or_dir,downloaded,https://github.com/gitbugactions/gitbug-java/tree/main/data/bugs,https://raw.githubusercontent.com/gitbugactions/gitbug-java/main/data/bugs/dmak-jaxb-xew-plugin.json,data\raw\msr2024_gitbug_java_a_reproducible_benchmark\data__bugs__dmak-jaxb-xew-plugin.json,200,text/plain; charset=utf-8,52042,,GitHub repository or directory can be enumerated through the contents API.
msr2024_gitbug_java_a_reproducible_benchmark,18,auto_repo_or_dir,downloaded,https://github.com/gitbugactions/gitbug-java/tree/main/data/bugs,https://raw.githubusercontent.com/gitbugactions/gitbug-java/main/data/bugs/ezylang-EvalEx.json,data\raw\msr2024_gitbug_java_a_reproducible_benchmark\data__bugs__ezylang-EvalEx.json,200,text/plain; charset=utf-8,545164,,GitHub repository or directory can be enumerated through the contents API.
msr2024_gitbug_java_a_reproducible_benchmark,18,auto_repo_or_dir,downloaded,https://github.com/gitbugactions/gitbug-java/tree/main/data/bugs,https://raw.githubusercontent.com/gitbugactions/gitbug-java/main/data/bugs/fishercoder1534-Leetcode.json,data\raw\msr2024_gitbug_java_a_reproducible_benchmark\data__bugs__fishercoder1534-Leetcode.json,200,text/plain; charset=utf-8,1372143,,GitHub repository or directory can be enumerated through the contents API.
msr2024_gitbug_java_a_reproducible_benchmark,18,auto_repo_or_dir,downloaded,https://github.com/gitbugactions/gitbug-java/tree/main/data/bugs,https://raw.githubusercontent.com/gitbugactions/gitbug-java/main/data/bugs/fusesource-jansi.json,data\raw\msr2024_gitbug_java_a_reproducible_benchmark\data__bugs__fusesource-jansi.json,200,text/plain; charset=utf-8,65331,,GitHub repository or directory can be enumerated through the contents API.
msr2024_gitbug_java_a_reproducible_benchmark,18,auto_repo_or_dir,downloaded,https://github.com/gitbugactions/gitbug-java/tree/main/data/bugs,https://raw.githubusercontent.com/gitbugactions/gitbug-java/main/data/bugs/giraud-reasonml-idea-plugin.json,data\raw\msr2024_gitbug_java_a_reproducible_benchmark\data__bugs__giraud-reasonml-idea-plugin.json,200,text/plain; charset=utf-8,2662809,,GitHub repository or directory can be enumerated through the contents API.
msr2024_gitbug_java_a_reproducible_benchmark,18,auto_repo_or_dir,downloaded,https://github.com/gitbugactions/gitbug-java/tree/main/data/bugs,https://raw.githubusercontent.com/gitbugactions/gitbug-java/main/data/bugs/gitbucket-markedj.json,data\raw\msr2024_gitbug_java_a_reproducible_benchmark\data__bugs__gitbucket-markedj.json,200,text/plain; charset=utf-8,18169,,GitHub repository or directory can be enumerated through the contents API.
msr2024_gitbug_java_a_reproducible_benchmark,18,auto_repo_or_dir,downloaded,https://github.com/gitbugactions/gitbug-java/tree/main/data/bugs,https://raw.githubusercontent.com/gitbugactions/gitbug-java/main/data/bugs/gradle-common-custom-user-data-gradle-plugin.json,data\raw\msr2024_gitbug_java_a_reproducible_benchmark\data__bugs__gradle-common-custom-user-data-gradle-plugin.json,200,text/plain; charset=utf-8,17865,,GitHub repository or directory can be enumerated through the contents API.
msr2024_gitbug_java_a_reproducible_benchmark,18,auto_repo_or_dir,downloaded,https://github.com/gitbugactions/gitbug-java/tree/main/data/bugs,https://raw.githubusercontent.com/gitbugactions/gitbug-java/main/data/bugs/iipc-jwarc.json,data\raw\msr2024_gitbug_java_a_reproducible_benchmark\data__bugs__iipc-jwarc.json,200,text/plain; charset=utf-8,272194,,GitHub repository or directory can be enumerated through the contents API.
msr2024_gitbug_java_a_reproducible_benchmark,18,auto_repo_or_dir,downloaded,https://github.com/gitbugactions/gitbug-java/tree/main/data/bugs,https://raw.githubusercontent.com/gitbugactions/gitbug-java/main/data/bugs/jhy-jsoup.json,data\raw\msr2024_gitbug_java_a_reproducible_benchmark\data__bugs__jhy-jsoup.json,200,text/plain; charset=utf-8,19667255,,GitHub repository or directory can be enumerated through the contents API.
msr2024_gitbug_java_a_reproducible_benchmark,18,auto_repo_or_dir,downloaded,https://github.com/gitbugactions/gitbug-java/tree/main/data/bugs,https://raw.githubusercontent.com/gitbugactions/gitbug-java/main/data/bugs/jitterted-ensembler.json,data\raw\msr2024_gitbug_java_a_reproducible_benchmark\data__bugs__jitterted-ensembler.json,200,text/plain; charset=utf-8,1572157,,GitHub repository or directory can be enumerated through the contents API.
msr2024_gitbug_java_a_reproducible_benchmark,18,auto_repo_or_dir,downloaded,https://github.com/gitbugactions/gitbug-java/tree/main/data/bugs,https://raw.githubusercontent.com/gitbugactions/gitbug-java/main/data/bugs/klausbrunner-solarpositioning.json,data\raw\msr2024_gitbug_java_a_reproducible_benchmark\data__bugs__klausbrunner-solarpositioning.json,200,text/plain; charset=utf-8,2285426,,GitHub repository or directory can be enumerated through the contents API.
msr2024_gitbug_java_a_reproducible_benchmark,18,auto_repo_or_dir,downloaded,https://github.com/gitbugactions/gitbug-java/tree/main/data/bugs,https://raw.githubusercontent.com/gitbugactions/gitbug-java/main/data/bugs/mthmulders-mcs.json,data\raw\msr2024_gitbug_java_a_reproducible_benchmark\data__bugs__mthmulders-mcs.json,200,text/plain; charset=utf-8,207003,,GitHub repository or directory can be enumerated through the contents API.
msr2024_gitbug_java_a_reproducible_benchmark,18,auto_repo_or_dir,downloaded,https://github.com/gitbugactions/gitbug-java/tree/main/data/bugs,https://raw.githubusercontent.com/gitbugactions/gitbug-java/main/data/bugs/nikoo28-java-solutions.json,data\raw\msr2024_gitbug_java_a_reproducible_benchmark\data__bugs__nikoo28-java-solutions.json,200,text/plain; charset=utf-8,243219,,GitHub repository or directory can be enumerated through the contents API.
msr2024_gitbug_java_a_reproducible_benchmark,18,auto_repo_or_dir,downloaded,https://github.com/gitbugactions/gitbug-java/tree/main/data/bugs,https://raw.githubusercontent.com/gitbugactions/gitbug-java/main/data/bugs/retel-io-ari-proxy.json,data\raw\msr2024_gitbug_java_a_reproducible_benchmark\data__bugs__retel-io-ari-proxy.json,200,text/plain; charset=utf-8,96439,,GitHub repository or directory can be enumerated through the contents API.
msr2024_gitbug_java_a_reproducible_benchmark,18,auto_repo_or_dir,downloaded,https://github.com/gitbugactions/gitbug-java/tree/main/data/bugs,https://raw.githubusercontent.com/gitbugactions/gitbug-java/main/data/bugs/revelc-formatter-maven-plugin.json,data\raw\msr2024_gitbug_java_a_reproducible_benchmark\data__bugs__revelc-formatter-maven-plugin.json,200,text/plain; charset=utf-8,35658,,GitHub repository or directory can be enumerated through the contents API.
msr2024_gitbug_java_a_reproducible_benchmark,18,auto_repo_or_dir,downloaded,https://github.com/gitbugactions/gitbug-java/tree/main/data/bugs,https://raw.githubusercontent.com/gitbugactions/gitbug-java/main/data/bugs/salesforce-grammaticus.json,data\raw\msr2024_gitbug_java_a_reproducible_benchmark\data__bugs__salesforce-grammaticus.json,200,text/plain; charset=utf-8,332718,,GitHub repository or directory can be enumerated through the contents API.
msr2024_gitbug_java_a_reproducible_benchmark,18,auto_repo_or_dir,downloaded,https://github.com/gitbugactions/gitbug-java/tree/main/data/bugs,https://raw.githubusercontent.com/gitbugactions/gitbug-java/main/data/bugs/semver4j-semver4j.json,data\raw\msr2024_gitbug_java_a_reproducible_benchmark\data__bugs__semver4j-semver4j.json,200,text/plain; charset=utf-8,1197226,,GitHub repository or directory can be enumerated through the contents API.
msr2024_gitbug_java_a_reproducible_benchmark,18,auto_repo_or_dir,downloaded,https://github.com/gitbugactions/gitbug-java/tree/main/data/bugs,https://raw.githubusercontent.com/gitbugactions/gitbug-java/main/data/bugs/slub-urnlib.json,data\raw\msr2024_gitbug_java_a_reproducible_benchmark\data__bugs__slub-urnlib.json,200,text/plain; charset=utf-8,107721,,GitHub repository or directory can be enumerated through the contents API.
msr2024_gitbug_java_a_reproducible_benchmark,18,auto_repo_or_dir,downloaded,https://github.com/gitbugactions/gitbug-java/tree/main/data/bugs,https://raw.githubusercontent.com/gitbugactions/gitbug-java/main/data/bugs/snowflakedb-snowflake-jdbc.json,data\raw\msr2024_gitbug_java_a_reproducible_benchmark\data__bugs__snowflakedb-snowflake-jdbc.json,200,text/plain; charset=utf-8,1348619,,GitHub repository or directory can be enumerated through the contents API.
msr2024_gitbug_java_a_reproducible_benchmark,18,auto_repo_or_dir,downloaded,https://github.com/gitbugactions/gitbug-java/tree/main/data/bugs,https://raw.githubusercontent.com/gitbugactions/gitbug-java/main/data/bugs/spring-projects-spring-guice.json,data\raw\msr2024_gitbug_java_a_reproducible_benchmark\data__bugs__spring-projects-spring-guice.json,200,text/plain; charset=utf-8,115432,,GitHub repository or directory can be enumerated through the contents API.
msr2024_gitbug_java_a_reproducible_benchmark,18,auto_repo_or_dir,downloaded,https://github.com/gitbugactions/gitbug-java/tree/main/data/bugs,https://raw.githubusercontent.com/gitbugactions/gitbug-java/main/data/bugs/spring-projects-spring-retry.json,data\raw\msr2024_gitbug_java_a_reproducible_benchmark\data__bugs__spring-projects-spring-retry.json,200,text/plain; charset=utf-8,711523,,GitHub repository or directory can be enumerated through the contents API.
msr2024_gitbug_java_a_reproducible_benchmark,18,auto_repo_or_dir,downloaded,https://github.com/gitbugactions/gitbug-java/tree/main/data/bugs,https://raw.githubusercontent.com/gitbugactions/gitbug-java/main/data/bugs/st-tu-dresden-salespoint.json,data\raw\msr2024_gitbug_java_a_reproducible_benchmark\data__bugs__st-tu-dresden-salespoint.json,200,text/plain; charset=utf-8,191017,,GitHub repository or directory can be enumerated through the contents API.
msr2024_gitbug_java_a_reproducible_benchmark,18,auto_repo_or_dir,downloaded,https://github.com/gitbugactions/gitbug-java/tree/main/data/bugs,https://raw.githubusercontent.com/gitbugactions/gitbug-java/main/data/bugs/stellar-java-stellar-sdk.json,data\raw\msr2024_gitbug_java_a_reproducible_benchmark\data__bugs__stellar-java-stellar-sdk.json,200,text/plain; charset=utf-8,1149589,,GitHub repository or directory can be enumerated through the contents API.
msr2024_gitbug_java_a_reproducible_benchmark,18,auto_repo_or_dir,downloaded,https://github.com/gitbugactions/gitbug-java/tree/main/data/bugs,https://raw.githubusercontent.com/gitbugactions/gitbug-java/main/data/bugs/traccar-traccar.json,data\raw\msr2024_gitbug_java_a_reproducible_benchmark\data__bugs__traccar-traccar.json,200,text/plain; charset=utf-8,23945571,,GitHub repository or directory can be enumerated through the contents API.
msr2024_gitbug_java_a_reproducible_benchmark,18,auto_repo_or_dir,downloaded,https://github.com/gitbugactions/gitbug-java/tree/main/data/bugs,https://raw.githubusercontent.com/gitbugactions/gitbug-java/main/data/bugs/vmzakharov-dataframe-ec.json,data\raw\msr2024_gitbug_java_a_reproducible_benchmark\data__bugs__vmzakharov-dataframe-ec.json,200,text/plain; charset=utf-8,613640,,GitHub repository or directory can be enumerated through the contents API.
msr2024_gitbug_java_a_reproducible_benchmark,18,auto_repo_or_dir,downloaded,https://github.com/gitbugactions/gitbug-java/tree/main/data/bugs,https://raw.githubusercontent.com/gitbugactions/gitbug-java/main/data/bugs/w3c-epubcheck.json,data\raw\msr2024_gitbug_java_a_reproducible_benchmark\data__bugs__w3c-epubcheck.json,200,text/plain; charset=utf-8,3010348,,GitHub repository or directory can be enumerated through the contents API.
msr2024_gitbug_java_a_reproducible_benchmark,18,auto_repo_or_dir,downloaded,https://github.com/gitbugactions/gitbug-java/tree/main/data/bugs,https://raw.githubusercontent.com/gitbugactions/gitbug-java/main/data/bugs/wmixvideo-nfe.json,data\raw\msr2024_gitbug_java_a_reproducible_benchmark\data__bugs__wmixvideo-nfe.json,200,text/plain; charset=utf-8,2816351,,GitHub repository or directory can be enumerated through the contents API.
msr2024_gitbug_java_a_reproducible_benchmark,18,auto_repo_or_dir,downloaded,https://github.com/gitbugactions/gitbug-java/tree/main/data/bugs,https://raw.githubusercontent.com/gitbugactions/gitbug-java/main/data/bugs/xtremexp-UT4X-Converter.json,data\raw\msr2024_gitbug_java_a_reproducible_benchmark\data__bugs__xtremexp-UT4X-Converter.json,200,text/plain; charset=utf-8,62390,,GitHub repository or directory can be enumerated through the contents API.
msr2024_bugsphp_a_dataset_for_automated,19,auto_repo_or_dir,downloaded,https://github.com/EmInReLab/bugsPHP,https://raw.githubusercontent.com/EmInReLab/bugsPHP/main/README.md,data\raw\msr2024_bugsphp_a_dataset_for_automated\README.md,200,text/plain; charset=utf-8,4538,,GitHub repository or directory can be enumerated through the contents API.
icpc2023_understanding_bugs_in_multi_language,21,auto_repo_or_dir,downloaded,https://github.com/Mining-DLF/Understanding-Bugs-in-DLFs,https://raw.githubusercontent.com/Mining-DLF/Understanding-Bugs-in-DLFs/main/README.md,data\raw\icpc2023_understanding_bugs_in_multi_language\README.md,200,text/plain; charset=utf-8,392,,GitHub repository or directory can be enumerated through the contents API.
ase2023_bugsc_a_highly_usable_real,22,auto_repo_or_dir,downloaded,https://github.com/Suresoft-GLaDOS/bugscpp,https://raw.githubusercontent.com/Suresoft-GLaDOS/bugscpp/main/bugscpp/taxonomy/berry/meta.json,data\raw\ase2023_bugsc_a_highly_usable_real\bugscpp__taxonomy__berry__meta.json,200,text/plain; charset=utf-8,2996,,GitHub repository or directory can be enumerated through the contents API.
ase2023_bugsc_a_highly_usable_real,22,auto_repo_or_dir,downloaded,https://github.com/Suresoft-GLaDOS/bugscpp,https://raw.githubusercontent.com/Suresoft-GLaDOS/bugscpp/main/bugscpp/taxonomy/coreutils/meta.json,data\raw\ase2023_bugsc_a_highly_usable_real\bugscpp__taxonomy__coreutils__meta.json,200,text/plain; charset=utf-8,2517,,GitHub repository or directory can be enumerated through the contents API.
ase2023_bugsc_a_highly_usable_real,22,auto_repo_or_dir,downloaded,https://github.com/Suresoft-GLaDOS/bugscpp,https://raw.githubusercontent.com/Suresoft-GLaDOS/bugscpp/main/bugscpp/taxonomy/cpp_peglib/meta.json,data\raw\ase2023_bugsc_a_highly_usable_real\bugscpp__taxonomy__cpp_peglib__meta.json,200,text/plain; charset=utf-8,4994,,GitHub repository or directory can be enumerated through the contents API.
ase2023_bugsc_a_highly_usable_real,22,auto_repo_or_dir,downloaded,https://github.com/Suresoft-GLaDOS/bugscpp,https://raw.githubusercontent.com/Suresoft-GLaDOS/bugscpp/main/bugscpp/taxonomy/cppcheck/meta.json,data\raw\ase2023_bugsc_a_highly_usable_real\bugscpp__taxonomy__cppcheck__meta.json,200,text/plain; charset=utf-8,11956,,GitHub repository or directory can be enumerated through the contents API.
ase2023_bugsc_a_highly_usable_real,22,auto_repo_or_dir,downloaded,https://github.com/Suresoft-GLaDOS/bugscpp,https://raw.githubusercontent.com/Suresoft-GLaDOS/bugscpp/main/bugscpp/taxonomy/dlt_daemon/extra/0001/.dpp/poc.txt,data\raw\ase2023_bugsc_a_highly_usable_real\bugscpp__taxonomy__dlt_daemon__extra__0001__.dpp__poc.txt,200,text/plain; charset=utf-8,319,,GitHub repository or directory can be enumerated through the contents API.
ase2023_bugsc_a_highly_usable_real,22,auto_repo_or_dir,downloaded,https://github.com/Suresoft-GLaDOS/bugscpp,https://raw.githubusercontent.com/Suresoft-GLaDOS/bugscpp/main/bugscpp/taxonomy/dlt_daemon/meta.json,data\raw\ase2023_bugsc_a_highly_usable_real\bugscpp__taxonomy__dlt_daemon__meta.json,200,text/plain; charset=utf-8,3028,,GitHub repository or directory can be enumerated through the contents API.
ase2023_bugsc_a_highly_usable_real,22,auto_repo_or_dir,downloaded,https://github.com/Suresoft-GLaDOS/bugscpp,https://raw.githubusercontent.com/Suresoft-GLaDOS/bugscpp/main/bugscpp/taxonomy/example/meta.json,data\raw\ase2023_bugsc_a_highly_usable_real\bugscpp__taxonomy__example__meta.json,200,text/plain; charset=utf-8,2132,,GitHub repository or directory can be enumerated through the contents API.
ase2023_bugsc_a_highly_usable_real,22,auto_repo_or_dir,downloaded,https://github.com/Suresoft-GLaDOS/bugscpp,https://raw.githubusercontent.com/Suresoft-GLaDOS/bugscpp/main/bugscpp/taxonomy/exiv2/meta.json,data\raw\ase2023_bugsc_a_highly_usable_real\bugscpp__taxonomy__exiv2__meta.json,200,text/plain; charset=utf-8,8521,,GitHub repository or directory can be enumerated through the contents API.
ase2023_bugsc_a_highly_usable_real,22,auto_repo_or_dir,downloaded,https://github.com/Suresoft-GLaDOS/bugscpp,https://raw.githubusercontent.com/Suresoft-GLaDOS/bugscpp/main/bugscpp/taxonomy/jerryscript/meta.json,data\raw\ase2023_bugsc_a_highly_usable_real\bugscpp__taxonomy__jerryscript__meta.json,200,text/plain; charset=utf-8,7727,,GitHub repository or directory can be enumerated through the contents API.
fse2023_understanding_the_bug_characteristics_and,24,auto_repo_or_dir,downloaded,https://github.com/CGCL-codes/FL_Bug_Study,https://raw.githubusercontent.com/CGCL-codes/FL_Bug_Study/main/Dataset_Collection/GitHub/FATE/PRs_init.csv,data\raw\fse2023_understanding_the_bug_characteristics_and\Dataset_Collection__GitHub__FATE__PRs_init.csv,200,text/plain; charset=utf-8,86884,,GitHub repository or directory can be enumerated through the contents API.
fse2023_understanding_the_bug_characteristics_and,24,auto_repo_or_dir,downloaded,https://github.com/CGCL-codes/FL_Bug_Study,https://raw.githubusercontent.com/CGCL-codes/FL_Bug_Study/main/Dataset_Collection/GitHub/FATE/PRs_step2.csv,data\raw\fse2023_understanding_the_bug_characteristics_and\Dataset_Collection__GitHub__FATE__PRs_step2.csv,200,text/plain; charset=utf-8,70705,,GitHub repository or directory can be enumerated through the contents API.
fse2023_understanding_the_bug_characteristics_and,24,auto_repo_or_dir,downloaded,https://github.com/CGCL-codes/FL_Bug_Study,https://raw.githubusercontent.com/CGCL-codes/FL_Bug_Study/main/Dataset_Collection/GitHub/FATE/issues_init.csv,data\raw\fse2023_understanding_the_bug_characteristics_and\Dataset_Collection__GitHub__FATE__issues_init.csv,200,text/plain; charset=utf-8,874437,,GitHub repository or directory can be enumerated through the contents API.
fse2023_understanding_the_bug_characteristics_and,24,auto_repo_or_dir,downloaded,https://github.com/CGCL-codes/FL_Bug_Study,https://raw.githubusercontent.com/CGCL-codes/FL_Bug_Study/main/Dataset_Collection/GitHub/FATE/issues_step2.csv,data\raw\fse2023_understanding_the_bug_characteristics_and\Dataset_Collection__GitHub__FATE__issues_step2.csv,200,text/plain; charset=utf-8,710166,,GitHub repository or directory can be enumerated through the contents API.
fse2023_understanding_the_bug_characteristics_and,24,auto_repo_or_dir,downloaded,https://github.com/CGCL-codes/FL_Bug_Study,https://raw.githubusercontent.com/CGCL-codes/FL_Bug_Study/main/Dataset_Collection/GitHub/PaddleFL/PRs_init.csv,data\raw\fse2023_understanding_the_bug_characteristics_and\Dataset_Collection__GitHub__PaddleFL__PRs_init.csv,200,text/plain; charset=utf-8,5878,,GitHub repository or directory can be enumerated through the contents API.
fse2023_understanding_the_bug_characteristics_and,24,auto_repo_or_dir,downloaded,https://github.com/CGCL-codes/FL_Bug_Study,https://raw.githubusercontent.com/CGCL-codes/FL_Bug_Study/main/Dataset_Collection/GitHub/PaddleFL/PRs_step2.csv,data\raw\fse2023_understanding_the_bug_characteristics_and\Dataset_Collection__GitHub__PaddleFL__PRs_step2.csv,200,text/plain; charset=utf-8,3910,,GitHub repository or directory can be enumerated through the contents API.
fse2023_understanding_the_bug_characteristics_and,24,auto_repo_or_dir,downloaded,https://github.com/CGCL-codes/FL_Bug_Study,https://raw.githubusercontent.com/CGCL-codes/FL_Bug_Study/main/Dataset_Collection/GitHub/PaddleFL/issues_init.csv,data\raw\fse2023_understanding_the_bug_characteristics_and\Dataset_Collection__GitHub__PaddleFL__issues_init.csv,200,text/plain; charset=utf-8,114104,,GitHub repository or directory can be enumerated through the contents API.
fse2023_understanding_the_bug_characteristics_and,24,auto_repo_or_dir,downloaded,https://github.com/CGCL-codes/FL_Bug_Study,https://raw.githubusercontent.com/CGCL-codes/FL_Bug_Study/main/Dataset_Collection/GitHub/PaddleFL/issues_step2.csv,data\raw\fse2023_understanding_the_bug_characteristics_and\Dataset_Collection__GitHub__PaddleFL__issues_step2.csv,200,text/plain; charset=utf-8,19955,,GitHub repository or directory can be enumerated through the contents API.
fse2023_understanding_the_bug_characteristics_and,24,auto_repo_or_dir,downloaded,https://github.com/CGCL-codes/FL_Bug_Study,https://raw.githubusercontent.com/CGCL-codes/FL_Bug_Study/main/Dataset_Collection/GitHub/PySyft/PRs_init.csv,data\raw\fse2023_understanding_the_bug_characteristics_and\Dataset_Collection__GitHub__PySyft__PRs_init.csv,200,text/plain; charset=utf-8,1035211,,GitHub repository or directory can be enumerated through the contents API.
fse2023_understanding_the_bug_characteristics_and,24,auto_repo_or_dir,downloaded,https://github.com/CGCL-codes/FL_Bug_Study,https://raw.githubusercontent.com/CGCL-codes/FL_Bug_Study/main/Dataset_Collection/GitHub/PySyft/PRs_step2.csv,data\raw\fse2023_understanding_the_bug_characteristics_and\Dataset_Collection__GitHub__PySyft__PRs_step2.csv,200,text/plain; charset=utf-8,518243,,GitHub repository or directory can be enumerated through the contents API.
fse2023_understanding_the_bug_characteristics_and,24,auto_repo_or_dir,downloaded,https://github.com/CGCL-codes/FL_Bug_Study,https://raw.githubusercontent.com/CGCL-codes/FL_Bug_Study/main/Dataset_Collection/GitHub/PySyft/issues_init.csv,data\raw\fse2023_understanding_the_bug_characteristics_and\Dataset_Collection__GitHub__PySyft__issues_init.csv,200,text/plain; charset=utf-8,1674108,,GitHub repository or directory can be enumerated through the contents API.
fse2023_understanding_the_bug_characteristics_and,24,auto_repo_or_dir,downloaded,https://github.com/CGCL-codes/FL_Bug_Study,https://raw.githubusercontent.com/CGCL-codes/FL_Bug_Study/main/Dataset_Collection/GitHub/PySyft/issues_step2.csv,data\raw\fse2023_understanding_the_bug_characteristics_and\Dataset_Collection__GitHub__PySyft__issues_step2.csv,200,text/plain; charset=utf-8,818253,,GitHub repository or directory can be enumerated through the contents API.
fse2023_understanding_the_bug_characteristics_and,24,auto_repo_or_dir,downloaded,https://github.com/CGCL-codes/FL_Bug_Study,https://raw.githubusercontent.com/CGCL-codes/FL_Bug_Study/main/Dataset_Collection/GitHub/federated/PRs_init.csv,data\raw\fse2023_understanding_the_bug_characteristics_and\Dataset_Collection__GitHub__federated__PRs_init.csv,200,text/plain; charset=utf-8,68011,,GitHub repository or directory can be enumerated through the contents API.
fse2023_understanding_the_bug_characteristics_and,24,auto_repo_or_dir,downloaded,https://github.com/CGCL-codes/FL_Bug_Study,https://raw.githubusercontent.com/CGCL-codes/FL_Bug_Study/main/Dataset_Collection/GitHub/federated/PRs_step2.csv,data\raw\fse2023_understanding_the_bug_characteristics_and\Dataset_Collection__GitHub__federated__PRs_step2.csv,200,text/plain; charset=utf-8,31019,,GitHub repository or directory can be enumerated through the contents API.
fse2023_understanding_the_bug_characteristics_and,24,auto_repo_or_dir,downloaded,https://github.com/CGCL-codes/FL_Bug_Study,https://raw.githubusercontent.com/CGCL-codes/FL_Bug_Study/main/Dataset_Collection/GitHub/federated/issues_init.csv,data\raw\fse2023_understanding_the_bug_characteristics_and\Dataset_Collection__GitHub__federated__issues_init.csv,200,text/plain; charset=utf-8,826049,,GitHub repository or directory can be enumerated through the contents API.
fse2023_understanding_the_bug_characteristics_and,24,auto_repo_or_dir,downloaded,https://github.com/CGCL-codes/FL_Bug_Study,https://raw.githubusercontent.com/CGCL-codes/FL_Bug_Study/main/Dataset_Collection/GitHub/federated/issues_step2.csv,data\raw\fse2023_understanding_the_bug_characteristics_and\Dataset_Collection__GitHub__federated__issues_step2.csv,200,text/plain; charset=utf-8,305810,,GitHub repository or directory can be enumerated through the contents API.
fse2023_understanding_the_bug_characteristics_and,24,auto_repo_or_dir,downloaded,https://github.com/CGCL-codes/FL_Bug_Study,https://raw.githubusercontent.com/CGCL-codes/FL_Bug_Study/main/Dataset_Collection/GitHub/fedlearner/PRs_init.csv,data\raw\fse2023_understanding_the_bug_characteristics_and\Dataset_Collection__GitHub__fedlearner__PRs_init.csv,200,text/plain; charset=utf-8,16017,,GitHub repository or directory can be enumerated through the contents API.
fse2023_understanding_the_bug_characteristics_and,24,auto_repo_or_dir,downloaded,https://github.com/CGCL-codes/FL_Bug_Study,https://raw.githubusercontent.com/CGCL-codes/FL_Bug_Study/main/Dataset_Collection/GitHub/fedlearner/PRs_step2.csv,data\raw\fse2023_understanding_the_bug_characteristics_and\Dataset_Collection__GitHub__fedlearner__PRs_step2.csv,200,text/plain; charset=utf-8,14210,,GitHub repository or directory can be enumerated through the contents API.
fse2023_understanding_the_bug_characteristics_and,24,auto_repo_or_dir,downloaded,https://github.com/CGCL-codes/FL_Bug_Study,https://raw.githubusercontent.com/CGCL-codes/FL_Bug_Study/main/Dataset_Collection/GitHub/fedlearner/issues_init.csv,data\raw\fse2023_understanding_the_bug_characteristics_and\Dataset_Collection__GitHub__fedlearner__issues_init.csv,200,text/plain; charset=utf-8,13985,,GitHub repository or directory can be enumerated through the contents API.
fse2023_understanding_the_bug_characteristics_and,24,auto_repo_or_dir,downloaded,https://github.com/CGCL-codes/FL_Bug_Study,https://raw.githubusercontent.com/CGCL-codes/FL_Bug_Study/main/Dataset_Collection/GitHub/fedlearner/issues_step2.csv,data\raw\fse2023_understanding_the_bug_characteristics_and\Dataset_Collection__GitHub__fedlearner__issues_step2.csv,200,text/plain; charset=utf-8,10034,,GitHub repository or directory can be enumerated through the contents API.
fse2023_understanding_the_bug_characteristics_and,24,auto_repo_or_dir,downloaded,https://github.com/CGCL-codes/FL_Bug_Study,https://raw.githubusercontent.com/CGCL-codes/FL_Bug_Study/main/Dataset_Collection/GitHub/flower/PRs_init.csv,data\raw\fse2023_understanding_the_bug_characteristics_and\Dataset_Collection__GitHub__flower__PRs_init.csv,200,text/plain; charset=utf-8,63755,,GitHub repository or directory can be enumerated through the contents API.
fse2023_understanding_the_bug_characteristics_and,24,auto_repo_or_dir,downloaded,https://github.com/CGCL-codes/FL_Bug_Study,https://raw.githubusercontent.com/CGCL-codes/FL_Bug_Study/main/Dataset_Collection/GitHub/flower/PRs_step2.csv,data\raw\fse2023_understanding_the_bug_characteristics_and\Dataset_Collection__GitHub__flower__PRs_step2.csv,200,text/plain; charset=utf-8,6421,,GitHub repository or directory can be enumerated through the contents API.
fse2023_understanding_the_bug_characteristics_and,24,auto_repo_or_dir,downloaded,https://github.com/CGCL-codes/FL_Bug_Study,https://raw.githubusercontent.com/CGCL-codes/FL_Bug_Study/main/Dataset_Collection/GitHub/flower/issues_init.csv,data\raw\fse2023_understanding_the_bug_characteristics_and\Dataset_Collection__GitHub__flower__issues_init.csv,200,text/plain; charset=utf-8,157387,,GitHub repository or directory can be enumerated through the contents API.
fse2023_understanding_the_bug_characteristics_and,24,auto_repo_or_dir,downloaded,https://github.com/CGCL-codes/FL_Bug_Study,https://raw.githubusercontent.com/CGCL-codes/FL_Bug_Study/main/Dataset_Collection/GitHub/flower/issues_step2.csv,data\raw\fse2023_understanding_the_bug_characteristics_and\Dataset_Collection__GitHub__flower__issues_step2.csv,200,text/plain; charset=utf-8,111796,,GitHub repository or directory can be enumerated through the contents API.
fse2023_understanding_the_bug_characteristics_and,24,auto_repo_or_dir,downloaded,https://github.com/CGCL-codes/FL_Bug_Study,https://raw.githubusercontent.com/CGCL-codes/FL_Bug_Study/main/Dataset_Collection/StackOverflow/so_init.csv,data\raw\fse2023_understanding_the_bug_characteristics_and\Dataset_Collection__StackOverflow__so_init.csv,200,text/plain; charset=utf-8,69310,,GitHub repository or directory can be enumerated through the contents API.
fse2023_understanding_the_bug_characteristics_and,24,auto_repo_or_dir,downloaded,https://github.com/CGCL-codes/FL_Bug_Study,https://raw.githubusercontent.com/CGCL-codes/FL_Bug_Study/main/Manual_Labelling/Manual_Labelling.xlsx,data\raw\fse2023_understanding_the_bug_characteristics_and\Manual_Labelling__Manual_Labelling.xlsx,200,application/octet-stream,41130,,GitHub repository or directory can be enumerated through the contents API.
fse2023_understanding_the_bug_characteristics_and,24,auto_repo_or_dir,downloaded,https://github.com/CGCL-codes/FL_Bug_Study,https://raw.githubusercontent.com/CGCL-codes/FL_Bug_Study/main/Quantitative_Study/DL_Patch.csv,data\raw\fse2023_understanding_the_bug_characteristics_and\Quantitative_Study__DL_Patch.csv,200,text/plain; charset=utf-8,48743,,GitHub repository or directory can be enumerated through the contents API.
fse2023_understanding_the_bug_characteristics_and,24,auto_repo_or_dir,downloaded,https://github.com/CGCL-codes/FL_Bug_Study,https://raw.githubusercontent.com/CGCL-codes/FL_Bug_Study/main/Quantitative_Study/FL_Patch.csv,data\raw\fse2023_understanding_the_bug_characteristics_and\Quantitative_Study__FL_Patch.csv,200,text/plain; charset=utf-8,46548,,GitHub repository or directory can be enumerated through the contents API.
fse2023_understanding_the_bug_characteristics_and,24,auto_repo_or_dir,downloaded,https://github.com/CGCL-codes/FL_Bug_Study,https://raw.githubusercontent.com/CGCL-codes/FL_Bug_Study/main/Quantitative_Study/GitHub_lifecycle.csv,data\raw\fse2023_understanding_the_bug_characteristics_and\Quantitative_Study__GitHub_lifecycle.csv,200,text/plain; charset=utf-8,21448,,GitHub repository or directory can be enumerated through the contents API.
fse2023_understanding_the_bug_characteristics_and,24,auto_repo_or_dir,downloaded,https://github.com/CGCL-codes/FL_Bug_Study,https://raw.githubusercontent.com/CGCL-codes/FL_Bug_Study/main/Quantitative_Study/SO_lifecycle.csv,data\raw\fse2023_understanding_the_bug_characteristics_and\Quantitative_Study__SO_lifecycle.csv,200,text/plain; charset=utf-8,10544,,GitHub repository or directory can be enumerated through the contents API.
fse2023_understanding_the_bug_characteristics_and,24,auto_repo_or_dir,downloaded,https://github.com/CGCL-codes/FL_Bug_Study,https://raw.githubusercontent.com/CGCL-codes/FL_Bug_Study/main/README.md,data\raw\fse2023_understanding_the_bug_characteristics_and\README.md,200,text/plain; charset=utf-8,6948,,GitHub repository or directory can be enumerated through the contents API.
icse2022_perfsig_extracting_performance_bug_signatures,25,auto_repo_or_dir,downloaded,https://github.com/jhe16/PerfSig,https://raw.githubusercontent.com/jhe16/PerfSig/main/metrics/cassandra7330/430be2643f7ffb4e.json,data\raw\icse2022_perfsig_extracting_performance_bug_signatures\metrics__cassandra7330__430be2643f7ffb4e.json,200,text/plain; charset=utf-8,6103,,GitHub repository or directory can be enumerated through the contents API.
icse2022_perfsig_extracting_performance_bug_signatures,25,auto_repo_or_dir,downloaded,https://github.com/jhe16/PerfSig,https://raw.githubusercontent.com/jhe16/PerfSig/main/metrics/cassandra7330/7330-cpu.csv,data\raw\icse2022_perfsig_extracting_performance_bug_signatures\metrics__cassandra7330__7330-cpu.csv,200,text/plain; charset=utf-8,2154,,GitHub repository or directory can be enumerated through the contents API.
icse2022_perfsig_extracting_performance_bug_signatures,25,auto_repo_or_dir,downloaded,https://github.com/jhe16/PerfSig,https://raw.githubusercontent.com/jhe16/PerfSig/main/metrics/cassandra7330/7330-workload.txt,data\raw\icse2022_perfsig_extracting_performance_bug_signatures\metrics__cassandra7330__7330-workload.txt,200,text/plain; charset=utf-8,608,,GitHub repository or directory can be enumerated through the contents API.
icse2022_perfsig_extracting_performance_bug_signatures,25,auto_repo_or_dir,downloaded,https://github.com/jhe16/PerfSig,https://raw.githubusercontent.com/jhe16/PerfSig/main/metrics/cassandra7330/8afdc9386cbe5679.json,data\raw\icse2022_perfsig_extracting_performance_bug_signatures\metrics__cassandra7330__8afdc9386cbe5679.json,200,text/plain; charset=utf-8,6099,,GitHub repository or directory can be enumerated through the contents API.
icse2022_perfsig_extracting_performance_bug_signatures,25,auto_repo_or_dir,downloaded,https://github.com/jhe16/PerfSig,https://raw.githubusercontent.com/jhe16/PerfSig/main/metrics/cassandra7330/9359c6f6159ed4af.json,data\raw\icse2022_perfsig_extracting_performance_bug_signatures\metrics__cassandra7330__9359c6f6159ed4af.json,200,text/plain; charset=utf-8,6102,,GitHub repository or directory can be enumerated through the contents API.
icse2022_perfsig_extracting_performance_bug_signatures,25,auto_repo_or_dir,downloaded,https://github.com/jhe16/PerfSig,https://raw.githubusercontent.com/jhe16/PerfSig/main/metrics/cassandra7330/ac0eb283b8609bff.json,data\raw\icse2022_perfsig_extracting_performance_bug_signatures\metrics__cassandra7330__ac0eb283b8609bff.json,200,text/plain; charset=utf-8,6378,,GitHub repository or directory can be enumerated through the contents API.
icse2022_perfsig_extracting_performance_bug_signatures,25,auto_repo_or_dir,downloaded,https://github.com/jhe16/PerfSig,https://raw.githubusercontent.com/jhe16/PerfSig/main/metrics/cassandra7330/c306fd8eb753a088.json,data\raw\icse2022_perfsig_extracting_performance_bug_signatures\metrics__cassandra7330__c306fd8eb753a088.json,200,text/plain; charset=utf-8,6098,,GitHub repository or directory can be enumerated through the contents API.
icse2022_perfsig_extracting_performance_bug_signatures,25,auto_repo_or_dir,downloaded,https://github.com/jhe16/PerfSig,https://raw.githubusercontent.com/jhe16/PerfSig/main/metrics/cassandra9881/355dcf4bed46d91d.json,data\raw\icse2022_perfsig_extracting_performance_bug_signatures\metrics__cassandra9881__355dcf4bed46d91d.json,200,text/plain; charset=utf-8,6386,,GitHub repository or directory can be enumerated through the contents API.
icse2022_perfsig_extracting_performance_bug_signatures,25,auto_repo_or_dir,downloaded,https://github.com/jhe16/PerfSig,https://raw.githubusercontent.com/jhe16/PerfSig/main/metrics/cassandra9881/7f30fbe7efa571ee.json,data\raw\icse2022_perfsig_extracting_performance_bug_signatures\metrics__cassandra9881__7f30fbe7efa571ee.json,200,text/plain; charset=utf-8,6379,,GitHub repository or directory can be enumerated through the contents API.
icse2022_perfsig_extracting_performance_bug_signatures,25,auto_repo_or_dir,downloaded,https://github.com/jhe16/PerfSig,https://raw.githubusercontent.com/jhe16/PerfSig/main/metrics/cassandra9881/9881-cpu.csv,data\raw\icse2022_perfsig_extracting_performance_bug_signatures\metrics__cassandra9881__9881-cpu.csv,200,text/plain; charset=utf-8,2574,,GitHub repository or directory can be enumerated through the contents API.
icse2022_perfsig_extracting_performance_bug_signatures,25,auto_repo_or_dir,downloaded,https://github.com/jhe16/PerfSig,https://raw.githubusercontent.com/jhe16/PerfSig/main/metrics/cassandra9881/9881-workload.txt,data\raw\icse2022_perfsig_extracting_performance_bug_signatures\metrics__cassandra9881__9881-workload.txt,200,text/plain; charset=utf-8,728,,GitHub repository or directory can be enumerated through the contents API.
icse2022_perfsig_extracting_performance_bug_signatures,25,auto_repo_or_dir,downloaded,https://github.com/jhe16/PerfSig,https://raw.githubusercontent.com/jhe16/PerfSig/main/metrics/cassandra9881/c612bef1de84159e.json,data\raw\icse2022_perfsig_extracting_performance_bug_signatures\metrics__cassandra9881__c612bef1de84159e.json,200,text/plain; charset=utf-8,6382,,GitHub repository or directory can be enumerated through the contents API.
icse2022_perfsig_extracting_performance_bug_signatures,25,auto_repo_or_dir,downloaded,https://github.com/jhe16/PerfSig,https://raw.githubusercontent.com/jhe16/PerfSig/main/metrics/cassandra9881/cb293c850a40fa8b.json,data\raw\icse2022_perfsig_extracting_performance_bug_signatures\metrics__cassandra9881__cb293c850a40fa8b.json,200,text/plain; charset=utf-8,6399,,GitHub repository or directory can be enumerated through the contents API.
icse2022_perfsig_extracting_performance_bug_signatures,25,auto_repo_or_dir,downloaded,https://github.com/jhe16/PerfSig,https://raw.githubusercontent.com/jhe16/PerfSig/main/metrics/cassandra9881/ef6bbc17190538f4.json,data\raw\icse2022_perfsig_extracting_performance_bug_signatures\metrics__cassandra9881__ef6bbc17190538f4.json,200,text/plain; charset=utf-8,6388,,GitHub repository or directory can be enumerated through the contents API.
icse2022_perfsig_extracting_performance_bug_signatures,25,auto_repo_or_dir,downloaded,https://github.com/jhe16/PerfSig,https://raw.githubusercontent.com/jhe16/PerfSig/main/metrics/hadoop15415/hadoop15415-cpu.csv,data\raw\icse2022_perfsig_extracting_performance_bug_signatures\metrics__hadoop15415__hadoop15415-cpu.csv,200,text/plain; charset=utf-8,1870,,GitHub repository or directory can be enumerated through the contents API.
icse2022_perfsig_extracting_performance_bug_signatures,25,auto_repo_or_dir,downloaded,https://github.com/jhe16/PerfSig,https://raw.githubusercontent.com/jhe16/PerfSig/main/metrics/hadoop15415/hadoop15415-workload.txt,data\raw\icse2022_perfsig_extracting_performance_bug_signatures\metrics__hadoop15415__hadoop15415-workload.txt,200,text/plain; charset=utf-8,22455,,GitHub repository or directory can be enumerated through the contents API.
icse2022_perfsig_extracting_performance_bug_signatures,25,auto_repo_or_dir,downloaded,https://github.com/jhe16/PerfSig,https://raw.githubusercontent.com/jhe16/PerfSig/main/metrics/hadoop6133/hadoop6133-cpu.csv,data\raw\icse2022_perfsig_extracting_performance_bug_signatures\metrics__hadoop6133__hadoop6133-cpu.csv,200,text/plain; charset=utf-8,3043,,GitHub repository or directory can be enumerated through the contents API.
icse2022_perfsig_extracting_performance_bug_signatures,25,auto_repo_or_dir,downloaded,https://github.com/jhe16/PerfSig,https://raw.githubusercontent.com/jhe16/PerfSig/main/metrics/hadoop6133/hadoop6133-workload.txt,data\raw\icse2022_perfsig_extracting_performance_bug_signatures\metrics__hadoop6133__hadoop6133-workload.txt,200,text/plain; charset=utf-8,37932,,GitHub repository or directory can be enumerated through the contents API.
icse2022_perfsig_extracting_performance_bug_signatures,25,auto_repo_or_dir,downloaded,https://github.com/jhe16/PerfSig,https://raw.githubusercontent.com/jhe16/PerfSig/main/metrics/hadoop8614/hadoop8614-cpu.csv,data\raw\icse2022_perfsig_extracting_performance_bug_signatures\metrics__hadoop8614__hadoop8614-cpu.csv,200,text/plain; charset=utf-8,1599,,GitHub repository or directory can be enumerated through the contents API.
icse2022_perfsig_extracting_performance_bug_signatures,25,auto_repo_or_dir,downloaded,https://github.com/jhe16/PerfSig,https://raw.githubusercontent.com/jhe16/PerfSig/main/metrics/hadoop8614/hadoop8614-workload.txt,data\raw\icse2022_perfsig_extracting_performance_bug_signatures\metrics__hadoop8614__hadoop8614-workload.txt,200,text/plain; charset=utf-8,19224,,GitHub repository or directory can be enumerated through the contents API.
icse2022_perfsig_extracting_performance_bug_signatures,25,auto_repo_or_dir,downloaded,https://github.com/jhe16/PerfSig,https://raw.githubusercontent.com/jhe16/PerfSig/main/metrics/mapreduce6990/mapreduce6990-cpu.csv,data\raw\icse2022_perfsig_extracting_performance_bug_signatures\metrics__mapreduce6990__mapreduce6990-cpu.csv,200,text/plain; charset=utf-8,1626,,GitHub repository or directory can be enumerated through the contents API.
icse2022_perfsig_extracting_performance_bug_signatures,25,auto_repo_or_dir,downloaded,https://github.com/jhe16/PerfSig,https://raw.githubusercontent.com/jhe16/PerfSig/main/metrics/mapreduce6990/mapreduce6990-workload.txt,data\raw\icse2022_perfsig_extracting_performance_bug_signatures\metrics__mapreduce6990__mapreduce6990-workload.txt,200,text/plain; charset=utf-8,18457,,GitHub repository or directory can be enumerated through the contents API.
icse2022_perfsig_extracting_performance_bug_signatures,25,auto_repo_or_dir,downloaded,https://github.com/jhe16/PerfSig,https://raw.githubusercontent.com/jhe16/PerfSig/main/metrics/mapreduce7089/mapreduce7089-cpu.csv,data\raw\icse2022_perfsig_extracting_performance_bug_signatures\metrics__mapreduce7089__mapreduce7089-cpu.csv,200,text/plain; charset=utf-8,1995,,GitHub repository or directory can be enumerated through the contents API.
icse2022_perfsig_extracting_performance_bug_signatures,25,auto_repo_or_dir,downloaded,https://github.com/jhe16/PerfSig,https://raw.githubusercontent.com/jhe16/PerfSig/main/metrics/mapreduce7089/mapreduce7089-workload.txt,data\raw\icse2022_perfsig_extracting_performance_bug_signatures\metrics__mapreduce7089__mapreduce7089-workload.txt,200,text/plain; charset=utf-8,23978,,GitHub repository or directory can be enumerated through the contents API.
icse2022_perfsig_extracting_performance_bug_signatures,25,auto_repo_or_dir,downloaded,https://github.com/jhe16/PerfSig,https://raw.githubusercontent.com/jhe16/PerfSig/main/metrics/yarn163/yarn163-cpu.csv,data\raw\icse2022_perfsig_extracting_performance_bug_signatures\metrics__yarn163__yarn163-cpu.csv,200,text/plain; charset=utf-8,1843,,GitHub repository or directory can be enumerated through the contents API.
icse2022_perfsig_extracting_performance_bug_signatures,25,auto_repo_or_dir,downloaded,https://github.com/jhe16/PerfSig,https://raw.githubusercontent.com/jhe16/PerfSig/main/metrics/yarn163/yarn163-workload.txt,data\raw\icse2022_perfsig_extracting_performance_bug_signatures\metrics__yarn163__yarn163-workload.txt,200,text/plain; charset=utf-8,22077,,GitHub repository or directory can be enumerated through the contents API.
icse2022_perfsig_extracting_performance_bug_signatures,25,auto_repo_or_dir,downloaded,https://github.com/jhe16/PerfSig,https://raw.githubusercontent.com/jhe16/PerfSig/main/metrics/yarn1630/yarn1630-cpu.csv,data\raw\icse2022_perfsig_extracting_performance_bug_signatures\metrics__yarn1630__yarn1630-cpu.csv,200,text/plain; charset=utf-8,1432,,GitHub repository or directory can be enumerated through the contents API.
icse2022_perfsig_extracting_performance_bug_signatures,25,auto_repo_or_dir,downloaded,https://github.com/jhe16/PerfSig,https://raw.githubusercontent.com/jhe16/PerfSig/main/metrics/yarn1630/yarn1630-workload.txt,data\raw\icse2022_perfsig_extracting_performance_bug_signatures\metrics__yarn1630__yarn1630-workload.txt,200,text/plain; charset=utf-8,17313,,GitHub repository or directory can be enumerated through the contents API.
icse2022_perfsig_extracting_performance_bug_signatures,25,auto_repo_or_dir,downloaded,https://github.com/jhe16/PerfSig,https://raw.githubusercontent.com/jhe16/PerfSig/main/metrics/yarn2905/yarn2905-cpu.csv,data\raw\icse2022_perfsig_extracting_performance_bug_signatures\metrics__yarn2905__yarn2905-cpu.csv,200,text/plain; charset=utf-8,1884,,GitHub repository or directory can be enumerated through the contents API.
icse2022_perfsig_extracting_performance_bug_signatures,25,auto_repo_or_dir,downloaded,https://github.com/jhe16/PerfSig,https://raw.githubusercontent.com/jhe16/PerfSig/main/metrics/yarn2905/yarn2905-workload.txt,data\raw\icse2022_perfsig_extracting_performance_bug_signatures\metrics__yarn2905__yarn2905-workload.txt,200,text/plain; charset=utf-8,22632,,GitHub repository or directory can be enumerated through the contents API.
icpc2022_a_study_of_single_statement,27,auto_repo_or_dir,downloaded,https://github.com/li-sui/miningSStuBs,https://raw.githubusercontent.com/li-sui/miningSStuBs/main/README.md,data\raw\icpc2022_a_study_of_single_statement\README.md,200,text/plain; charset=utf-8,1484,,GitHub repository or directory can be enumerated through the contents API.
icpc2022_a_study_of_single_statement,27,auto_repo_or_dir,downloaded,https://github.com/li-sui/miningSStuBs,https://raw.githubusercontent.com/li-sui/miningSStuBs/main/TP%20from%20SStuBs.xlsx,data\raw\icpc2022_a_study_of_single_statement\TP_from_SStuBs.xlsx,200,application/octet-stream,73679,,GitHub repository or directory can be enumerated through the contents API.
icpc2022_a_study_of_single_statement,27,auto_repo_or_dir,failed,https://github.com/li-sui/miningSStuBs,https://api.github.com/repos/li-sui/miningSStuBs/contents,,,,0,URLError: <urlopen error [SSL: UNEXPECTED_EOF_WHILE_READING] EOF occurred in violation of protocol (_ssl.c:1028)>,GitHub repository or directory can be enumerated through the contents API.
msr2022_ecench_an_energy_bug_benchmark,29,auto_repo_or_dir,downloaded,https://github.com/pinguskku/ECench,https://raw.githubusercontent.com/pinguskku/ECench/main/README.md,data\raw\msr2022_ecench_an_energy_bug_benchmark\README.md,200,text/plain; charset=utf-8,8,,GitHub repository or directory can be enumerated through the contents API.
icse2021_depowl_detecting_dependency_bugs_to,32,auto_repo_or_dir,downloaded,https://github.com/ZhouyangJia/DepOwl,https://raw.githubusercontent.com/ZhouyangJia/DepOwl/master/README.md,data\raw\icse2021_depowl_detecting_dependency_bugs_to\README.md,200,text/plain; charset=utf-8,5152,,GitHub repository or directory can be enumerated through the contents API.
icse2021_depowl_detecting_dependency_bugs_to,32,auto_repo_or_dir,downloaded,https://github.com/ZhouyangJia/DepOwl,https://raw.githubusercontent.com/ZhouyangJia/DepOwl/master/data/1%2C062%20depbugs%20(duplicated).xlsx,data\raw\icse2021_depowl_detecting_dependency_bugs_to\data__1_062_depbugs_duplicated_.xlsx,200,application/octet-stream,109370,,GitHub repository or directory can be enumerated through the contents API.
icse2021_depowl_detecting_dependency_bugs_to,32,auto_repo_or_dir,downloaded,https://github.com/ZhouyangJia/DepOwl,https://raw.githubusercontent.com/ZhouyangJia/DepOwl/master/data/12%2C663%20potential%20depbugs.xlsx,data\raw\icse2021_depowl_detecting_dependency_bugs_to\data__12_663_potential_depbugs.xlsx,200,application/octet-stream,742587,,GitHub repository or directory can be enumerated through the contents API.
icse2021_depowl_detecting_dependency_bugs_to,32,auto_repo_or_dir,downloaded,https://github.com/ZhouyangJia/DepOwl,https://raw.githubusercontent.com/ZhouyangJia/DepOwl/master/data/163%20depbugs%20(deduplicated).xlsx,data\raw\icse2021_depowl_detecting_dependency_bugs_to\data__163_depbugs_deduplicated_.xlsx,200,application/octet-stream,55984,,GitHub repository or directory can be enumerated through the contents API.
icse2021_depowl_detecting_dependency_bugs_to,32,auto_repo_or_dir,downloaded,https://github.com/ZhouyangJia/DepOwl,https://raw.githubusercontent.com/ZhouyangJia/DepOwl/master/data/27%2C413%20library%20changes.xlsx,data\raw\icse2021_depowl_detecting_dependency_bugs_to\data__27_413_library_changes.xlsx,200,application/octet-stream,954657,,GitHub repository or directory can be enumerated through the contents API.
icse2021_depowl_detecting_dependency_bugs_to,32,auto_repo_or_dir,downloaded,https://github.com/ZhouyangJia/DepOwl,https://raw.githubusercontent.com/ZhouyangJia/DepOwl/master/data/32%20library%20packages.xlsx,data\raw\icse2021_depowl_detecting_dependency_bugs_to\data__32_library_packages.xlsx,200,application/octet-stream,9539,,GitHub repository or directory can be enumerated through the contents API.
icse2021_depowl_detecting_dependency_bugs_to,32,auto_repo_or_dir,downloaded,https://github.com/ZhouyangJia/DepOwl,https://raw.githubusercontent.com/ZhouyangJia/DepOwl/master/data/61%2C068%20packages.xlsx,data\raw\icse2021_depowl_detecting_dependency_bugs_to\data__61_068_packages.xlsx,200,application/octet-stream,3110574,,GitHub repository or directory can be enumerated through the contents API.
icse2021_depowl_detecting_dependency_bugs_to,32,auto_repo_or_dir,downloaded,https://github.com/ZhouyangJia/DepOwl,https://raw.githubusercontent.com/ZhouyangJia/DepOwl/master/data/841%20library%20versions.xlsx,data\raw\icse2021_depowl_detecting_dependency_bugs_to\data__841_library_versions.xlsx,200,application/octet-stream,41799,,GitHub repository or directory can be enumerated through the contents API.
icse2021_depowl_detecting_dependency_bugs_to,32,auto_repo_or_dir,downloaded,https://github.com/ZhouyangJia/DepOwl,https://raw.githubusercontent.com/ZhouyangJia/DepOwl/master/repository/test/Packages-test.txt,data\raw\icse2021_depowl_detecting_dependency_bugs_to\repository__test__Packages-test.txt,200,text/plain; charset=utf-8,3966,,GitHub repository or directory can be enumerated through the contents API.
icse2021_depowl_detecting_dependency_bugs_to,32,auto_repo_or_dir,downloaded,https://github.com/ZhouyangJia/DepOwl,https://raw.githubusercontent.com/ZhouyangJia/DepOwl/master/repository/ubuntu-19.10.zip,data\raw\icse2021_depowl_detecting_dependency_bugs_to\repository__ubuntu-19.10.zip,200,application/zip,13103290,,GitHub repository or directory can be enumerated through the contents API.
icse2021_depowl_detecting_dependency_bugs_to,32,auto_repo_or_dir,downloaded,https://github.com/ZhouyangJia/DepOwl,https://raw.githubusercontent.com/ZhouyangJia/DepOwl/master/test_results/symbols.xlsx,data\raw\icse2021_depowl_detecting_dependency_bugs_to\test_results__symbols.xlsx,200,application/octet-stream,5803,,GitHub repository or directory can be enumerated through the contents API.
icse2021_depowl_detecting_dependency_bugs_to,32,auto_repo_or_dir,downloaded,https://github.com/ZhouyangJia/DepOwl,https://raw.githubusercontent.com/ZhouyangJia/DepOwl/master/ubuntu-19.10/Packages-main.txt,data\raw\icse2021_depowl_detecting_dependency_bugs_to\ubuntu-19.10__Packages-main.txt,200,text/plain; charset=utf-8,6305509,,GitHub repository or directory can be enumerated through the contents API.
icse2021_depowl_detecting_dependency_bugs_to,32,auto_repo_or_dir,downloaded,https://github.com/ZhouyangJia/DepOwl,https://raw.githubusercontent.com/ZhouyangJia/DepOwl/master/ubuntu-19.10/Packages-multiverse.txt,data\raw\icse2021_depowl_detecting_dependency_bugs_to\ubuntu-19.10__Packages-multiverse.txt,200,text/plain; charset=utf-8,773293,,GitHub repository or directory can be enumerated through the contents API.
icse2021_depowl_detecting_dependency_bugs_to,32,auto_repo_or_dir,downloaded,https://github.com/ZhouyangJia/DepOwl,https://raw.githubusercontent.com/ZhouyangJia/DepOwl/master/ubuntu-19.10/Packages-restricted.txt,data\raw\icse2021_depowl_detecting_dependency_bugs_to\ubuntu-19.10__Packages-restricted.txt,200,text/plain; charset=utf-8,171383,,GitHub repository or directory can be enumerated through the contents API.
icse2021_depowl_detecting_dependency_bugs_to,32,auto_repo_or_dir,downloaded,https://github.com/ZhouyangJia/DepOwl,https://raw.githubusercontent.com/ZhouyangJia/DepOwl/master/ubuntu-19.10/Packages-universe.txt,data\raw\icse2021_depowl_detecting_dependency_bugs_to\ubuntu-19.10__Packages-universe.txt,200,text/plain; charset=utf-8,51332403,,GitHub repository or directory can be enumerated through the contents API.
icse2021_iot_bugs_and_development_challenges,33,auto_repo_or_dir,downloaded,https://github.com/IoTSEstudy/IoTbugschallenges,https://raw.githubusercontent.com/IoTSEstudy/IoTbugschallenges/master/IoT-repositories/final_subject_repositories.csv,data\raw\icse2021_iot_bugs_and_development_challenges\IoT-repositories__final_subject_repositories.csv,200,text/plain; charset=utf-8,14863,,GitHub repository or directory can be enumerated through the contents API.
icse2021_iot_bugs_and_development_challenges,33,auto_repo_or_dir,downloaded,https://github.com/IoTSEstudy/IoTbugschallenges,https://raw.githubusercontent.com/IoTSEstudy/IoTbugschallenges/master/IoT-repositories/phase1/P1_internetofthings.json,data\raw\icse2021_iot_bugs_and_development_challenges\IoT-repositories__phase1__P1_internetofthings.json,200,text/plain; charset=utf-8,1176580,,GitHub repository or directory can be enumerated through the contents API.
icse2021_iot_bugs_and_development_challenges,33,auto_repo_or_dir,downloaded,https://github.com/IoTSEstudy/IoTbugschallenges,https://raw.githubusercontent.com/IoTSEstudy/IoTbugschallenges/master/IoT-repositories/phase1/P1_iot.json,data\raw\icse2021_iot_bugs_and_development_challenges\IoT-repositories__phase1__P1_iot.json,200,text/plain; charset=utf-8,6258149,,GitHub repository or directory can be enumerated through the contents API.
icse2021_iot_bugs_and_development_challenges,33,auto_repo_or_dir,downloaded,https://github.com/IoTSEstudy/IoTbugschallenges,https://raw.githubusercontent.com/IoTSEstudy/IoTbugschallenges/master/IoT-repositories/phase1/P1_iotapp.json,data\raw\icse2021_iot_bugs_and_development_challenges\IoT-repositories__phase1__P1_iotapp.json,200,text/plain; charset=utf-8,157348,,GitHub repository or directory can be enumerated through the contents API.
icse2021_iot_bugs_and_development_challenges,33,auto_repo_or_dir,downloaded,https://github.com/IoTSEstudy/IoTbugschallenges,https://raw.githubusercontent.com/IoTSEstudy/IoTbugschallenges/master/IoT-repositories/phase1/P1_iotdevice.json,data\raw\icse2021_iot_bugs_and_development_challenges\IoT-repositories__phase1__P1_iotdevice.json,200,text/plain; charset=utf-8,274925,,GitHub repository or directory can be enumerated through the contents API.
icse2021_iot_bugs_and_development_challenges,33,auto_repo_or_dir,downloaded,https://github.com/IoTSEstudy/IoTbugschallenges,https://raw.githubusercontent.com/IoTSEstudy/IoTbugschallenges/master/IoT-repositories/phase1/P1_iotplatform.json,data\raw\icse2021_iot_bugs_and_development_challenges\IoT-repositories__phase1__P1_iotplatform.json,200,text/plain; charset=utf-8,669601,,GitHub repository or directory can be enumerated through the contents API.
icse2021_iot_bugs_and_development_challenges,33,auto_repo_or_dir,downloaded,https://github.com/IoTSEstudy/IoTbugschallenges,https://raw.githubusercontent.com/IoTSEstudy/IoTbugschallenges/master/IoT-repositories/phase2/P2_internetofthings.json,data\raw\icse2021_iot_bugs_and_development_challenges\IoT-repositories__phase2__P2_internetofthings.json,200,text/plain; charset=utf-8,22488,,GitHub repository or directory can be enumerated through the contents API.
icse2021_iot_bugs_and_development_challenges,33,auto_repo_or_dir,downloaded,https://github.com/IoTSEstudy/IoTbugschallenges,https://raw.githubusercontent.com/IoTSEstudy/IoTbugschallenges/master/IoT-repositories/phase2/P2_iot.json,data\raw\icse2021_iot_bugs_and_development_challenges\IoT-repositories__phase2__P2_iot.json,200,text/plain; charset=utf-8,95491,,GitHub repository or directory can be enumerated through the contents API.
icse2021_iot_bugs_and_development_challenges,33,auto_repo_or_dir,downloaded,https://github.com/IoTSEstudy/IoTbugschallenges,https://raw.githubusercontent.com/IoTSEstudy/IoTbugschallenges/master/IoT-repositories/phase2/P2_iotapp.json,data\raw\icse2021_iot_bugs_and_development_challenges\IoT-repositories__phase2__P2_iotapp.json,200,text/plain; charset=utf-8,1325,,GitHub repository or directory can be enumerated through the contents API.
icse2021_iot_bugs_and_development_challenges,33,auto_repo_or_dir,downloaded,https://github.com/IoTSEstudy/IoTbugschallenges,https://raw.githubusercontent.com/IoTSEstudy/IoTbugschallenges/master/IoT-repositories/phase2/P2_iotdevice.json,data\raw\icse2021_iot_bugs_and_development_challenges\IoT-repositories__phase2__P2_iotdevice.json,200,text/plain; charset=utf-8,2663,,GitHub repository or directory can be enumerated through the contents API.
icse2021_iot_bugs_and_development_challenges,33,auto_repo_or_dir,downloaded,https://github.com/IoTSEstudy/IoTbugschallenges,https://raw.githubusercontent.com/IoTSEstudy/IoTbugschallenges/master/IoT-repositories/phase2/P2_iotplatform.json,data\raw\icse2021_iot_bugs_and_development_challenges\IoT-repositories__phase2__P2_iotplatform.json,200,text/plain; charset=utf-8,9452,,GitHub repository or directory can be enumerated through the contents API.
icse2021_iot_bugs_and_development_challenges,33,auto_repo_or_dir,downloaded,https://github.com/IoTSEstudy/IoTbugschallenges,https://raw.githubusercontent.com/IoTSEstudy/IoTbugschallenges/master/IoT-repositories/phase3/P3_internetofthings.json,data\raw\icse2021_iot_bugs_and_development_challenges\IoT-repositories__phase3__P3_internetofthings.json,200,text/plain; charset=utf-8,14954,,GitHub repository or directory can be enumerated through the contents API.
icse2021_iot_bugs_and_development_challenges,33,auto_repo_or_dir,downloaded,https://github.com/IoTSEstudy/IoTbugschallenges,https://raw.githubusercontent.com/IoTSEstudy/IoTbugschallenges/master/IoT-repositories/phase3/P3_iot.json,data\raw\icse2021_iot_bugs_and_development_challenges\IoT-repositories__phase3__P3_iot.json,200,text/plain; charset=utf-8,37431,,GitHub repository or directory can be enumerated through the contents API.
icse2021_iot_bugs_and_development_challenges,33,auto_repo_or_dir,downloaded,https://github.com/IoTSEstudy/IoTbugschallenges,https://raw.githubusercontent.com/IoTSEstudy/IoTbugschallenges/master/IoT-repositories/phase3/P3_iotapp.json,data\raw\icse2021_iot_bugs_and_development_challenges\IoT-repositories__phase3__P3_iotapp.json,200,text/plain; charset=utf-8,1060,,GitHub repository or directory can be enumerated through the contents API.
icse2021_iot_bugs_and_development_challenges,33,auto_repo_or_dir,downloaded,https://github.com/IoTSEstudy/IoTbugschallenges,https://raw.githubusercontent.com/IoTSEstudy/IoTbugschallenges/master/IoT-repositories/phase3/P3_iotdevice.json,data\raw\icse2021_iot_bugs_and_development_challenges\IoT-repositories__phase3__P3_iotdevice.json,200,text/plain; charset=utf-8,1400,,GitHub repository or directory can be enumerated through the contents API.
icse2021_iot_bugs_and_development_challenges,33,auto_repo_or_dir,failed,https://github.com/IoTSEstudy/IoTbugschallenges,https://api.github.com/repos/IoTSEstudy/IoTbugschallenges/contents,,,,0,URLError: <urlopen error [SSL: UNEXPECTED_EOF_WHILE_READING] EOF occurred in violation of protocol (_ssl.c:1028)>,GitHub repository or directory can be enumerated through the contents API.
issta2021_finding_data_compatibility_bugs_withjson,34,auto_repo_or_dir,downloaded,https://github.com/ibm/jsonsubschema,https://raw.githubusercontent.com/IBM/jsonsubschema/master/DCO1.1.txt,data\raw\issta2021_finding_data_compatibility_bugs_withjson\DCO1.1.txt,200,text/plain; charset=utf-8,1264,,GitHub repository or directory can be enumerated through the contents API.
issta2021_finding_data_compatibility_bugs_withjson,34,auto_repo_or_dir,downloaded,https://github.com/ibm/jsonsubschema,https://raw.githubusercontent.com/IBM/jsonsubschema/master/LICENSE.txt,data\raw\issta2021_finding_data_compatibility_bugs_withjson\LICENSE.txt,200,text/plain; charset=utf-8,11351,,GitHub repository or directory can be enumerated through the contents API.
issta2021_finding_data_compatibility_bugs_withjson,34,auto_repo_or_dir,downloaded,https://github.com/ibm/jsonsubschema,https://raw.githubusercontent.com/IBM/jsonsubschema/master/README.md,data\raw\issta2021_finding_data_compatibility_bugs_withjson\README.md,200,text/plain; charset=utf-8,2891,,GitHub repository or directory can be enumerated through the contents API.
issta2021_finding_data_compatibility_bugs_withjson,34,auto_repo_or_dir,downloaded,https://github.com/ibm/jsonsubschema,https://raw.githubusercontent.com/IBM/jsonsubschema/master/requirements.txt,data\raw\issta2021_finding_data_compatibility_bugs_withjson\requirements.txt,200,text/plain; charset=utf-8,2,,GitHub repository or directory can be enumerated through the contents API.
fse2021_exposing_numerical_bugs_in_deep,35,auto_repo_or_dir,downloaded,https://github.com/Jacob-yen/GRIST,https://raw.githubusercontent.com/Jacob-yen/GRIST/main/README.md,data\raw\fse2021_exposing_numerical_bugs_in_deep\README.md,200,text/plain; charset=utf-8,3476,,GitHub repository or directory can be enumerated through the contents API.
fse2021_exposing_numerical_bugs_in_deep,35,auto_repo_or_dir,downloaded,https://github.com/Jacob-yen/GRIST,https://raw.githubusercontent.com/Jacob-yen/GRIST/main/dataset_info.md,data\raw\fse2021_exposing_numerical_bugs_in_deep\dataset_info.md,200,text/plain; charset=utf-8,6253,,GitHub repository or directory can be enumerated through the contents API.
fse2021_exposing_numerical_bugs_in_deep,35,auto_repo_or_dir,downloaded,https://github.com/Jacob-yen/GRIST,https://raw.githubusercontent.com/Jacob-yen/GRIST/main/scripts/study_case/ID_1/data/README.md,data\raw\fse2021_exposing_numerical_bugs_in_deep\scripts__study_case__ID_1__data__README.md,200,text/plain; charset=utf-8,443,,GitHub repository or directory can be enumerated through the contents API.
fse2021_exposing_numerical_bugs_in_deep,35,auto_repo_or_dir,downloaded,https://github.com/Jacob-yen/GRIST,https://raw.githubusercontent.com/Jacob-yen/GRIST/main/scripts/study_case/ID_12/CHANGES.md,data\raw\fse2021_exposing_numerical_bugs_in_deep\scripts__study_case__ID_12__CHANGES.md,200,text/plain; charset=utf-8,7074,,GitHub repository or directory can be enumerated through the contents API.
fse2021_exposing_numerical_bugs_in_deep,35,auto_repo_or_dir,downloaded,https://github.com/Jacob-yen/GRIST,https://raw.githubusercontent.com/Jacob-yen/GRIST/main/scripts/study_case/ID_12/docs/README.md,data\raw\fse2021_exposing_numerical_bugs_in_deep\scripts__study_case__ID_12__docs__README.md,200,text/plain; charset=utf-8,74,,GitHub repository or directory can be enumerated through the contents API.
fse2021_exposing_numerical_bugs_in_deep,35,auto_repo_or_dir,downloaded,https://github.com/Jacob-yen/GRIST,https://raw.githubusercontent.com/Jacob-yen/GRIST/main/scripts/study_case/ID_12/docs/requirements.txt,data\raw\fse2021_exposing_numerical_bugs_in_deep\scripts__study_case__ID_12__docs__requirements.txt,200,text/plain; charset=utf-8,131,,GitHub repository or directory can be enumerated through the contents API.
fse2021_exposing_numerical_bugs_in_deep,35,auto_repo_or_dir,downloaded,https://github.com/Jacob-yen/GRIST,https://raw.githubusercontent.com/Jacob-yen/GRIST/main/scripts/study_case/ID_12/examples/cli/README.md,data\raw\fse2021_exposing_numerical_bugs_in_deep\scripts__study_case__ID_12__examples__cli__README.md,200,text/plain; charset=utf-8,4404,,GitHub repository or directory can be enumerated through the contents API.
fse2021_exposing_numerical_bugs_in_deep,35,auto_repo_or_dir,downloaded,https://github.com/Jacob-yen/GRIST,https://raw.githubusercontent.com/Jacob-yen/GRIST/main/scripts/study_case/ID_12/examples/nuclei_image_segmentation/README.md,data\raw\fse2021_exposing_numerical_bugs_in_deep\scripts__study_case__ID_12__examples__nuclei_image_segmentation__README.md,200,text/plain; charset=utf-8,898,,GitHub repository or directory can be enumerated through the contents API.
fse2021_exposing_numerical_bugs_in_deep,35,auto_repo_or_dir,downloaded,https://github.com/Jacob-yen/GRIST,https://raw.githubusercontent.com/Jacob-yen/GRIST/main/scripts/study_case/ID_12/examples/nuclei_image_segmentation/requirements.txt,data\raw\fse2021_exposing_numerical_bugs_in_deep\scripts__study_case__ID_12__examples__nuclei_image_segmentation__requirements.txt,200,text/plain; charset=utf-8,67,,GitHub repository or directory can be enumerated through the contents API.
fse2021_exposing_numerical_bugs_in_deep,35,auto_repo_or_dir,downloaded,https://github.com/Jacob-yen/GRIST,https://raw.githubusercontent.com/Jacob-yen/GRIST/main/scripts/study_case/ID_12/examples/nuclei_image_segmentation/train_valid_split.json,data\raw\fse2021_exposing_numerical_bugs_in_deep\scripts__study_case__ID_12__examples__nuclei_image_segmentation__train_valid_split.json,200,text/plain; charset=utf-8,52962,,GitHub repository or directory can be enumerated through the contents API.
fse2021_exposing_numerical_bugs_in_deep,35,auto_repo_or_dir,downloaded,https://github.com/Jacob-yen/GRIST,https://raw.githubusercontent.com/Jacob-yen/GRIST/main/scripts/study_case/ID_12/examples/word_language_model/README.md,data\raw\fse2021_exposing_numerical_bugs_in_deep\scripts__study_case__ID_12__examples__word_language_model__README.md,200,text/plain; charset=utf-8,550,,GitHub repository or directory can be enumerated through the contents API.
fse2021_exposing_numerical_bugs_in_deep,35,auto_repo_or_dir,downloaded,https://github.com/Jacob-yen/GRIST,https://raw.githubusercontent.com/Jacob-yen/GRIST/main/scripts/study_case/ID_12/notebooks/README.md,data\raw\fse2021_exposing_numerical_bugs_in_deep\scripts__study_case__ID_12__notebooks__README.md,200,text/plain; charset=utf-8,447,,GitHub repository or directory can be enumerated through the contents API.
fse2021_exposing_numerical_bugs_in_deep,35,auto_repo_or_dir,downloaded,https://github.com/Jacob-yen/GRIST,https://raw.githubusercontent.com/Jacob-yen/GRIST/main/scripts/study_case/ID_12/requirements-dev.txt,data\raw\fse2021_exposing_numerical_bugs_in_deep\scripts__study_case__ID_12__requirements-dev.txt,200,text/plain; charset=utf-8,116,,GitHub repository or directory can be enumerated through the contents API.
fse2021_exposing_numerical_bugs_in_deep,35,auto_repo_or_dir,downloaded,https://github.com/Jacob-yen/GRIST,https://raw.githubusercontent.com/Jacob-yen/GRIST/main/scripts/study_case/ID_12/requirements.txt,data\raw\fse2021_exposing_numerical_bugs_in_deep\scripts__study_case__ID_12__requirements.txt,200,text/plain; charset=utf-8,77,,GitHub repository or directory can be enumerated through the contents API.
fse2021_exposing_numerical_bugs_in_deep,35,auto_repo_or_dir,downloaded,https://github.com/Jacob-yen/GRIST,https://raw.githubusercontent.com/Jacob-yen/GRIST/main/scripts/study_case/ID_13/README.md,data\raw\fse2021_exposing_numerical_bugs_in_deep\scripts__study_case__ID_13__README.md,200,text/plain; charset=utf-8,7821,,GitHub repository or directory can be enumerated through the contents API.
fse2021_exposing_numerical_bugs_in_deep,35,auto_repo_or_dir,downloaded,https://github.com/Jacob-yen/GRIST,https://raw.githubusercontent.com/Jacob-yen/GRIST/main/scripts/study_case/ID_13/docs/requirements.txt,data\raw\fse2021_exposing_numerical_bugs_in_deep\scripts__study_case__ID_13__docs__requirements.txt,200,text/plain; charset=utf-8,38,,GitHub repository or directory can be enumerated through the contents API.
fse2021_benchmarking_automated_gui_testing_for,36,auto_repo_or_dir,downloaded,https://github.com/the-themis-benchmarks/home,https://raw.githubusercontent.com/the-themis-benchmarks/home/master/APhotoManager/class_files.json,data\raw\fse2021_benchmarking_automated_gui_testing_for\APhotoManager__class_files.json,200,text/plain; charset=utf-8,191,,GitHub repository or directory can be enumerated through the contents API.
fse2021_benchmarking_automated_gui_testing_for,36,auto_repo_or_dir,downloaded,https://github.com/the-themis-benchmarks/home,https://raw.githubusercontent.com/the-themis-benchmarks/home/master/APhotoManager/crash_stack-%23116.txt,data\raw\fse2021_benchmarking_automated_gui_testing_for\APhotoManager__crash_stack-_116.txt,200,text/plain; charset=utf-8,2867,,GitHub repository or directory can be enumerated through the contents API.
fse2021_benchmarking_automated_gui_testing_for,36,auto_repo_or_dir,downloaded,https://github.com/the-themis-benchmarks/home,https://raw.githubusercontent.com/the-themis-benchmarks/home/master/ActivityDiary/class_files.json,data\raw\fse2021_benchmarking_automated_gui_testing_for\ActivityDiary__class_files.json,200,text/plain; charset=utf-8,434,,GitHub repository or directory can be enumerated through the contents API.
fse2021_benchmarking_automated_gui_testing_for,36,auto_repo_or_dir,downloaded,https://github.com/the-themis-benchmarks/home,https://raw.githubusercontent.com/the-themis-benchmarks/home/master/ActivityDiary/crash_stack_%23118.txt,data\raw\fse2021_benchmarking_automated_gui_testing_for\ActivityDiary__crash_stack__118.txt,200,text/plain; charset=utf-8,835,,GitHub repository or directory can be enumerated through the contents API.
fse2021_benchmarking_automated_gui_testing_for,36,auto_repo_or_dir,downloaded,https://github.com/the-themis-benchmarks/home,https://raw.githubusercontent.com/the-themis-benchmarks/home/master/ActivityDiary/crash_stack_%23285.txt,data\raw\fse2021_benchmarking_automated_gui_testing_for\ActivityDiary__crash_stack__285.txt,200,text/plain; charset=utf-8,1569,,GitHub repository or directory can be enumerated through the contents API.
fse2021_benchmarking_automated_gui_testing_for,36,auto_repo_or_dir,downloaded,https://github.com/the-themis-benchmarks/home,https://raw.githubusercontent.com/the-themis-benchmarks/home/master/AmazeFileManager/README.md,data\raw\fse2021_benchmarking_automated_gui_testing_for\AmazeFileManager__README.md,200,text/plain; charset=utf-8,675,,GitHub repository or directory can be enumerated through the contents API.
fse2021_benchmarking_automated_gui_testing_for,36,auto_repo_or_dir,downloaded,https://github.com/the-themis-benchmarks/home,https://raw.githubusercontent.com/the-themis-benchmarks/home/master/AmazeFileManager/class_files.json,data\raw\fse2021_benchmarking_automated_gui_testing_for\AmazeFileManager__class_files.json,200,text/plain; charset=utf-8,2554,,GitHub repository or directory can be enumerated through the contents API.
fse2021_benchmarking_automated_gui_testing_for,36,auto_repo_or_dir,downloaded,https://github.com/the-themis-benchmarks/home,https://raw.githubusercontent.com/the-themis-benchmarks/home/master/AmazeFileManager/crash_stack_%231232.txt,data\raw\fse2021_benchmarking_automated_gui_testing_for\AmazeFileManager__crash_stack__1232.txt,200,text/plain; charset=utf-8,1739,,GitHub repository or directory can be enumerated through the contents API.
fse2021_benchmarking_automated_gui_testing_for,36,auto_repo_or_dir,downloaded,https://github.com/the-themis-benchmarks/home,https://raw.githubusercontent.com/the-themis-benchmarks/home/master/AmazeFileManager/crash_stack_%231558.txt,data\raw\fse2021_benchmarking_automated_gui_testing_for\AmazeFileManager__crash_stack__1558.txt,200,text/plain; charset=utf-8,1981,,GitHub repository or directory can be enumerated through the contents API.
fse2021_benchmarking_automated_gui_testing_for,36,auto_repo_or_dir,downloaded,https://github.com/the-themis-benchmarks/home,https://raw.githubusercontent.com/the-themis-benchmarks/home/master/AmazeFileManager/crash_stack_%231796.txt,data\raw\fse2021_benchmarking_automated_gui_testing_for\AmazeFileManager__crash_stack__1796.txt,200,text/plain; charset=utf-8,2736,,GitHub repository or directory can be enumerated through the contents API.
fse2021_benchmarking_automated_gui_testing_for,36,auto_repo_or_dir,downloaded,https://github.com/the-themis-benchmarks/home,https://raw.githubusercontent.com/the-themis-benchmarks/home/master/AmazeFileManager/crash_stack_%231837.txt,data\raw\fse2021_benchmarking_automated_gui_testing_for\AmazeFileManager__crash_stack__1837.txt,200,text/plain; charset=utf-8,6388,,GitHub repository or directory can be enumerated through the contents API.
fse2021_benchmarking_automated_gui_testing_for,36,auto_repo_or_dir,downloaded,https://github.com/the-themis-benchmarks/home,https://raw.githubusercontent.com/the-themis-benchmarks/home/master/AmazeFileManager/crash_stack_%232647.txt,data\raw\fse2021_benchmarking_automated_gui_testing_for\AmazeFileManager__crash_stack__2647.txt,200,text/plain; charset=utf-8,2089,,GitHub repository or directory can be enumerated through the contents API.
fse2021_benchmarking_automated_gui_testing_for,36,auto_repo_or_dir,downloaded,https://github.com/the-themis-benchmarks/home,https://raw.githubusercontent.com/the-themis-benchmarks/home/master/AmazeFileManager/crash_stack_%232736.txt,data\raw\fse2021_benchmarking_automated_gui_testing_for\AmazeFileManager__crash_stack__2736.txt,200,text/plain; charset=utf-8,1822,,GitHub repository or directory can be enumerated through the contents API.
fse2021_benchmarking_automated_gui_testing_for,36,auto_repo_or_dir,downloaded,https://github.com/the-themis-benchmarks/home,https://raw.githubusercontent.com/the-themis-benchmarks/home/master/AmazeFileManager/crash_stack_%233207.txt,data\raw\fse2021_benchmarking_automated_gui_testing_for\AmazeFileManager__crash_stack__3207.txt,200,text/plain; charset=utf-8,4510,,GitHub repository or directory can be enumerated through the contents API.
fse2021_benchmarking_automated_gui_testing_for,36,auto_repo_or_dir,downloaded,https://github.com/the-themis-benchmarks/home,https://raw.githubusercontent.com/the-themis-benchmarks/home/master/AmazeFileManager/crash_stack_%233304.txt,data\raw\fse2021_benchmarking_automated_gui_testing_for\AmazeFileManager__crash_stack__3304.txt,200,text/plain; charset=utf-8,2135,,GitHub repository or directory can be enumerated through the contents API.
fse2021_benchmarking_automated_gui_testing_for,36,auto_repo_or_dir,downloaded,https://github.com/the-themis-benchmarks/home,https://raw.githubusercontent.com/the-themis-benchmarks/home/master/AmazeFileManager/crash_stack_%233333.txt,data\raw\fse2021_benchmarking_automated_gui_testing_for\AmazeFileManager__crash_stack__3333.txt,200,text/plain; charset=utf-8,1865,,GitHub repository or directory can be enumerated through the contents API.
fse2021_benchmarking_automated_gui_testing_for,36,auto_repo_or_dir,downloaded,https://github.com/the-themis-benchmarks/home,https://raw.githubusercontent.com/the-themis-benchmarks/home/master/AnkiDroid/README.md,data\raw\fse2021_benchmarking_automated_gui_testing_for\AnkiDroid__README.md,200,text/plain; charset=utf-8,505,,GitHub repository or directory can be enumerated through the contents API.
fse2021_benchmarking_automated_gui_testing_for,36,auto_repo_or_dir,downloaded,https://github.com/the-themis-benchmarks/home,https://raw.githubusercontent.com/the-themis-benchmarks/home/master/AnkiDroid/class_files.json,data\raw\fse2021_benchmarking_automated_gui_testing_for\AnkiDroid__class_files.json,200,text/plain; charset=utf-8,4642,,GitHub repository or directory can be enumerated through the contents API.
fse2021_benchmarking_automated_gui_testing_for,36,auto_repo_or_dir,downloaded,https://github.com/the-themis-benchmarks/home,https://raw.githubusercontent.com/the-themis-benchmarks/home/master/AnkiDroid/crash_stack_%2310545.txt,data\raw\fse2021_benchmarking_automated_gui_testing_for\AnkiDroid__crash_stack__10545.txt,200,text/plain; charset=utf-8,2046,,GitHub repository or directory can be enumerated through the contents API.
fse2021_benchmarking_automated_gui_testing_for,36,auto_repo_or_dir,downloaded,https://github.com/the-themis-benchmarks/home,https://raw.githubusercontent.com/the-themis-benchmarks/home/master/AnkiDroid/crash_stack_%2310687.txt,data\raw\fse2021_benchmarking_automated_gui_testing_for\AnkiDroid__crash_stack__10687.txt,200,text/plain; charset=utf-8,3564,,GitHub repository or directory can be enumerated through the contents API.
fse2021_benchmarking_automated_gui_testing_for,36,auto_repo_or_dir,downloaded,https://github.com/the-themis-benchmarks/home,https://raw.githubusercontent.com/the-themis-benchmarks/home/master/AnkiDroid/crash_stack_%2311280.txt,data\raw\fse2021_benchmarking_automated_gui_testing_for\AnkiDroid__crash_stack__11280.txt,200,text/plain; charset=utf-8,2509,,GitHub repository or directory can be enumerated through the contents API.
fse2021_benchmarking_automated_gui_testing_for,36,auto_repo_or_dir,downloaded,https://github.com/the-themis-benchmarks/home,https://raw.githubusercontent.com/the-themis-benchmarks/home/master/AnkiDroid/crash_stack_%2311586.txt,data\raw\fse2021_benchmarking_automated_gui_testing_for\AnkiDroid__crash_stack__11586.txt,200,text/plain; charset=utf-8,1912,,GitHub repository or directory can be enumerated through the contents API.
fse2021_benchmarking_automated_gui_testing_for,36,auto_repo_or_dir,downloaded,https://github.com/the-themis-benchmarks/home,https://raw.githubusercontent.com/the-themis-benchmarks/home/master/AnkiDroid/crash_stack_%234200.txt,data\raw\fse2021_benchmarking_automated_gui_testing_for\AnkiDroid__crash_stack__4200.txt,200,text/plain; charset=utf-8,2681,,GitHub repository or directory can be enumerated through the contents API.
fse2021_benchmarking_automated_gui_testing_for,36,auto_repo_or_dir,downloaded,https://github.com/the-themis-benchmarks/home,https://raw.githubusercontent.com/the-themis-benchmarks/home/master/AnkiDroid/crash_stack_%234451.txt,data\raw\fse2021_benchmarking_automated_gui_testing_for\AnkiDroid__crash_stack__4451.txt,200,text/plain; charset=utf-8,4876,,GitHub repository or directory can be enumerated through the contents API.
fse2021_benchmarking_automated_gui_testing_for,36,auto_repo_or_dir,downloaded,https://github.com/the-themis-benchmarks/home,https://raw.githubusercontent.com/the-themis-benchmarks/home/master/AnkiDroid/crash_stack_%234707.txt,data\raw\fse2021_benchmarking_automated_gui_testing_for\AnkiDroid__crash_stack__4707.txt,200,text/plain; charset=utf-8,1782,,GitHub repository or directory can be enumerated through the contents API.
fse2021_benchmarking_automated_gui_testing_for,36,auto_repo_or_dir,downloaded,https://github.com/the-themis-benchmarks/home,https://raw.githubusercontent.com/the-themis-benchmarks/home/master/AnkiDroid/crash_stack_%234977.txt,data\raw\fse2021_benchmarking_automated_gui_testing_for\AnkiDroid__crash_stack__4977.txt,200,text/plain; charset=utf-8,2785,,GitHub repository or directory can be enumerated through the contents API.
fse2021_benchmarking_automated_gui_testing_for,36,auto_repo_or_dir,downloaded,https://github.com/the-themis-benchmarks/home,https://raw.githubusercontent.com/the-themis-benchmarks/home/master/AnkiDroid/crash_stack_%235638.txt,data\raw\fse2021_benchmarking_automated_gui_testing_for\AnkiDroid__crash_stack__5638.txt,200,text/plain; charset=utf-8,2111,,GitHub repository or directory can be enumerated through the contents API.
fse2021_benchmarking_automated_gui_testing_for,36,auto_repo_or_dir,downloaded,https://github.com/the-themis-benchmarks/home,https://raw.githubusercontent.com/the-themis-benchmarks/home/master/AnkiDroid/crash_stack_%235756.txt,data\raw\fse2021_benchmarking_automated_gui_testing_for\AnkiDroid__crash_stack__5756.txt,200,text/plain; charset=utf-8,4204,,GitHub repository or directory can be enumerated through the contents API.
fse2021_benchmarking_automated_gui_testing_for,36,auto_repo_or_dir,downloaded,https://github.com/the-themis-benchmarks/home,https://raw.githubusercontent.com/the-themis-benchmarks/home/master/AnkiDroid/crash_stack_%236145.txt,data\raw\fse2021_benchmarking_automated_gui_testing_for\AnkiDroid__crash_stack__6145.txt,200,text/plain; charset=utf-8,3957,,GitHub repository or directory can be enumerated through the contents API.
fse2021_benchmarking_automated_gui_testing_for,36,auto_repo_or_dir,downloaded,https://github.com/the-themis-benchmarks/home,https://raw.githubusercontent.com/the-themis-benchmarks/home/master/AnkiDroid/crash_stack_%238460.txt,data\raw\fse2021_benchmarking_automated_gui_testing_for\AnkiDroid__crash_stack__8460.txt,200,text/plain; charset=utf-8,1109,,GitHub repository or directory can be enumerated through the contents API.
fse2021_benchmarking_automated_gui_testing_for,36,auto_repo_or_dir,downloaded,https://github.com/the-themis-benchmarks/home,https://raw.githubusercontent.com/the-themis-benchmarks/home/master/AnkiDroid/crash_stack_%238972.txt,data\raw\fse2021_benchmarking_automated_gui_testing_for\AnkiDroid__crash_stack__8972.txt,200,text/plain; charset=utf-8,1962,,GitHub repository or directory can be enumerated through the contents API.
fse2021_benchmarking_automated_gui_testing_for,36,auto_repo_or_dir,downloaded,https://github.com/the-themis-benchmarks/home,https://raw.githubusercontent.com/the-themis-benchmarks/home/master/AnkiDroid/crash_stack_%238973.txt,data\raw\fse2021_benchmarking_automated_gui_testing_for\AnkiDroid__crash_stack__8973.txt,200,text/plain; charset=utf-8,1532,,GitHub repository or directory can be enumerated through the contents API.
fse2021_benchmarking_automated_gui_testing_for,36,auto_repo_or_dir,downloaded,https://github.com/the-themis-benchmarks/home,https://raw.githubusercontent.com/the-themis-benchmarks/home/master/AnkiDroid/crash_stack_%239164.txt,data\raw\fse2021_benchmarking_automated_gui_testing_for\AnkiDroid__crash_stack__9164.txt,200,text/plain; charset=utf-8,6645,,GitHub repository or directory can be enumerated through the contents API.
fse2021_benchmarking_automated_gui_testing_for,36,auto_repo_or_dir,downloaded,https://github.com/the-themis-benchmarks/home,https://raw.githubusercontent.com/the-themis-benchmarks/home/master/AnkiDroid/crash_stack_%239914.txt,data\raw\fse2021_benchmarking_automated_gui_testing_for\AnkiDroid__crash_stack__9914.txt,200,text/plain; charset=utf-8,4380,,GitHub repository or directory can be enumerated through the contents API.
fse2021_benchmarking_automated_gui_testing_for,36,auto_repo_or_dir,downloaded,https://github.com/the-themis-benchmarks/home,https://raw.githubusercontent.com/the-themis-benchmarks/home/master/AnkiDroid/crash_stack_10840.txt,data\raw\fse2021_benchmarking_automated_gui_testing_for\AnkiDroid__crash_stack_10840.txt,200,text/plain; charset=utf-8,2670,,GitHub repository or directory can be enumerated through the contents API.
fse2021_benchmarking_automated_gui_testing_for,36,auto_repo_or_dir,downloaded,https://github.com/the-themis-benchmarks/home,https://raw.githubusercontent.com/the-themis-benchmarks/home/master/AntennaPod/README.md,data\raw\fse2021_benchmarking_automated_gui_testing_for\AntennaPod__README.md,200,text/plain; charset=utf-8,40,,GitHub repository or directory can be enumerated through the contents API.
fse2021_benchmarking_automated_gui_testing_for,36,auto_repo_or_dir,downloaded,https://github.com/the-themis-benchmarks/home,https://raw.githubusercontent.com/the-themis-benchmarks/home/master/AntennaPod/class_files.json,data\raw\fse2021_benchmarking_automated_gui_testing_for\AntennaPod__class_files.json,200,text/plain; charset=utf-8,207,,GitHub repository or directory can be enumerated through the contents API.
fse2021_benchmarking_automated_gui_testing_for,36,auto_repo_or_dir,downloaded,https://github.com/the-themis-benchmarks/home,https://raw.githubusercontent.com/the-themis-benchmarks/home/master/AntennaPod/crash_stack_%235636.txt,data\raw\fse2021_benchmarking_automated_gui_testing_for\AntennaPod__crash_stack__5636.txt,200,text/plain; charset=utf-8,5594,,GitHub repository or directory can be enumerated through the contents API.
fse2021_benchmarking_automated_gui_testing_for,36,auto_repo_or_dir,downloaded,https://github.com/the-themis-benchmarks/home,https://raw.githubusercontent.com/the-themis-benchmarks/home/master/FirefoxLite/README.md,data\raw\fse2021_benchmarking_automated_gui_testing_for\FirefoxLite__README.md,200,text/plain; charset=utf-8,348,,GitHub repository or directory can be enumerated through the contents API.
fse2021_benchmarking_automated_gui_testing_for,36,auto_repo_or_dir,downloaded,https://github.com/the-themis-benchmarks/home,https://raw.githubusercontent.com/the-themis-benchmarks/home/master/FirefoxLite/class_files.json,data\raw\fse2021_benchmarking_automated_gui_testing_for\FirefoxLite__class_files.json,200,text/plain; charset=utf-8,7091,,GitHub repository or directory can be enumerated through the contents API.
fse2021_benchmarking_automated_gui_testing_for,36,auto_repo_or_dir,downloaded,https://github.com/the-themis-benchmarks/home,https://raw.githubusercontent.com/the-themis-benchmarks/home/master/FirefoxLite/crash_stack_%234881.txt,data\raw\fse2021_benchmarking_automated_gui_testing_for\FirefoxLite__crash_stack__4881.txt,200,text/plain; charset=utf-8,9018,,GitHub repository or directory can be enumerated through the contents API.
fse2021_benchmarking_automated_gui_testing_for,36,auto_repo_or_dir,downloaded,https://github.com/the-themis-benchmarks/home,https://raw.githubusercontent.com/the-themis-benchmarks/home/master/FirefoxLite/crash_stack_%234942.txt,data\raw\fse2021_benchmarking_automated_gui_testing_for\FirefoxLite__crash_stack__4942.txt,200,text/plain; charset=utf-8,3697,,GitHub repository or directory can be enumerated through the contents API.
fse2021_benchmarking_automated_gui_testing_for,36,auto_repo_or_dir,downloaded,https://github.com/the-themis-benchmarks/home,https://raw.githubusercontent.com/the-themis-benchmarks/home/master/FirefoxLite/crash_stack_%235085.txt,data\raw\fse2021_benchmarking_automated_gui_testing_for\FirefoxLite__crash_stack__5085.txt,200,text/plain; charset=utf-8,2106,,GitHub repository or directory can be enumerated through the contents API.
fse2021_benchmarking_automated_gui_testing_for,36,auto_repo_or_dir,downloaded,https://github.com/the-themis-benchmarks/home,https://raw.githubusercontent.com/the-themis-benchmarks/home/master/Frost/README.md,data\raw\fse2021_benchmarking_automated_gui_testing_for\Frost__README.md,200,text/plain; charset=utf-8,74,,GitHub repository or directory can be enumerated through the contents API.
fse2021_benchmarking_automated_gui_testing_for,36,auto_repo_or_dir,downloaded,https://github.com/the-themis-benchmarks/home,https://raw.githubusercontent.com/the-themis-benchmarks/home/master/Frost/class_files.json,data\raw\fse2021_benchmarking_automated_gui_testing_for\Frost__class_files.json,200,text/plain; charset=utf-8,259,,GitHub repository or directory can be enumerated through the contents API.
fse2021_benchmarking_automated_gui_testing_for,36,auto_repo_or_dir,downloaded,https://github.com/the-themis-benchmarks/home,https://raw.githubusercontent.com/the-themis-benchmarks/home/master/Frost/crash_stack_%231323.txt,data\raw\fse2021_benchmarking_automated_gui_testing_for\Frost__crash_stack__1323.txt,200,text/plain; charset=utf-8,7615,,GitHub repository or directory can be enumerated through the contents API.
fse2021_benchmarking_automated_gui_testing_for,36,auto_repo_or_dir,downloaded,https://github.com/the-themis-benchmarks/home,https://raw.githubusercontent.com/the-themis-benchmarks/home/master/LICENSE.txt,data\raw\fse2021_benchmarking_automated_gui_testing_for\LICENSE.txt,200,text/plain; charset=utf-8,1281,,GitHub repository or directory can be enumerated through the contents API.
fse2021_benchmarking_automated_gui_testing_for,36,auto_repo_or_dir,downloaded,https://github.com/the-themis-benchmarks/home,https://raw.githubusercontent.com/the-themis-benchmarks/home/master/LOGIN_APPS.md,data\raw\fse2021_benchmarking_automated_gui_testing_for\LOGIN_APPS.md,200,text/plain; charset=utf-8,10654,,GitHub repository or directory can be enumerated through the contents API.
fse2021_benchmarking_automated_gui_testing_for,36,auto_repo_or_dir,downloaded,https://github.com/the-themis-benchmarks/home,https://raw.githubusercontent.com/the-themis-benchmarks/home/master/Markor/README.md,data\raw\fse2021_benchmarking_automated_gui_testing_for\Markor__README.md,200,text/plain; charset=utf-8,105,,GitHub repository or directory can be enumerated through the contents API.
fse2021_benchmarking_automated_gui_testing_for,36,auto_repo_or_dir,downloaded,https://github.com/the-themis-benchmarks/home,https://raw.githubusercontent.com/the-themis-benchmarks/home/master/Markor/class_files.json,data\raw\fse2021_benchmarking_automated_gui_testing_for\Markor__class_files.json,200,text/plain; charset=utf-8,0,,GitHub repository or directory can be enumerated through the contents API.
fse2021_benchmarking_automated_gui_testing_for,36,auto_repo_or_dir,downloaded,https://github.com/the-themis-benchmarks/home,https://raw.githubusercontent.com/the-themis-benchmarks/home/master/Markor/crash_stack_%231329.txt,data\raw\fse2021_benchmarking_automated_gui_testing_for\Markor__crash_stack__1329.txt,200,text/plain; charset=utf-8,5073,,GitHub repository or directory can be enumerated through the contents API.
fse2021_benchmarking_automated_gui_testing_for,36,auto_repo_or_dir,downloaded,https://github.com/the-themis-benchmarks/home,https://raw.githubusercontent.com/the-themis-benchmarks/home/master/Markor/crash_stack_%231698.txt,data\raw\fse2021_benchmarking_automated_gui_testing_for\Markor__crash_stack__1698.txt,200,text/plain; charset=utf-8,14764,,GitHub repository or directory can be enumerated through the contents API.
fse2021_benchmarking_automated_gui_testing_for,36,auto_repo_or_dir,downloaded,https://github.com/the-themis-benchmarks/home,https://raw.githubusercontent.com/the-themis-benchmarks/home/master/Markor/crash_stack_%23264.txt,data\raw\fse2021_benchmarking_automated_gui_testing_for\Markor__crash_stack__264.txt,200,text/plain; charset=utf-8,1584,,GitHub repository or directory can be enumerated through the contents API.
fse2021_benchmarking_automated_gui_testing_for,36,auto_repo_or_dir,downloaded,https://github.com/the-themis-benchmarks/home,https://raw.githubusercontent.com/the-themis-benchmarks/home/master/MaterialFBook/class_files.json,data\raw\fse2021_benchmarking_automated_gui_testing_for\MaterialFBook__class_files.json,200,text/plain; charset=utf-8,201,,GitHub repository or directory can be enumerated through the contents API.
fse2021_benchmarking_automated_gui_testing_for,36,auto_repo_or_dir,downloaded,https://github.com/the-themis-benchmarks/home,https://raw.githubusercontent.com/the-themis-benchmarks/home/master/MaterialFBook/crash_stack-%23224.txt,data\raw\fse2021_benchmarking_automated_gui_testing_for\MaterialFBook__crash_stack-_224.txt,200,text/plain; charset=utf-8,3152,,GitHub repository or directory can be enumerated through the contents API.
fse2021_benchmarking_automated_gui_testing_for,36,auto_repo_or_dir,downloaded,https://github.com/the-themis-benchmarks/home,https://raw.githubusercontent.com/the-themis-benchmarks/home/master/MyExpenses/class_files.json,data\raw\fse2021_benchmarking_automated_gui_testing_for\MyExpenses__class_files.json,200,text/plain; charset=utf-8,422,,GitHub repository or directory can be enumerated through the contents API.
fse2021_benchmarking_automated_gui_testing_for,36,auto_repo_or_dir,downloaded,https://github.com/the-themis-benchmarks/home,https://raw.githubusercontent.com/the-themis-benchmarks/home/master/MyExpenses/crash_stack_%23744.txt,data\raw\fse2021_benchmarking_automated_gui_testing_for\MyExpenses__crash_stack__744.txt,200,text/plain; charset=utf-8,5605,,GitHub repository or directory can be enumerated through the contents API.
fse2021_benchmarking_automated_gui_testing_for,36,auto_repo_or_dir,downloaded,https://github.com/the-themis-benchmarks/home,https://raw.githubusercontent.com/the-themis-benchmarks/home/master/MyExpenses/crash_stack_%23825.txt,data\raw\fse2021_benchmarking_automated_gui_testing_for\MyExpenses__crash_stack__825.txt,200,text/plain; charset=utf-8,1444,,GitHub repository or directory can be enumerated through the contents API.
fse2021_benchmarking_automated_gui_testing_for,36,auto_repo_or_dir,downloaded,https://github.com/the-themis-benchmarks/home,https://raw.githubusercontent.com/the-themis-benchmarks/home/master/Omni-Notes/class_files.json,data\raw\fse2021_benchmarking_automated_gui_testing_for\Omni-Notes__class_files.json,200,text/plain; charset=utf-8,396,,GitHub repository or directory can be enumerated through the contents API.
fse2021_benchmarking_automated_gui_testing_for,36,auto_repo_or_dir,downloaded,https://github.com/the-themis-benchmarks/home,https://raw.githubusercontent.com/the-themis-benchmarks/home/master/Omni-Notes/crash_stack-%23377.txt,data\raw\fse2021_benchmarking_automated_gui_testing_for\Omni-Notes__crash_stack-_377.txt,200,text/plain; charset=utf-8,1204,,GitHub repository or directory can be enumerated through the contents API.
fse2021_benchmarking_automated_gui_testing_for,36,auto_repo_or_dir,downloaded,https://github.com/the-themis-benchmarks/home,https://raw.githubusercontent.com/the-themis-benchmarks/home/master/Omni-Notes/crash_stack-%23745.txt,data\raw\fse2021_benchmarking_automated_gui_testing_for\Omni-Notes__crash_stack-_745.txt,200,text/plain; charset=utf-8,8164,,GitHub repository or directory can be enumerated through the contents API.
fse2021_benchmarking_automated_gui_testing_for,36,auto_repo_or_dir,downloaded,https://github.com/the-themis-benchmarks/home,https://raw.githubusercontent.com/the-themis-benchmarks/home/master/PROJECTS.md,data\raw\fse2021_benchmarking_automated_gui_testing_for\PROJECTS.md,200,text/plain; charset=utf-8,23375,,GitHub repository or directory can be enumerated through the contents API.
fse2021_benchmarking_automated_gui_testing_for,36,auto_repo_or_dir,downloaded,https://github.com/the-themis-benchmarks/home,https://raw.githubusercontent.com/the-themis-benchmarks/home/master/Phonograph/class_files.json,data\raw\fse2021_benchmarking_automated_gui_testing_for\Phonograph__class_files.json,200,text/plain; charset=utf-8,178,,GitHub repository or directory can be enumerated through the contents API.
fse2021_benchmarking_automated_gui_testing_for,36,auto_repo_or_dir,downloaded,https://github.com/the-themis-benchmarks/home,https://raw.githubusercontent.com/the-themis-benchmarks/home/master/Phonograph/stack_trace-%23112.txt,data\raw\fse2021_benchmarking_automated_gui_testing_for\Phonograph__stack_trace-_112.txt,200,text/plain; charset=utf-8,680,,GitHub repository or directory can be enumerated through the contents API.
fse2021_benchmarking_automated_gui_testing_for,36,auto_repo_or_dir,downloaded,https://github.com/the-themis-benchmarks/home,https://raw.githubusercontent.com/the-themis-benchmarks/home/master/README.md,data\raw\fse2021_benchmarking_automated_gui_testing_for\README.md,200,text/plain; charset=utf-8,61840,,GitHub repository or directory can be enumerated through the contents API.
fse2021_benchmarking_automated_gui_testing_for,36,auto_repo_or_dir,failed,https://github.com/the-themis-benchmarks/home,https://api.github.com/repos/the-themis-benchmarks/home/contents,,,,0,URLError: <urlopen error [SSL: UNEXPECTED_EOF_WHILE_READING] EOF occurred in violation of protocol (_ssl.c:1028)>,GitHub repository or directory can be enumerated through the contents API.
icse2020_the_forgotten_case_of_the,37,auto_repo_or_dir,downloaded,https://github.com/robust-rosin/robust,https://raw.githubusercontent.com/robust-rosin/robust/master/README.md,data\raw\icse2020_the_forgotten_case_of_the\README.md,200,text/plain; charset=utf-8,4792,,GitHub repository or directory can be enumerated through the contents API.
icse2020_the_forgotten_case_of_the,37,auto_repo_or_dir,downloaded,https://github.com/robust-rosin/robust,https://raw.githubusercontent.com/robust-rosin/robust/master/ROS-packages_of_Metapackage_outdated.txt,data\raw\icse2020_the_forgotten_case_of_the\ROS-packages_of_Metapackage_outdated.txt,200,text/plain; charset=utf-8,1750,,GitHub repository or directory can be enumerated through the contents API.
icse2020_the_forgotten_case_of_the,37,auto_repo_or_dir,downloaded,https://github.com/robust-rosin/robust,https://raw.githubusercontent.com/robust-rosin/robust/master/doc/progress.csv,data\raw\icse2020_the_forgotten_case_of_the\doc__progress.csv,200,text/plain; charset=utf-8,2252,,GitHub repository or directory can be enumerated through the contents API.
icse2020_the_forgotten_case_of_the,37,auto_repo_or_dir,downloaded,https://github.com/robust-rosin/robust,https://raw.githubusercontent.com/robust-rosin/robust/master/doc/testcase.md,data\raw\icse2020_the_forgotten_case_of_the\doc__testcase.md,200,text/plain; charset=utf-8,10451,,GitHub repository or directory can be enumerated through the contents API.
icse2020_the_forgotten_case_of_the,37,auto_repo_or_dir,downloaded,https://github.com/robust-rosin/robust,https://raw.githubusercontent.com/robust-rosin/robust/master/kobuki/0027b57/README.md,data\raw\icse2020_the_forgotten_case_of_the\kobuki__0027b57__README.md,200,text/plain; charset=utf-8,209,,GitHub repository or directory can be enumerated through the contents API.
icse2020_the_forgotten_case_of_the,37,auto_repo_or_dir,downloaded,https://github.com/robust-rosin/robust,https://raw.githubusercontent.com/robust-rosin/robust/master/kobuki/03660af/README.md,data\raw\icse2020_the_forgotten_case_of_the\kobuki__03660af__README.md,200,text/plain; charset=utf-8,209,,GitHub repository or directory can be enumerated through the contents API.
icse2020_the_forgotten_case_of_the,37,auto_repo_or_dir,downloaded,https://github.com/robust-rosin/robust,https://raw.githubusercontent.com/robust-rosin/robust/master/kobuki/1c141a5/README.md,data\raw\icse2020_the_forgotten_case_of_the\kobuki__1c141a5__README.md,200,text/plain; charset=utf-8,209,,GitHub repository or directory can be enumerated through the contents API.
icse2020_the_forgotten_case_of_the,37,auto_repo_or_dir,downloaded,https://github.com/robust-rosin/robust,https://raw.githubusercontent.com/robust-rosin/robust/master/kobuki/35682ec/README.md,data\raw\icse2020_the_forgotten_case_of_the\kobuki__35682ec__README.md,200,text/plain; charset=utf-8,209,,GitHub repository or directory can be enumerated through the contents API.
icse2020_the_forgotten_case_of_the,37,auto_repo_or_dir,downloaded,https://github.com/robust-rosin/robust,https://raw.githubusercontent.com/robust-rosin/robust/master/kobuki/38bee3a/README.md,data\raw\icse2020_the_forgotten_case_of_the\kobuki__38bee3a__README.md,200,text/plain; charset=utf-8,209,,GitHub repository or directory can be enumerated through the contents API.
icse2020_the_forgotten_case_of_the,37,auto_repo_or_dir,downloaded,https://github.com/robust-rosin/robust,https://raw.githubusercontent.com/robust-rosin/robust/master/kobuki/38dce2a/README.md,data\raw\icse2020_the_forgotten_case_of_the\kobuki__38dce2a__README.md,200,text/plain; charset=utf-8,209,,GitHub repository or directory can be enumerated through the contents API.
icse2020_the_forgotten_case_of_the,37,auto_repo_or_dir,downloaded,https://github.com/robust-rosin/robust,https://raw.githubusercontent.com/robust-rosin/robust/master/kobuki/3c4c399/README.md,data\raw\icse2020_the_forgotten_case_of_the\kobuki__3c4c399__README.md,200,text/plain; charset=utf-8,209,,GitHub repository or directory can be enumerated through the contents API.
icse2020_the_forgotten_case_of_the,37,auto_repo_or_dir,downloaded,https://github.com/robust-rosin/robust,https://raw.githubusercontent.com/robust-rosin/robust/master/kobuki/3c7f92a/README.md,data\raw\icse2020_the_forgotten_case_of_the\kobuki__3c7f92a__README.md,200,text/plain; charset=utf-8,209,,GitHub repository or directory can be enumerated through the contents API.
icse2020_the_forgotten_case_of_the,37,auto_repo_or_dir,downloaded,https://github.com/robust-rosin/robust,https://raw.githubusercontent.com/robust-rosin/robust/master/kobuki/3e88010/README.md,data\raw\icse2020_the_forgotten_case_of_the\kobuki__3e88010__README.md,200,text/plain; charset=utf-8,209,,GitHub repository or directory can be enumerated through the contents API.
icse2020_the_forgotten_case_of_the,37,auto_repo_or_dir,downloaded,https://github.com/robust-rosin/robust,https://raw.githubusercontent.com/robust-rosin/robust/master/kobuki/4ea5ea7/README.md,data\raw\icse2020_the_forgotten_case_of_the\kobuki__4ea5ea7__README.md,200,text/plain; charset=utf-8,209,,GitHub repository or directory can be enumerated through the contents API.
icse2020_the_forgotten_case_of_the,37,auto_repo_or_dir,downloaded,https://github.com/robust-rosin/robust,https://raw.githubusercontent.com/robust-rosin/robust/master/kobuki/606b8b9/README.md,data\raw\icse2020_the_forgotten_case_of_the\kobuki__606b8b9__README.md,200,text/plain; charset=utf-8,209,,GitHub repository or directory can be enumerated through the contents API.
icse2020_the_forgotten_case_of_the,37,auto_repo_or_dir,downloaded,https://github.com/robust-rosin/robust,https://raw.githubusercontent.com/robust-rosin/robust/master/kobuki/62a38a9/README.md,data\raw\icse2020_the_forgotten_case_of_the\kobuki__62a38a9__README.md,200,text/plain; charset=utf-8,209,,GitHub repository or directory can be enumerated through the contents API.
icse2020_the_forgotten_case_of_the,37,auto_repo_or_dir,downloaded,https://github.com/robust-rosin/robust,https://raw.githubusercontent.com/robust-rosin/robust/master/kobuki/8163705/README.md,data\raw\icse2020_the_forgotten_case_of_the\kobuki__8163705__README.md,200,text/plain; charset=utf-8,209,,GitHub repository or directory can be enumerated through the contents API.
icse2020_the_forgotten_case_of_the,37,auto_repo_or_dir,downloaded,https://github.com/robust-rosin/robust,https://raw.githubusercontent.com/robust-rosin/robust/master/kobuki/841720a/README.md,data\raw\icse2020_the_forgotten_case_of_the\kobuki__841720a__README.md,200,text/plain; charset=utf-8,209,,GitHub repository or directory can be enumerated through the contents API.
icse2020_the_forgotten_case_of_the,37,auto_repo_or_dir,downloaded,https://github.com/robust-rosin/robust,https://raw.githubusercontent.com/robust-rosin/robust/master/kobuki/9397c6b/README.md,data\raw\icse2020_the_forgotten_case_of_the\kobuki__9397c6b__README.md,200,text/plain; charset=utf-8,209,,GitHub repository or directory can be enumerated through the contents API.
icse2020_the_forgotten_case_of_the,37,auto_repo_or_dir,downloaded,https://github.com/robust-rosin/robust,https://raw.githubusercontent.com/robust-rosin/robust/master/kobuki/95b24e8/README.md,data\raw\icse2020_the_forgotten_case_of_the\kobuki__95b24e8__README.md,200,text/plain; charset=utf-8,209,,GitHub repository or directory can be enumerated through the contents API.
icse2020_the_forgotten_case_of_the,37,auto_repo_or_dir,downloaded,https://github.com/robust-rosin/robust,https://raw.githubusercontent.com/robust-rosin/robust/master/kobuki/9682b9a/README.md,data\raw\icse2020_the_forgotten_case_of_the\kobuki__9682b9a__README.md,200,text/plain; charset=utf-8,209,,GitHub repository or directory can be enumerated through the contents API.
icse2020_the_forgotten_case_of_the,37,auto_repo_or_dir,downloaded,https://github.com/robust-rosin/robust,https://raw.githubusercontent.com/robust-rosin/robust/master/kobuki/L1_L2/03660af/env.txt,data\raw\icse2020_the_forgotten_case_of_the\kobuki__L1_L2__03660af__env.txt,200,text/plain; charset=utf-8,802,,GitHub repository or directory can be enumerated through the contents API.
icse2020_the_forgotten_case_of_the,37,auto_repo_or_dir,downloaded,https://github.com/robust-rosin/robust,https://raw.githubusercontent.com/robust-rosin/robust/master/kobuki/L1_L2/054c753/env.txt,data\raw\icse2020_the_forgotten_case_of_the\kobuki__L1_L2__054c753__env.txt,200,text/plain; charset=utf-8,5,,GitHub repository or directory can be enumerated through the contents API.
icse2020_the_forgotten_case_of_the,37,auto_repo_or_dir,downloaded,https://github.com/robust-rosin/robust,https://raw.githubusercontent.com/robust-rosin/robust/master/kobuki/L1_L2/4115400/env.txt,data\raw\icse2020_the_forgotten_case_of_the\kobuki__L1_L2__4115400__env.txt,200,text/plain; charset=utf-8,802,,GitHub repository or directory can be enumerated through the contents API.
icse2020_the_forgotten_case_of_the,37,auto_repo_or_dir,downloaded,https://github.com/robust-rosin/robust,https://raw.githubusercontent.com/robust-rosin/robust/master/kobuki/L1_L2/95b24e8/env.txt,data\raw\icse2020_the_forgotten_case_of_the\kobuki__L1_L2__95b24e8__env.txt,200,text/plain; charset=utf-8,802,,GitHub repository or directory can be enumerated through the contents API.
icse2020_the_forgotten_case_of_the,37,auto_repo_or_dir,downloaded,https://github.com/robust-rosin/robust,https://raw.githubusercontent.com/robust-rosin/robust/master/kobuki/L1_L2/f548cc7/env.txt,data\raw\icse2020_the_forgotten_case_of_the\kobuki__L1_L2__f548cc7__env.txt,200,text/plain; charset=utf-8,802,,GitHub repository or directory can be enumerated through the contents API.
icse2020_the_forgotten_case_of_the,37,auto_repo_or_dir,downloaded,https://github.com/robust-rosin/robust,https://raw.githubusercontent.com/robust-rosin/robust/master/kobuki/ad906f0/README.md,data\raw\icse2020_the_forgotten_case_of_the\kobuki__ad906f0__README.md,200,text/plain; charset=utf-8,209,,GitHub repository or directory can be enumerated through the contents API.
icse2020_the_forgotten_case_of_the,37,auto_repo_or_dir,downloaded,https://github.com/robust-rosin/robust,https://raw.githubusercontent.com/robust-rosin/robust/master/kobuki/af7946f/README.md,data\raw\icse2020_the_forgotten_case_of_the\kobuki__af7946f__README.md,200,text/plain; charset=utf-8,209,,GitHub repository or directory can be enumerated through the contents API.
icse2020_the_forgotten_case_of_the,37,auto_repo_or_dir,downloaded,https://github.com/robust-rosin/robust,https://raw.githubusercontent.com/robust-rosin/robust/master/kobuki/b18f559/README.md,data\raw\icse2020_the_forgotten_case_of_the\kobuki__b18f559__README.md,200,text/plain; charset=utf-8,209,,GitHub repository or directory can be enumerated through the contents API.
icse2020_the_forgotten_case_of_the,37,auto_repo_or_dir,downloaded,https://github.com/robust-rosin/robust,https://raw.githubusercontent.com/robust-rosin/robust/master/kobuki/b5f0943/README.md,data\raw\icse2020_the_forgotten_case_of_the\kobuki__b5f0943__README.md,200,text/plain; charset=utf-8,209,,GitHub repository or directory can be enumerated through the contents API.
icse2020_the_forgotten_case_of_the,37,auto_repo_or_dir,downloaded,https://github.com/robust-rosin/robust,https://raw.githubusercontent.com/robust-rosin/robust/master/kobuki/bb3c7ec/README.md,data\raw\icse2020_the_forgotten_case_of_the\kobuki__bb3c7ec__README.md,200,text/plain; charset=utf-8,209,,GitHub repository or directory can be enumerated through the contents API.
icse2020_the_forgotten_case_of_the,37,auto_repo_or_dir,downloaded,https://github.com/robust-rosin/robust,https://raw.githubusercontent.com/robust-rosin/robust/master/kobuki/c04eae5/README.md,data\raw\icse2020_the_forgotten_case_of_the\kobuki__c04eae5__README.md,200,text/plain; charset=utf-8,209,,GitHub repository or directory can be enumerated through the contents API.
icse2020_the_forgotten_case_of_the,37,auto_repo_or_dir,downloaded,https://github.com/robust-rosin/robust,https://raw.githubusercontent.com/robust-rosin/robust/master/kobuki/d9aa656/README.md,data\raw\icse2020_the_forgotten_case_of_the\kobuki__d9aa656__README.md,200,text/plain; charset=utf-8,209,,GitHub repository or directory can be enumerated through the contents API.
icse2020_the_forgotten_case_of_the,37,auto_repo_or_dir,downloaded,https://github.com/robust-rosin/robust,https://raw.githubusercontent.com/robust-rosin/robust/master/kobuki/dbcdb12/README.md,data\raw\icse2020_the_forgotten_case_of_the\kobuki__dbcdb12__README.md,200,text/plain; charset=utf-8,209,,GitHub repository or directory can be enumerated through the contents API.
icse2020_the_forgotten_case_of_the,37,auto_repo_or_dir,downloaded,https://github.com/robust-rosin/robust,https://raw.githubusercontent.com/robust-rosin/robust/master/kobuki/e34428d/README.md,data\raw\icse2020_the_forgotten_case_of_the\kobuki__e34428d__README.md,200,text/plain; charset=utf-8,209,,GitHub repository or directory can be enumerated through the contents API.
issta2020_automated_classification_of_actions_in,39,auto_repo_or_dir,downloaded,https://github.com/sakura182/Maca,https://raw.githubusercontent.com/sakura182/Maca/main/BugDownload.zip,data\raw\issta2020_automated_classification_of_actions_in\BugDownload.zip,200,application/zip,1581148,,GitHub repository or directory can be enumerated through the contents API.
issta2020_automated_classification_of_actions_in,39,auto_repo_or_dir,downloaded,https://github.com/sakura182/Maca,https://raw.githubusercontent.com/sakura182/Maca/main/README.md,data\raw\issta2020_automated_classification_of_actions_in\README.md,200,text/plain; charset=utf-8,631,,GitHub repository or directory can be enumerated through the contents API.
ase2020_cp_detector_using_configuration_related,40,auto_repo_or_dir,downloaded,https://github.com/TimHe95/CP-Detector,https://raw.githubusercontent.com/TimHe95/CP-Detector/master/CARs%20(100-eachType)/CARs-100-Function.txt,data\raw\ase2020_cp_detector_using_configuration_related\CARs_100-eachType___CARs-100-Function.txt,200,text/plain; charset=utf-8,14368,,GitHub repository or directory can be enumerated through the contents API.
ase2020_cp_detector_using_configuration_related,40,auto_repo_or_dir,downloaded,https://github.com/TimHe95/CP-Detector,https://raw.githubusercontent.com/TimHe95/CP-Detector/master/CARs%20(100-eachType)/CARs-100-NONE.txt,data\raw\ase2020_cp_detector_using_configuration_related\CARs_100-eachType___CARs-100-NONE.txt,200,text/plain; charset=utf-8,12598,,GitHub repository or directory can be enumerated through the contents API.
ase2020_cp_detector_using_configuration_related,40,auto_repo_or_dir,downloaded,https://github.com/TimHe95/CP-Detector,https://raw.githubusercontent.com/TimHe95/CP-Detector/master/CARs%20(100-eachType)/CARs-100-Optimization.txt,data\raw\ase2020_cp_detector_using_configuration_related\CARs_100-eachType___CARs-100-Optimization.txt,200,text/plain; charset=utf-8,13733,,GitHub repository or directory can be enumerated through the contents API.
ase2020_cp_detector_using_configuration_related,40,auto_repo_or_dir,downloaded,https://github.com/TimHe95/CP-Detector,https://raw.githubusercontent.com/TimHe95/CP-Detector/master/CARs%20(100-eachType)/CARs-100-Resource.txt,data\raw\ase2020_cp_detector_using_configuration_related\CARs_100-eachType___CARs-100-Resource.txt,200,text/plain; charset=utf-8,16441,,GitHub repository or directory can be enumerated through the contents API.
ase2020_cp_detector_using_configuration_related,40,auto_repo_or_dir,downloaded,https://github.com/TimHe95/CP-Detector,https://raw.githubusercontent.com/TimHe95/CP-Detector/master/CARs%20(100-eachType)/CARs-100-Tradeoff.txt,data\raw\ase2020_cp_detector_using_configuration_related\CARs_100-eachType___CARs-100-Tradeoff.txt,200,text/plain; charset=utf-8,15505,,GitHub repository or directory can be enumerated through the contents API.
ase2020_cp_detector_using_configuration_related,40,auto_repo_or_dir,downloaded,https://github.com/TimHe95/CP-Detector,https://raw.githubusercontent.com/TimHe95/CP-Detector/master/CARs%20(all)/README.md,data\raw\ase2020_cp_detector_using_configuration_related\CARs_all___README.md,200,text/plain; charset=utf-8,362,,GitHub repository or directory can be enumerated through the contents API.
ase2020_cp_detector_using_configuration_related,40,auto_repo_or_dir,downloaded,https://github.com/TimHe95/CP-Detector,https://raw.githubusercontent.com/TimHe95/CP-Detector/master/README.md,data\raw\ase2020_cp_detector_using_configuration_related\README.md,200,text/plain; charset=utf-8,1249,,GitHub repository or directory can be enumerated through the contents API.
ase2020_cp_detector_using_configuration_related,40,auto_repo_or_dir,downloaded,https://github.com/TimHe95/CP-Detector,https://raw.githubusercontent.com/TimHe95/CP-Detector/master/Results-61-CPBugs-4.2-4.3.xlsx,data\raw\ase2020_cp_detector_using_configuration_related\Results-61-CPBugs-4.2-4.3.xlsx,200,application/octet-stream,24515,,GitHub repository or directory can be enumerated through the contents API.
ase2020_cp_detector_using_configuration_related,40,auto_repo_or_dir,downloaded,https://github.com/TimHe95/CP-Detector,https://raw.githubusercontent.com/TimHe95/CP-Detector/master/Study-173-CPBug.xlsx,data\raw\ase2020_cp_detector_using_configuration_related\Study-173-CPBug.xlsx,200,application/octet-stream,52328,,GitHub repository or directory can be enumerated through the contents API.
ase2020_cp_detector_using_configuration_related,40,auto_repo_or_dir,downloaded,https://github.com/TimHe95/CP-Detector,https://raw.githubusercontent.com/TimHe95/CP-Detector/master/src%20testing-script/README.md,data\raw\ase2020_cp_detector_using_configuration_related\src_testing-script__README.md,200,text/plain; charset=utf-8,2812,,GitHub repository or directory can be enumerated through the contents API.
fse2020_bugsinpy_a_database_of_existing,42,auto_repo_or_dir,downloaded,https://github.com/soarsmu/BugsInPy,https://raw.githubusercontent.com/soarsmu/BugsInPy/master/README.md,data\raw\fse2020_bugsinpy_a_database_of_existing\README.md,200,text/plain; charset=utf-8,2195,,GitHub repository or directory can be enumerated through the contents API.
fse2020_bugsinpy_a_database_of_existing,42,auto_repo_or_dir,downloaded,https://github.com/soarsmu/BugsInPy,https://raw.githubusercontent.com/soarsmu/BugsInPy/master/projects/PySnooper/PySnooper-fail.txt,data\raw\fse2020_bugsinpy_a_database_of_existing\projects__PySnooper__PySnooper-fail.txt,200,text/plain; charset=utf-8,9,,GitHub repository or directory can be enumerated through the contents API.
fse2020_bugsinpy_a_database_of_existing,42,auto_repo_or_dir,downloaded,https://github.com/soarsmu/BugsInPy,https://raw.githubusercontent.com/soarsmu/BugsInPy/master/projects/PySnooper/PySnooper-pass.txt,data\raw\fse2020_bugsinpy_a_database_of_existing\projects__PySnooper__PySnooper-pass.txt,200,text/plain; charset=utf-8,603,,GitHub repository or directory can be enumerated through the contents API.
fse2020_bugsinpy_a_database_of_existing,42,auto_repo_or_dir,downloaded,https://github.com/soarsmu/BugsInPy,https://raw.githubusercontent.com/soarsmu/BugsInPy/master/projects/PySnooper/bugs/1/bug_patch.txt,data\raw\fse2020_bugsinpy_a_database_of_existing\projects__PySnooper__bugs__1__bug_patch.txt,200,text/plain; charset=utf-8,2352,,GitHub repository or directory can be enumerated through the contents API.
fse2020_bugsinpy_a_database_of_existing,42,auto_repo_or_dir,downloaded,https://github.com/soarsmu/BugsInPy,https://raw.githubusercontent.com/soarsmu/BugsInPy/master/projects/PySnooper/bugs/1/requirements.txt,data\raw\fse2020_bugsinpy_a_database_of_existing\projects__PySnooper__bugs__1__requirements.txt,200,text/plain; charset=utf-8,0,,GitHub repository or directory can be enumerated through the contents API.
fse2020_bugsinpy_a_database_of_existing,42,auto_repo_or_dir,downloaded,https://github.com/soarsmu/BugsInPy,https://raw.githubusercontent.com/soarsmu/BugsInPy/master/projects/PySnooper/bugs/2/bug_patch.txt,data\raw\fse2020_bugsinpy_a_database_of_existing\projects__PySnooper__bugs__2__bug_patch.txt,200,text/plain; charset=utf-8,5216,,GitHub repository or directory can be enumerated through the contents API.
fse2020_bugsinpy_a_database_of_existing,42,auto_repo_or_dir,downloaded,https://github.com/soarsmu/BugsInPy,https://raw.githubusercontent.com/soarsmu/BugsInPy/master/projects/PySnooper/bugs/2/requirements.txt,data\raw\fse2020_bugsinpy_a_database_of_existing\projects__PySnooper__bugs__2__requirements.txt,200,text/plain; charset=utf-8,0,,GitHub repository or directory can be enumerated through the contents API.
fse2020_bugsinpy_a_database_of_existing,42,auto_repo_or_dir,downloaded,https://github.com/soarsmu/BugsInPy,https://raw.githubusercontent.com/soarsmu/BugsInPy/master/projects/PySnooper/bugs/3/bug_patch.txt,data\raw\fse2020_bugsinpy_a_database_of_existing\projects__PySnooper__bugs__3__bug_patch.txt,200,text/plain; charset=utf-8,522,,GitHub repository or directory can be enumerated through the contents API.
fse2020_bugsinpy_a_database_of_existing,42,auto_repo_or_dir,downloaded,https://github.com/soarsmu/BugsInPy,https://raw.githubusercontent.com/soarsmu/BugsInPy/master/projects/PySnooper/bugs/3/requirements.txt,data\raw\fse2020_bugsinpy_a_database_of_existing\projects__PySnooper__bugs__3__requirements.txt,200,text/plain; charset=utf-8,0,,GitHub repository or directory can be enumerated through the contents API.
fse2020_bugsinpy_a_database_of_existing,42,auto_repo_or_dir,downloaded,https://github.com/soarsmu/BugsInPy,https://raw.githubusercontent.com/soarsmu/BugsInPy/master/projects/ansible/ansible-fail.txt,data\raw\fse2020_bugsinpy_a_database_of_existing\projects__ansible__ansible-fail.txt,200,text/plain; charset=utf-8,9,,GitHub repository or directory can be enumerated through the contents API.
fse2020_bugsinpy_a_database_of_existing,42,auto_repo_or_dir,downloaded,https://github.com/soarsmu/BugsInPy,https://raw.githubusercontent.com/soarsmu/BugsInPy/master/projects/ansible/ansible-pass.txt,data\raw\fse2020_bugsinpy_a_database_of_existing\projects__ansible__ansible-pass.txt,200,text/plain; charset=utf-8,4795,,GitHub repository or directory can be enumerated through the contents API.
fse2020_bugsinpy_a_database_of_existing,42,auto_repo_or_dir,downloaded,https://github.com/soarsmu/BugsInPy,https://raw.githubusercontent.com/soarsmu/BugsInPy/master/projects/ansible/bugs/1/bug_patch.txt,data\raw\fse2020_bugsinpy_a_database_of_existing\projects__ansible__bugs__1__bug_patch.txt,200,text/plain; charset=utf-8,1210,,GitHub repository or directory can be enumerated through the contents API.
fse2020_bugsinpy_a_database_of_existing,42,auto_repo_or_dir,downloaded,https://github.com/soarsmu/BugsInPy,https://raw.githubusercontent.com/soarsmu/BugsInPy/master/projects/ansible/bugs/1/requirements.txt,data\raw\fse2020_bugsinpy_a_database_of_existing\projects__ansible__bugs__1__requirements.txt,200,text/plain; charset=utf-8,195,,GitHub repository or directory can be enumerated through the contents API.
fse2020_bugsinpy_a_database_of_existing,42,auto_repo_or_dir,downloaded,https://github.com/soarsmu/BugsInPy,https://raw.githubusercontent.com/soarsmu/BugsInPy/master/projects/ansible/bugs/10/bug_patch.txt,data\raw\fse2020_bugsinpy_a_database_of_existing\projects__ansible__bugs__10__bug_patch.txt,200,text/plain; charset=utf-8,1099,,GitHub repository or directory can be enumerated through the contents API.
fse2020_bugsinpy_a_database_of_existing,42,auto_repo_or_dir,downloaded,https://github.com/soarsmu/BugsInPy,https://raw.githubusercontent.com/soarsmu/BugsInPy/master/projects/ansible/bugs/10/requirements.txt,data\raw\fse2020_bugsinpy_a_database_of_existing\projects__ansible__bugs__10__requirements.txt,200,text/plain; charset=utf-8,195,,GitHub repository or directory can be enumerated through the contents API.
fse2020_bugsinpy_a_database_of_existing,42,auto_repo_or_dir,downloaded,https://github.com/soarsmu/BugsInPy,https://raw.githubusercontent.com/soarsmu/BugsInPy/master/projects/ansible/bugs/11/bug_patch.txt,data\raw\fse2020_bugsinpy_a_database_of_existing\projects__ansible__bugs__11__bug_patch.txt,200,text/plain; charset=utf-8,2545,,GitHub repository or directory can be enumerated through the contents API.
fse2020_bugsinpy_a_database_of_existing,42,auto_repo_or_dir,downloaded,https://github.com/soarsmu/BugsInPy,https://raw.githubusercontent.com/soarsmu/BugsInPy/master/projects/ansible/bugs/11/requirements.txt,data\raw\fse2020_bugsinpy_a_database_of_existing\projects__ansible__bugs__11__requirements.txt,200,text/plain; charset=utf-8,207,,GitHub repository or directory can be enumerated through the contents API.
fse2020_bugsinpy_a_database_of_existing,42,auto_repo_or_dir,downloaded,https://github.com/soarsmu/BugsInPy,https://raw.githubusercontent.com/soarsmu/BugsInPy/master/projects/ansible/bugs/12/bug_patch.txt,data\raw\fse2020_bugsinpy_a_database_of_existing\projects__ansible__bugs__12__bug_patch.txt,200,text/plain; charset=utf-8,686,,GitHub repository or directory can be enumerated through the contents API.
fse2020_bugsinpy_a_database_of_existing,42,auto_repo_or_dir,downloaded,https://github.com/soarsmu/BugsInPy,https://raw.githubusercontent.com/soarsmu/BugsInPy/master/projects/ansible/bugs/12/requirements.txt,data\raw\fse2020_bugsinpy_a_database_of_existing\projects__ansible__bugs__12__requirements.txt,200,text/plain; charset=utf-8,207,,GitHub repository or directory can be enumerated through the contents API.
fse2020_bugsinpy_a_database_of_existing,42,auto_repo_or_dir,downloaded,https://github.com/soarsmu/BugsInPy,https://raw.githubusercontent.com/soarsmu/BugsInPy/master/projects/ansible/bugs/13/bug_patch.txt,data\raw\fse2020_bugsinpy_a_database_of_existing\projects__ansible__bugs__13__bug_patch.txt,200,text/plain; charset=utf-8,2894,,GitHub repository or directory can be enumerated through the contents API.
fse2020_bugsinpy_a_database_of_existing,42,auto_repo_or_dir,downloaded,https://github.com/soarsmu/BugsInPy,https://raw.githubusercontent.com/soarsmu/BugsInPy/master/projects/ansible/bugs/13/requirements.txt,data\raw\fse2020_bugsinpy_a_database_of_existing\projects__ansible__bugs__13__requirements.txt,200,text/plain; charset=utf-8,207,,GitHub repository or directory can be enumerated through the contents API.
fse2020_bugsinpy_a_database_of_existing,42,auto_repo_or_dir,downloaded,https://github.com/soarsmu/BugsInPy,https://raw.githubusercontent.com/soarsmu/BugsInPy/master/projects/ansible/bugs/14/bug_patch.txt,data\raw\fse2020_bugsinpy_a_database_of_existing\projects__ansible__bugs__14__bug_patch.txt,200,text/plain; charset=utf-8,1695,,GitHub repository or directory can be enumerated through the contents API.
fse2020_bugsinpy_a_database_of_existing,42,auto_repo_or_dir,downloaded,https://github.com/soarsmu/BugsInPy,https://raw.githubusercontent.com/soarsmu/BugsInPy/master/projects/ansible/bugs/14/requirements.txt,data\raw\fse2020_bugsinpy_a_database_of_existing\projects__ansible__bugs__14__requirements.txt,200,text/plain; charset=utf-8,228,,GitHub repository or directory can be enumerated through the contents API.
fse2020_bugsinpy_a_database_of_existing,42,auto_repo_or_dir,downloaded,https://github.com/soarsmu/BugsInPy,https://raw.githubusercontent.com/soarsmu/BugsInPy/master/projects/ansible/bugs/15/bug_patch.txt,data\raw\fse2020_bugsinpy_a_database_of_existing\projects__ansible__bugs__15__bug_patch.txt,200,text/plain; charset=utf-8,570,,GitHub repository or directory can be enumerated through the contents API.
fse2020_bugsinpy_a_database_of_existing,42,auto_repo_or_dir,downloaded,https://github.com/soarsmu/BugsInPy,https://raw.githubusercontent.com/soarsmu/BugsInPy/master/projects/ansible/bugs/15/requirements.txt,data\raw\fse2020_bugsinpy_a_database_of_existing\projects__ansible__bugs__15__requirements.txt,200,text/plain; charset=utf-8,228,,GitHub repository or directory can be enumerated through the contents API.
fse2020_bugsinpy_a_database_of_existing,42,auto_repo_or_dir,downloaded,https://github.com/soarsmu/BugsInPy,https://raw.githubusercontent.com/soarsmu/BugsInPy/master/projects/ansible/bugs/16/bug_patch.txt,data\raw\fse2020_bugsinpy_a_database_of_existing\projects__ansible__bugs__16__bug_patch.txt,200,text/plain; charset=utf-8,1932,,GitHub repository or directory can be enumerated through the contents API.
fse2020_bugsinpy_a_database_of_existing,42,auto_repo_or_dir,downloaded,https://github.com/soarsmu/BugsInPy,https://raw.githubusercontent.com/soarsmu/BugsInPy/master/projects/ansible/bugs/16/requirements.txt,data\raw\fse2020_bugsinpy_a_database_of_existing\projects__ansible__bugs__16__requirements.txt,200,text/plain; charset=utf-8,228,,GitHub repository or directory can be enumerated through the contents API.
fse2020_bugsinpy_a_database_of_existing,42,auto_repo_or_dir,downloaded,https://github.com/soarsmu/BugsInPy,https://raw.githubusercontent.com/soarsmu/BugsInPy/master/projects/ansible/bugs/17/bug_patch.txt,data\raw\fse2020_bugsinpy_a_database_of_existing\projects__ansible__bugs__17__bug_patch.txt,200,text/plain; charset=utf-8,1726,,GitHub repository or directory can be enumerated through the contents API.
fse2020_bugsinpy_a_database_of_existing,42,auto_repo_or_dir,downloaded,https://github.com/soarsmu/BugsInPy,https://raw.githubusercontent.com/soarsmu/BugsInPy/master/projects/ansible/bugs/17/requirements.txt,data\raw\fse2020_bugsinpy_a_database_of_existing\projects__ansible__bugs__17__requirements.txt,200,text/plain; charset=utf-8,228,,GitHub repository or directory can be enumerated through the contents API.
fse2020_bugsinpy_a_database_of_existing,42,auto_repo_or_dir,downloaded,https://github.com/soarsmu/BugsInPy,https://raw.githubusercontent.com/soarsmu/BugsInPy/master/projects/ansible/bugs/18/bug_patch.txt,data\raw\fse2020_bugsinpy_a_database_of_existing\projects__ansible__bugs__18__bug_patch.txt,200,text/plain; charset=utf-8,1216,,GitHub repository or directory can be enumerated through the contents API.
fse2020_bugsinpy_a_database_of_existing,42,auto_repo_or_dir,downloaded,https://github.com/soarsmu/BugsInPy,https://raw.githubusercontent.com/soarsmu/BugsInPy/master/projects/ansible/bugs/18/requirements.txt,data\raw\fse2020_bugsinpy_a_database_of_existing\projects__ansible__bugs__18__requirements.txt,200,text/plain; charset=utf-8,228,,GitHub repository or directory can be enumerated through the contents API.
fse2020_bugsinpy_a_database_of_existing,42,auto_repo_or_dir,downloaded,https://github.com/soarsmu/BugsInPy,https://raw.githubusercontent.com/soarsmu/BugsInPy/master/projects/ansible/bugs/2/bug_patch.txt,data\raw\fse2020_bugsinpy_a_database_of_existing\projects__ansible__bugs__2__bug_patch.txt,200,text/plain; charset=utf-8,1083,,GitHub repository or directory can be enumerated through the contents API.
fse2020_bugsinpy_a_database_of_existing,42,auto_repo_or_dir,downloaded,https://github.com/soarsmu/BugsInPy,https://raw.githubusercontent.com/soarsmu/BugsInPy/master/projects/ansible/bugs/2/requirements.txt,data\raw\fse2020_bugsinpy_a_database_of_existing\projects__ansible__bugs__2__requirements.txt,200,text/plain; charset=utf-8,195,,GitHub repository or directory can be enumerated through the contents API.
fse2020_bugsinpy_a_database_of_existing,42,auto_repo_or_dir,downloaded,https://github.com/soarsmu/BugsInPy,https://raw.githubusercontent.com/soarsmu/BugsInPy/master/projects/ansible/bugs/3/bug_patch.txt,data\raw\fse2020_bugsinpy_a_database_of_existing\projects__ansible__bugs__3__bug_patch.txt,200,text/plain; charset=utf-8,838,,GitHub repository or directory can be enumerated through the contents API.
fse2020_bugsinpy_a_database_of_existing,42,auto_repo_or_dir,downloaded,https://github.com/soarsmu/BugsInPy,https://raw.githubusercontent.com/soarsmu/BugsInPy/master/projects/ansible/bugs/3/requirements.txt,data\raw\fse2020_bugsinpy_a_database_of_existing\projects__ansible__bugs__3__requirements.txt,200,text/plain; charset=utf-8,195,,GitHub repository or directory can be enumerated through the contents API.
fse2020_bugsinpy_a_database_of_existing,42,auto_repo_or_dir,downloaded,https://github.com/soarsmu/BugsInPy,https://raw.githubusercontent.com/soarsmu/BugsInPy/master/projects/ansible/bugs/4/bug_patch.txt,data\raw\fse2020_bugsinpy_a_database_of_existing\projects__ansible__bugs__4__bug_patch.txt,200,text/plain; charset=utf-8,1940,,GitHub repository or directory can be enumerated through the contents API.
fse2020_bugsinpy_a_database_of_existing,42,auto_repo_or_dir,downloaded,https://github.com/soarsmu/BugsInPy,https://raw.githubusercontent.com/soarsmu/BugsInPy/master/projects/ansible/bugs/4/requirements.txt,data\raw\fse2020_bugsinpy_a_database_of_existing\projects__ansible__bugs__4__requirements.txt,200,text/plain; charset=utf-8,195,,GitHub repository or directory can be enumerated through the contents API.
fse2020_bugsinpy_a_database_of_existing,42,auto_repo_or_dir,downloaded,https://github.com/soarsmu/BugsInPy,https://raw.githubusercontent.com/soarsmu/BugsInPy/master/projects/ansible/bugs/5/bug_patch.txt,data\raw\fse2020_bugsinpy_a_database_of_existing\projects__ansible__bugs__5__bug_patch.txt,200,text/plain; charset=utf-8,1914,,GitHub repository or directory can be enumerated through the contents API.
fse2020_bugsinpy_a_database_of_existing,42,auto_repo_or_dir,downloaded,https://github.com/soarsmu/BugsInPy,https://raw.githubusercontent.com/soarsmu/BugsInPy/master/projects/ansible/bugs/5/requirements.txt,data\raw\fse2020_bugsinpy_a_database_of_existing\projects__ansible__bugs__5__requirements.txt,200,text/plain; charset=utf-8,207,,GitHub repository or directory can be enumerated through the contents API.
fse2020_bugsinpy_a_database_of_existing,42,auto_repo_or_dir,downloaded,https://github.com/soarsmu/BugsInPy,https://raw.githubusercontent.com/soarsmu/BugsInPy/master/projects/ansible/bugs/6/bug_patch.txt,data\raw\fse2020_bugsinpy_a_database_of_existing\projects__ansible__bugs__6__bug_patch.txt,200,text/plain; charset=utf-8,2801,,GitHub repository or directory can be enumerated through the contents API.
fse2020_bugsinpy_a_database_of_existing,42,auto_repo_or_dir,downloaded,https://github.com/soarsmu/BugsInPy,https://raw.githubusercontent.com/soarsmu/BugsInPy/master/projects/ansible/bugs/6/requirements.txt,data\raw\fse2020_bugsinpy_a_database_of_existing\projects__ansible__bugs__6__requirements.txt,200,text/plain; charset=utf-8,207,,GitHub repository or directory can be enumerated through the contents API.
fse2020_bugsinpy_a_database_of_existing,42,auto_repo_or_dir,downloaded,https://github.com/soarsmu/BugsInPy,https://raw.githubusercontent.com/soarsmu/BugsInPy/master/projects/ansible/bugs/7/bug_patch.txt,data\raw\fse2020_bugsinpy_a_database_of_existing\projects__ansible__bugs__7__bug_patch.txt,200,text/plain; charset=utf-8,926,,GitHub repository or directory can be enumerated through the contents API.
fse2020_bugsinpy_a_database_of_existing,42,auto_repo_or_dir,downloaded,https://github.com/soarsmu/BugsInPy,https://raw.githubusercontent.com/soarsmu/BugsInPy/master/projects/ansible/bugs/7/requirements.txt,data\raw\fse2020_bugsinpy_a_database_of_existing\projects__ansible__bugs__7__requirements.txt,200,text/plain; charset=utf-8,207,,GitHub repository or directory can be enumerated through the contents API.
fse2020_bugsinpy_a_database_of_existing,42,auto_repo_or_dir,downloaded,https://github.com/soarsmu/BugsInPy,https://raw.githubusercontent.com/soarsmu/BugsInPy/master/projects/ansible/bugs/8/bug_patch.txt,data\raw\fse2020_bugsinpy_a_database_of_existing\projects__ansible__bugs__8__bug_patch.txt,200,text/plain; charset=utf-8,1422,,GitHub repository or directory can be enumerated through the contents API.
fse2020_bugsinpy_a_database_of_existing,42,auto_repo_or_dir,downloaded,https://github.com/soarsmu/BugsInPy,https://raw.githubusercontent.com/soarsmu/BugsInPy/master/projects/ansible/bugs/8/requirements.txt,data\raw\fse2020_bugsinpy_a_database_of_existing\projects__ansible__bugs__8__requirements.txt,200,text/plain; charset=utf-8,207,,GitHub repository or directory can be enumerated through the contents API.
fse2020_bugsinpy_a_database_of_existing,42,auto_repo_or_dir,downloaded,https://github.com/soarsmu/BugsInPy,https://raw.githubusercontent.com/soarsmu/BugsInPy/master/projects/ansible/bugs/9/bug_patch.txt,data\raw\fse2020_bugsinpy_a_database_of_existing\projects__ansible__bugs__9__bug_patch.txt,200,text/plain; charset=utf-8,1412,,GitHub repository or directory can be enumerated through the contents API.
fse2020_bugsinpy_a_database_of_existing,42,auto_repo_or_dir,downloaded,https://github.com/soarsmu/BugsInPy,https://raw.githubusercontent.com/soarsmu/BugsInPy/master/projects/ansible/bugs/9/requirements.txt,data\raw\fse2020_bugsinpy_a_database_of_existing\projects__ansible__bugs__9__requirements.txt,200,text/plain; charset=utf-8,207,,GitHub repository or directory can be enumerated through the contents API.
fse2020_bugsinpy_a_database_of_existing,42,auto_repo_or_dir,downloaded,https://github.com/soarsmu/BugsInPy,https://raw.githubusercontent.com/soarsmu/BugsInPy/master/projects/black/black-fail.txt,data\raw\fse2020_bugsinpy_a_database_of_existing\projects__black__black-fail.txt,200,text/plain; charset=utf-8,9,,GitHub repository or directory can be enumerated through the contents API.
fse2020_bugsinpy_a_database_of_existing,42,auto_repo_or_dir,downloaded,https://github.com/soarsmu/BugsInPy,https://raw.githubusercontent.com/soarsmu/BugsInPy/master/projects/black/black-pass.txt,data\raw\fse2020_bugsinpy_a_database_of_existing\projects__black__black-pass.txt,200,text/plain; charset=utf-8,3236,,GitHub repository or directory can be enumerated through the contents API.
fse2020_bugsinpy_a_database_of_existing,42,auto_repo_or_dir,downloaded,https://github.com/soarsmu/BugsInPy,https://raw.githubusercontent.com/soarsmu/BugsInPy/master/projects/black/bugs/1/bug_patch.txt,data\raw\fse2020_bugsinpy_a_database_of_existing\projects__black__bugs__1__bug_patch.txt,200,text/plain; charset=utf-8,1251,,GitHub repository or directory can be enumerated through the contents API.
fse2020_bugsinpy_a_database_of_existing,42,auto_repo_or_dir,downloaded,https://github.com/soarsmu/BugsInPy,https://raw.githubusercontent.com/soarsmu/BugsInPy/master/projects/black/bugs/1/requirements.txt,data\raw\fse2020_bugsinpy_a_database_of_existing\projects__black__bugs__1__requirements.txt,200,text/plain; charset=utf-16,2828,,GitHub repository or directory can be enumerated through the contents API.
fse2020_bugsinpy_a_database_of_existing,42,auto_repo_or_dir,downloaded,https://github.com/soarsmu/BugsInPy,https://raw.githubusercontent.com/soarsmu/BugsInPy/master/projects/black/bugs/10/bug_patch.txt,data\raw\fse2020_bugsinpy_a_database_of_existing\projects__black__bugs__10__bug_patch.txt,200,text/plain; charset=utf-8,599,,GitHub repository or directory can be enumerated through the contents API.
fse2020_bugsinpy_a_database_of_existing,42,auto_repo_or_dir,downloaded,https://github.com/soarsmu/BugsInPy,https://raw.githubusercontent.com/soarsmu/BugsInPy/master/projects/black/bugs/10/requirements.txt,data\raw\fse2020_bugsinpy_a_database_of_existing\projects__black__bugs__10__requirements.txt,200,text/plain; charset=utf-16,2856,,GitHub repository or directory can be enumerated through the contents API.
fse2020_bugsinpy_a_database_of_existing,42,auto_repo_or_dir,downloaded,https://github.com/soarsmu/BugsInPy,https://raw.githubusercontent.com/soarsmu/BugsInPy/master/projects/black/bugs/11/bug_patch.txt,data\raw\fse2020_bugsinpy_a_database_of_existing\projects__black__bugs__11__bug_patch.txt,200,text/plain; charset=utf-8,1744,,GitHub repository or directory can be enumerated through the contents API.
fse2020_bugsinpy_a_database_of_existing,42,auto_repo_or_dir,downloaded,https://github.com/soarsmu/BugsInPy,https://raw.githubusercontent.com/soarsmu/BugsInPy/master/projects/black/bugs/11/requirements.txt,data\raw\fse2020_bugsinpy_a_database_of_existing\projects__black__bugs__11__requirements.txt,200,text/plain; charset=utf-16,2856,,GitHub repository or directory can be enumerated through the contents API.
fse2020_bugsinpy_a_database_of_existing,42,auto_repo_or_dir,downloaded,https://github.com/soarsmu/BugsInPy,https://raw.githubusercontent.com/soarsmu/BugsInPy/master/projects/black/bugs/12/bug_patch.txt,data\raw\fse2020_bugsinpy_a_database_of_existing\projects__black__bugs__12__bug_patch.txt,200,text/plain; charset=utf-8,2346,,GitHub repository or directory can be enumerated through the contents API.
fse2020_bugsinpy_a_database_of_existing,42,auto_repo_or_dir,downloaded,https://github.com/soarsmu/BugsInPy,https://raw.githubusercontent.com/soarsmu/BugsInPy/master/projects/black/bugs/12/requirements.txt,data\raw\fse2020_bugsinpy_a_database_of_existing\projects__black__bugs__12__requirements.txt,200,text/plain; charset=utf-16,2856,,GitHub repository or directory can be enumerated through the contents API.
fse2020_bugsinpy_a_database_of_existing,42,auto_repo_or_dir,downloaded,https://github.com/soarsmu/BugsInPy,https://raw.githubusercontent.com/soarsmu/BugsInPy/master/projects/black/bugs/13/bug_patch.txt,data\raw\fse2020_bugsinpy_a_database_of_existing\projects__black__bugs__13__bug_patch.txt,200,text/plain; charset=utf-8,923,,GitHub repository or directory can be enumerated through the contents API.
fse2020_bugsinpy_a_database_of_existing,42,auto_repo_or_dir,downloaded,https://github.com/soarsmu/BugsInPy,https://raw.githubusercontent.com/soarsmu/BugsInPy/master/projects/black/bugs/13/requirements.txt,data\raw\fse2020_bugsinpy_a_database_of_existing\projects__black__bugs__13__requirements.txt,200,text/plain; charset=utf-16,2856,,GitHub repository or directory can be enumerated through the contents API.
fse2020_bugsinpy_a_database_of_existing,42,auto_repo_or_dir,downloaded,https://github.com/soarsmu/BugsInPy,https://raw.githubusercontent.com/soarsmu/BugsInPy/master/projects/black/bugs/14/bug_patch.txt,data\raw\fse2020_bugsinpy_a_database_of_existing\projects__black__bugs__14__bug_patch.txt,200,text/plain; charset=utf-8,3027,,GitHub repository or directory can be enumerated through the contents API.
fse2020_bugsinpy_a_database_of_existing,42,auto_repo_or_dir,downloaded,https://github.com/soarsmu/BugsInPy,https://raw.githubusercontent.com/soarsmu/BugsInPy/master/projects/black/bugs/14/requirements.txt,data\raw\fse2020_bugsinpy_a_database_of_existing\projects__black__bugs__14__requirements.txt,200,text/plain; charset=utf-16,2856,,GitHub repository or directory can be enumerated through the contents API.
fse2020_bugsinpy_a_database_of_existing,42,auto_repo_or_dir,downloaded,https://github.com/soarsmu/BugsInPy,https://raw.githubusercontent.com/soarsmu/BugsInPy/master/projects/black/bugs/15/bug_patch.txt,data\raw\fse2020_bugsinpy_a_database_of_existing\projects__black__bugs__15__bug_patch.txt,200,text/plain; charset=utf-8,13623,,GitHub repository or directory can be enumerated through the contents API.
fse2020_bugsinpy_a_database_of_existing,42,auto_repo_or_dir,downloaded,https://github.com/soarsmu/BugsInPy,https://raw.githubusercontent.com/soarsmu/BugsInPy/master/projects/black/bugs/15/requirements.txt,data\raw\fse2020_bugsinpy_a_database_of_existing\projects__black__bugs__15__requirements.txt,200,text/plain; charset=utf-16,2856,,GitHub repository or directory can be enumerated through the contents API.
fse2020_bugsinpy_a_database_of_existing,42,auto_repo_or_dir,downloaded,https://github.com/soarsmu/BugsInPy,https://raw.githubusercontent.com/soarsmu/BugsInPy/master/projects/black/bugs/16/bug_patch.txt,data\raw\fse2020_bugsinpy_a_database_of_existing\projects__black__bugs__16__bug_patch.txt,200,text/plain; charset=utf-8,1124,,GitHub repository or directory can be enumerated through the contents API.
fse2020_bugsinpy_a_database_of_existing,42,auto_repo_or_dir,downloaded,https://github.com/soarsmu/BugsInPy,https://raw.githubusercontent.com/soarsmu/BugsInPy/master/projects/black/bugs/16/requirements.txt,data\raw\fse2020_bugsinpy_a_database_of_existing\projects__black__bugs__16__requirements.txt,200,text/plain; charset=utf-16,2856,,GitHub repository or directory can be enumerated through the contents API.
fse2020_bugsinpy_a_database_of_existing,42,auto_repo_or_dir,downloaded,https://github.com/soarsmu/BugsInPy,https://raw.githubusercontent.com/soarsmu/BugsInPy/master/projects/black/bugs/17/bug_patch.txt,data\raw\fse2020_bugsinpy_a_database_of_existing\projects__black__bugs__17__bug_patch.txt,200,text/plain; charset=utf-8,841,,GitHub repository or directory can be enumerated through the contents API.
fse2020_bugsinpy_a_database_of_existing,42,auto_repo_or_dir,downloaded,https://github.com/soarsmu/BugsInPy,https://raw.githubusercontent.com/soarsmu/BugsInPy/master/projects/black/bugs/17/requirements.txt,data\raw\fse2020_bugsinpy_a_database_of_existing\projects__black__bugs__17__requirements.txt,200,text/plain; charset=utf-16,2856,,GitHub repository or directory can be enumerated through the contents API.
fse2020_bugsinpy_a_database_of_existing,42,auto_repo_or_dir,downloaded,https://github.com/soarsmu/BugsInPy,https://raw.githubusercontent.com/soarsmu/BugsInPy/master/projects/black/bugs/18/bug_patch.txt,data\raw\fse2020_bugsinpy_a_database_of_existing\projects__black__bugs__18__bug_patch.txt,200,text/plain; charset=utf-8,4041,,GitHub repository or directory can be enumerated through the contents API.
fse2020_bugsinpy_a_database_of_existing,42,auto_repo_or_dir,downloaded,https://github.com/soarsmu/BugsInPy,https://raw.githubusercontent.com/soarsmu/BugsInPy/master/projects/black/bugs/18/requirements.txt,data\raw\fse2020_bugsinpy_a_database_of_existing\projects__black__bugs__18__requirements.txt,200,text/plain; charset=utf-16,2856,,GitHub repository or directory can be enumerated through the contents API.
fse2020_bugsinpy_a_database_of_existing,42,auto_repo_or_dir,downloaded,https://github.com/soarsmu/BugsInPy,https://raw.githubusercontent.com/soarsmu/BugsInPy/master/projects/black/bugs/19/bug_patch.txt,data\raw\fse2020_bugsinpy_a_database_of_existing\projects__black__bugs__19__bug_patch.txt,200,text/plain; charset=utf-8,518,,GitHub repository or directory can be enumerated through the contents API.
fse2020_bugsinpy_a_database_of_existing,42,auto_repo_or_dir,downloaded,https://github.com/soarsmu/BugsInPy,https://raw.githubusercontent.com/soarsmu/BugsInPy/master/projects/black/bugs/19/requirements.txt,data\raw\fse2020_bugsinpy_a_database_of_existing\projects__black__bugs__19__requirements.txt,200,text/plain; charset=utf-16,2856,,GitHub repository or directory can be enumerated through the contents API.
fse2020_bugsinpy_a_database_of_existing,42,auto_repo_or_dir,downloaded,https://github.com/soarsmu/BugsInPy,https://raw.githubusercontent.com/soarsmu/BugsInPy/master/projects/black/bugs/2/bug_patch.txt,data\raw\fse2020_bugsinpy_a_database_of_existing\projects__black__bugs__2__bug_patch.txt,200,text/plain; charset=utf-8,2005,,GitHub repository or directory can be enumerated through the contents API.
fse2020_bugsinpy_a_database_of_existing,42,auto_repo_or_dir,downloaded,https://github.com/soarsmu/BugsInPy,https://raw.githubusercontent.com/soarsmu/BugsInPy/master/projects/black/bugs/2/requirements.txt,data\raw\fse2020_bugsinpy_a_database_of_existing\projects__black__bugs__2__requirements.txt,200,text/plain; charset=utf-16,2828,,GitHub repository or directory can be enumerated through the contents API.
fse2020_bugsinpy_a_database_of_existing,42,auto_repo_or_dir,downloaded,https://github.com/soarsmu/BugsInPy,https://raw.githubusercontent.com/soarsmu/BugsInPy/master/projects/black/bugs/20/bug_patch.txt,data\raw\fse2020_bugsinpy_a_database_of_existing\projects__black__bugs__20__bug_patch.txt,200,text/plain; charset=utf-8,580,,GitHub repository or directory can be enumerated through the contents API.
fse2020_bugsinpy_a_database_of_existing,42,auto_repo_or_dir,downloaded,https://github.com/soarsmu/BugsInPy,https://raw.githubusercontent.com/soarsmu/BugsInPy/master/projects/black/bugs/20/requirements.txt,data\raw\fse2020_bugsinpy_a_database_of_existing\projects__black__bugs__20__requirements.txt,200,text/plain; charset=utf-16,2856,,GitHub repository or directory can be enumerated through the contents API.
fse2020_bugsinpy_a_database_of_existing,42,auto_repo_or_dir,downloaded,https://github.com/soarsmu/BugsInPy,https://raw.githubusercontent.com/soarsmu/BugsInPy/master/projects/black/bugs/21/bug_patch.txt,data\raw\fse2020_bugsinpy_a_database_of_existing\projects__black__bugs__21__bug_patch.txt,200,text/plain; charset=utf-8,428,,GitHub repository or directory can be enumerated through the contents API.
fse2020_bugsinpy_a_database_of_existing,42,auto_repo_or_dir,downloaded,https://github.com/soarsmu/BugsInPy,https://raw.githubusercontent.com/soarsmu/BugsInPy/master/projects/black/bugs/21/requirements.txt,data\raw\fse2020_bugsinpy_a_database_of_existing\projects__black__bugs__21__requirements.txt,200,text/plain; charset=utf-16,2856,,GitHub repository or directory can be enumerated through the contents API.
fse2020_bugsinpy_a_database_of_existing,42,auto_repo_or_dir,downloaded,https://github.com/soarsmu/BugsInPy,https://raw.githubusercontent.com/soarsmu/BugsInPy/master/projects/black/bugs/22/bug_patch.txt,data\raw\fse2020_bugsinpy_a_database_of_existing\projects__black__bugs__22__bug_patch.txt,200,text/plain; charset=utf-8,13997,,GitHub repository or directory can be enumerated through the contents API.
fse2020_bugsinpy_a_database_of_existing,42,auto_repo_or_dir,downloaded,https://github.com/soarsmu/BugsInPy,https://raw.githubusercontent.com/soarsmu/BugsInPy/master/projects/black/bugs/22/requirements.txt,data\raw\fse2020_bugsinpy_a_database_of_existing\projects__black__bugs__22__requirements.txt,200,text/plain; charset=utf-16,2856,,GitHub repository or directory can be enumerated through the contents API.
fse2020_bugsinpy_a_database_of_existing,42,auto_repo_or_dir,downloaded,https://github.com/soarsmu/BugsInPy,https://raw.githubusercontent.com/soarsmu/BugsInPy/master/projects/black/bugs/23/bug_patch.txt,data\raw\fse2020_bugsinpy_a_database_of_existing\projects__black__bugs__23__bug_patch.txt,200,text/plain; charset=utf-8,4597,,GitHub repository or directory can be enumerated through the contents API.
fse2020_bugsinpy_a_database_of_existing,42,auto_repo_or_dir,downloaded,https://github.com/soarsmu/BugsInPy,https://raw.githubusercontent.com/soarsmu/BugsInPy/master/projects/black/bugs/23/requirements.txt,data\raw\fse2020_bugsinpy_a_database_of_existing\projects__black__bugs__23__requirements.txt,200,text/plain; charset=utf-16,2856,,GitHub repository or directory can be enumerated through the contents API.
fse2020_bugsinpy_a_database_of_existing,42,auto_repo_or_dir,downloaded,https://github.com/soarsmu/BugsInPy,https://raw.githubusercontent.com/soarsmu/BugsInPy/master/projects/black/bugs/3/bug_patch.txt,data\raw\fse2020_bugsinpy_a_database_of_existing\projects__black__bugs__3__bug_patch.txt,200,text/plain; charset=utf-8,440,,GitHub repository or directory can be enumerated through the contents API.
fse2020_bugsinpy_a_database_of_existing,42,auto_repo_or_dir,downloaded,https://github.com/soarsmu/BugsInPy,https://raw.githubusercontent.com/soarsmu/BugsInPy/master/projects/black/bugs/3/requirements.txt,data\raw\fse2020_bugsinpy_a_database_of_existing\projects__black__bugs__3__requirements.txt,200,text/plain; charset=utf-16,2828,,GitHub repository or directory can be enumerated through the contents API.
fse2020_bugsinpy_a_database_of_existing,42,auto_repo_or_dir,downloaded,https://github.com/soarsmu/BugsInPy,https://raw.githubusercontent.com/soarsmu/BugsInPy/master/projects/black/bugs/4/bug_patch.txt,data\raw\fse2020_bugsinpy_a_database_of_existing\projects__black__bugs__4__bug_patch.txt,200,text/plain; charset=utf-8,634,,GitHub repository or directory can be enumerated through the contents API.
fse2020_bugsinpy_a_database_of_existing,42,auto_repo_or_dir,downloaded,https://github.com/soarsmu/BugsInPy,https://raw.githubusercontent.com/soarsmu/BugsInPy/master/projects/black/bugs/4/requirements.txt,data\raw\fse2020_bugsinpy_a_database_of_existing\projects__black__bugs__4__requirements.txt,200,text/plain; charset=utf-16,2856,,GitHub repository or directory can be enumerated through the contents API.
fse2020_bugsinpy_a_database_of_existing,42,auto_repo_or_dir,downloaded,https://github.com/soarsmu/BugsInPy,https://raw.githubusercontent.com/soarsmu/BugsInPy/master/projects/black/bugs/5/bug_patch.txt,data\raw\fse2020_bugsinpy_a_database_of_existing\projects__black__bugs__5__bug_patch.txt,200,text/plain; charset=utf-8,1414,,GitHub repository or directory can be enumerated through the contents API.
fse2020_bugsinpy_a_database_of_existing,42,auto_repo_or_dir,downloaded,https://github.com/soarsmu/BugsInPy,https://raw.githubusercontent.com/soarsmu/BugsInPy/master/projects/black/bugs/5/requirements.txt,data\raw\fse2020_bugsinpy_a_database_of_existing\projects__black__bugs__5__requirements.txt,200,text/plain; charset=utf-16,2856,,GitHub repository or directory can be enumerated through the contents API.
fse2020_bugsinpy_a_database_of_existing,42,auto_repo_or_dir,downloaded,https://github.com/soarsmu/BugsInPy,https://raw.githubusercontent.com/soarsmu/BugsInPy/master/projects/black/bugs/6/bug_patch.txt,data\raw\fse2020_bugsinpy_a_database_of_existing\projects__black__bugs__6__bug_patch.txt,200,text/plain; charset=utf-8,10180,,GitHub repository or directory can be enumerated through the contents API.
fse2020_bugsinpy_a_database_of_existing,42,auto_repo_or_dir,downloaded,https://github.com/soarsmu/BugsInPy,https://raw.githubusercontent.com/soarsmu/BugsInPy/master/projects/black/bugs/6/requirements.txt,data\raw\fse2020_bugsinpy_a_database_of_existing\projects__black__bugs__6__requirements.txt,200,text/plain; charset=utf-16,2856,,GitHub repository or directory can be enumerated through the contents API.
fse2020_bugsinpy_a_database_of_existing,42,auto_repo_or_dir,downloaded,https://github.com/soarsmu/BugsInPy,https://raw.githubusercontent.com/soarsmu/BugsInPy/master/projects/black/bugs/7/bug_patch.txt,data\raw\fse2020_bugsinpy_a_database_of_existing\projects__black__bugs__7__bug_patch.txt,200,text/plain; charset=utf-8,1299,,GitHub repository or directory can be enumerated through the contents API.
fse2020_bugsinpy_a_database_of_existing,42,auto_repo_or_dir,downloaded,https://github.com/soarsmu/BugsInPy,https://raw.githubusercontent.com/soarsmu/BugsInPy/master/projects/black/bugs/7/requirements.txt,data\raw\fse2020_bugsinpy_a_database_of_existing\projects__black__bugs__7__requirements.txt,200,text/plain; charset=utf-16,2856,,GitHub repository or directory can be enumerated through the contents API.
fse2020_bugsinpy_a_database_of_existing,42,auto_repo_or_dir,downloaded,https://github.com/soarsmu/BugsInPy,https://raw.githubusercontent.com/soarsmu/BugsInPy/master/projects/black/bugs/8/bug_patch.txt,data\raw\fse2020_bugsinpy_a_database_of_existing\projects__black__bugs__8__bug_patch.txt,200,text/plain; charset=utf-8,1101,,GitHub repository or directory can be enumerated through the contents API.
fse2020_bugsinpy_a_database_of_existing,42,auto_repo_or_dir,downloaded,https://github.com/soarsmu/BugsInPy,https://raw.githubusercontent.com/soarsmu/BugsInPy/master/projects/black/bugs/8/requirements.txt,data\raw\fse2020_bugsinpy_a_database_of_existing\projects__black__bugs__8__requirements.txt,200,text/plain; charset=utf-16,2856,,GitHub repository or directory can be enumerated through the contents API.
fse2020_bugsinpy_a_database_of_existing,42,auto_repo_or_dir,downloaded,https://github.com/soarsmu/BugsInPy,https://raw.githubusercontent.com/soarsmu/BugsInPy/master/projects/black/bugs/9/bug_patch.txt,data\raw\fse2020_bugsinpy_a_database_of_existing\projects__black__bugs__9__bug_patch.txt,200,text/plain; charset=utf-8,831,,GitHub repository or directory can be enumerated through the contents API.
fse2020_bugsinpy_a_database_of_existing,42,auto_repo_or_dir,downloaded,https://github.com/soarsmu/BugsInPy,https://raw.githubusercontent.com/soarsmu/BugsInPy/master/projects/black/bugs/9/requirements.txt,data\raw\fse2020_bugsinpy_a_database_of_existing\projects__black__bugs__9__requirements.txt,200,text/plain; charset=utf-16,2856,,GitHub repository or directory can be enumerated through the contents API.
fse2020_bugsinpy_a_database_of_existing,42,auto_repo_or_dir,downloaded,https://github.com/soarsmu/BugsInPy,https://raw.githubusercontent.com/soarsmu/BugsInPy/master/projects/cookiecutter/bugs/1/bug_patch.txt,data\raw\fse2020_bugsinpy_a_database_of_existing\projects__cookiecutter__bugs__1__bug_patch.txt,200,text/plain; charset=utf-8,532,,GitHub repository or directory can be enumerated through the contents API.
fse2020_bugsinpy_a_database_of_existing,42,auto_repo_or_dir,downloaded,https://github.com/soarsmu/BugsInPy,https://raw.githubusercontent.com/soarsmu/BugsInPy/master/projects/cookiecutter/bugs/1/requirements.txt,data\raw\fse2020_bugsinpy_a_database_of_existing\projects__cookiecutter__bugs__1__requirements.txt,200,text/plain; charset=utf-8,611,,GitHub repository or directory can be enumerated through the contents API.
fse2020_bugsinpy_a_database_of_existing,42,auto_repo_or_dir,downloaded,https://github.com/soarsmu/BugsInPy,https://raw.githubusercontent.com/soarsmu/BugsInPy/master/projects/cookiecutter/bugs/2/bug_patch.txt,data\raw\fse2020_bugsinpy_a_database_of_existing\projects__cookiecutter__bugs__2__bug_patch.txt,200,text/plain; charset=utf-8,1257,,GitHub repository or directory can be enumerated through the contents API.
fse2020_bugsinpy_a_database_of_existing,42,auto_repo_or_dir,downloaded,https://github.com/soarsmu/BugsInPy,https://raw.githubusercontent.com/soarsmu/BugsInPy/master/projects/cookiecutter/bugs/2/requirements.txt,data\raw\fse2020_bugsinpy_a_database_of_existing\projects__cookiecutter__bugs__2__requirements.txt,200,text/plain; charset=utf-8,611,,GitHub repository or directory can be enumerated through the contents API.
icse2019_recdroid_automatically_reproducing_android_application,43,auto_repo_or_dir,downloaded,https://github.com/AndroidTestBugReport/ReCDroid,https://raw.githubusercontent.com/AndroidTestBugReport/ReCDroid/master/Evaluation%20Result/README.md,data\raw\icse2019_recdroid_automatically_reproducing_android_application\Evaluation_Result__README.md,200,text/plain; charset=utf-8,1502,,GitHub repository or directory can be enumerated through the contents API.
icse2019_recdroid_automatically_reproducing_android_application,43,auto_repo_or_dir,downloaded,https://github.com/AndroidTestBugReport/ReCDroid,https://raw.githubusercontent.com/AndroidTestBugReport/ReCDroid/master/Evaluation%20Result/compare%20with%20monkey-stoat-sap.xlsx,data\raw\icse2019_recdroid_automatically_reproducing_android_application\Evaluation_Result__compare_with_monkey-stoat-sap.xlsx,200,application/octet-stream,13643,,GitHub repository or directory can be enumerated through the contents API.
icse2019_recdroid_automatically_reproducing_android_application,43,auto_repo_or_dir,downloaded,https://github.com/AndroidTestBugReport/ReCDroid,https://raw.githubusercontent.com/AndroidTestBugReport/ReCDroid/master/Evaluation%20Result/evaluationDataSet.xlsx,data\raw\icse2019_recdroid_automatically_reproducing_android_application\Evaluation_Result__evaluationDataSet.xlsx,200,application/octet-stream,12302,,GitHub repository or directory can be enumerated through the contents API.
icse2019_recdroid_automatically_reproducing_android_application,43,auto_repo_or_dir,downloaded,https://github.com/AndroidTestBugReport/ReCDroid,https://raw.githubusercontent.com/AndroidTestBugReport/ReCDroid/master/Evaluation%20Result/journal-new-data/README.md,data\raw\icse2019_recdroid_automatically_reproducing_android_application\Evaluation_Result__journal-new-data__README.md,200,text/plain; charset=utf-8,1,,GitHub repository or directory can be enumerated through the contents API.
icse2019_recdroid_automatically_reproducing_android_application,43,auto_repo_or_dir,downloaded,https://github.com/AndroidTestBugReport/ReCDroid,https://raw.githubusercontent.com/AndroidTestBugReport/ReCDroid/master/Evaluation%20Result/journal-new-data/apks/README.md,data\raw\icse2019_recdroid_automatically_reproducing_android_application\Evaluation_Result__journal-new-data__apks__README.md,200,text/plain; charset=utf-8,1,,GitHub repository or directory can be enumerated through the contents API.
icse2019_recdroid_automatically_reproducing_android_application,43,auto_repo_or_dir,downloaded,https://github.com/AndroidTestBugReport/ReCDroid,https://raw.githubusercontent.com/AndroidTestBugReport/ReCDroid/master/Evaluation%20Result/journal-new-data/evaluationDataSet%20(1).xlsx,data\raw\icse2019_recdroid_automatically_reproducing_android_application\Evaluation_Result__journal-new-data__evaluationDataSet_1_.xlsx,200,application/octet-stream,13837,,GitHub repository or directory can be enumerated through the contents API.
icse2019_recdroid_automatically_reproducing_android_application,43,auto_repo_or_dir,downloaded,https://github.com/AndroidTestBugReport/ReCDroid,https://raw.githubusercontent.com/AndroidTestBugReport/ReCDroid/master/Evaluation%20Result/journal-new-data/expermenrt%201%20-%204%20good.xlsx,data\raw\icse2019_recdroid_automatically_reproducing_android_application\Evaluation_Result__journal-new-data__expermenrt_1_-_4_good.xlsx,200,application/octet-stream,14716,,GitHub repository or directory can be enumerated through the contents API.
icse2019_recdroid_automatically_reproducing_android_application,43,auto_repo_or_dir,downloaded,https://github.com/AndroidTestBugReport/ReCDroid,https://raw.githubusercontent.com/AndroidTestBugReport/ReCDroid/master/Evaluation%20Result/journal-new-data/experment%201%20-%203%20experts.xlsx,data\raw\icse2019_recdroid_automatically_reproducing_android_application\Evaluation_Result__journal-new-data__experment_1_-_3_experts.xlsx,200,application/octet-stream,12784,,GitHub repository or directory can be enumerated through the contents API.
icse2019_recdroid_automatically_reproducing_android_application,43,auto_repo_or_dir,downloaded,https://github.com/AndroidTestBugReport/ReCDroid,https://raw.githubusercontent.com/AndroidTestBugReport/ReCDroid/master/Evaluation%20Result/journal-new-data/experment%201%20-%205%20new%20learner.xlsx,data\raw\icse2019_recdroid_automatically_reproducing_android_application\Evaluation_Result__journal-new-data__experment_1_-_5_new_learner.xlsx,200,application/octet-stream,13532,,GitHub repository or directory can be enumerated through the contents API.
icse2019_recdroid_automatically_reproducing_android_application,43,auto_repo_or_dir,downloaded,https://github.com/AndroidTestBugReport/ReCDroid,https://raw.githubusercontent.com/AndroidTestBugReport/ReCDroid/master/Evaluation%20Result/userStudyGithub.xlsx,data\raw\icse2019_recdroid_automatically_reproducing_android_application\Evaluation_Result__userStudyGithub.xlsx,200,application/octet-stream,16937,,GitHub repository or directory can be enumerated through the contents API.
icse2019_recdroid_automatically_reproducing_android_application,43,auto_repo_or_dir,downloaded,https://github.com/AndroidTestBugReport/ReCDroid,https://raw.githubusercontent.com/AndroidTestBugReport/ReCDroid/master/README.md,data\raw\icse2019_recdroid_automatically_reproducing_android_application\README.md,200,text/plain; charset=utf-8,8370,,GitHub repository or directory can be enumerated through the contents API.
icse2019_recdroid_automatically_reproducing_android_application,43,auto_repo_or_dir,downloaded,https://github.com/AndroidTestBugReport/ReCDroid,https://raw.githubusercontent.com/AndroidTestBugReport/ReCDroid/master/ReCDroid+/README.md,data\raw\icse2019_recdroid_automatically_reproducing_android_application\ReCDroid___README.md,200,text/plain; charset=utf-8,1949,,GitHub repository or directory can be enumerated through the contents API.
icse2019_recdroid_automatically_reproducing_android_application,43,auto_repo_or_dir,downloaded,https://github.com/AndroidTestBugReport/ReCDroid,https://raw.githubusercontent.com/AndroidTestBugReport/ReCDroid/master/bug%20reports%20analysis/README.md,data\raw\icse2019_recdroid_automatically_reproducing_android_application\bug_reports_analysis__README.md,200,text/plain; charset=utf-8,2688,,GitHub repository or directory can be enumerated through the contents API.
icse2019_recdroid_automatically_reproducing_android_application,43,auto_repo_or_dir,downloaded,https://github.com/AndroidTestBugReport/ReCDroid,https://raw.githubusercontent.com/AndroidTestBugReport/ReCDroid/master/nlp%20pattern/README.md,data\raw\icse2019_recdroid_automatically_reproducing_android_application\nlp_pattern__README.md,200,text/plain; charset=utf-8,224,,GitHub repository or directory can be enumerated through the contents API.
icse2019_recdroid_automatically_reproducing_android_application,43,auto_repo_or_dir,downloaded,https://github.com/AndroidTestBugReport/ReCDroid,https://raw.githubusercontent.com/AndroidTestBugReport/ReCDroid/master/nlp%20pattern/grammar%20patterns.xlsx,data\raw\icse2019_recdroid_automatically_reproducing_android_application\nlp_pattern__grammar_patterns.xlsx,200,application/octet-stream,13279,,GitHub repository or directory can be enumerated through the contents API.
icse2019_recdroid_automatically_reproducing_android_application,43,auto_repo_or_dir,downloaded,https://github.com/AndroidTestBugReport/ReCDroid,https://raw.githubusercontent.com/AndroidTestBugReport/ReCDroid/master/source%20code/README.md,data\raw\icse2019_recdroid_automatically_reproducing_android_application\source_code__README.md,200,text/plain; charset=utf-8,327,,GitHub repository or directory can be enumerated through the contents API.
icse2019_recdroid_automatically_reproducing_android_application,43,auto_repo_or_dir,downloaded,https://github.com/AndroidTestBugReport/ReCDroid,https://raw.githubusercontent.com/AndroidTestBugReport/ReCDroid/master/source%20code/Robotium/BFS_androidtester/README.md,data\raw\icse2019_recdroid_automatically_reproducing_android_application\source_code__Robotium__BFS_androidtester__README.md,200,text/plain; charset=utf-8,20,,GitHub repository or directory can be enumerated through the contents API.
icse2019_recdroid_automatically_reproducing_android_application,43,auto_repo_or_dir,downloaded,https://github.com/AndroidTestBugReport/ReCDroid,https://raw.githubusercontent.com/AndroidTestBugReport/ReCDroid/master/source%20code/Robotium/BFS_androidtester/proguard-project.txt,data\raw\icse2019_recdroid_automatically_reproducing_android_application\source_code__Robotium__BFS_androidtester__proguard-project.txt,200,text/plain; charset=utf-8,781,,GitHub repository or directory can be enumerated through the contents API.
icse2019_recdroid_automatically_reproducing_android_application,43,auto_repo_or_dir,downloaded,https://github.com/AndroidTestBugReport/ReCDroid,https://raw.githubusercontent.com/AndroidTestBugReport/ReCDroid/master/source%20code/Robotium/BFScommander/README.md,data\raw\icse2019_recdroid_automatically_reproducing_android_application\source_code__Robotium__BFScommander__README.md,200,text/plain; charset=utf-8,23,,GitHub repository or directory can be enumerated through the contents API.
icse2019_recdroid_automatically_reproducing_android_application,43,auto_repo_or_dir,downloaded,https://github.com/AndroidTestBugReport/ReCDroid,https://raw.githubusercontent.com/AndroidTestBugReport/ReCDroid/master/source%20code/Uiautomator/BFScommander_ui/README.md,data\raw\icse2019_recdroid_automatically_reproducing_android_application\source_code__Uiautomator__BFScommander_ui__README.md,200,text/plain; charset=utf-8,23,,GitHub repository or directory can be enumerated through the contents API.
msr2019_a_dataset_of_non_functional,45,auto_repo_or_dir,failed,https://github.com/ualberta-smr/NFBugs,https://api.github.com/repos/ualberta-smr/NFBugs/contents,,,,0,URLError: <urlopen error [SSL: UNEXPECTED_EOF_WHILE_READING] EOF occurred in violation of protocol (_ssl.c:1028)>,GitHub repository or directory can be enumerated through the contents API.
msr2019_a_benchmark_of_data_loss,46,auto_repo_or_dir,failed,https://gitlab.com/learnERC/DataLossRepository,,,,,0,https://gitlab.com/learnERC/DataLossRepository/-/archive/main/DataLossRepository-main.zip: HTTPError: HTTP Error 404: Not Found; https://gitlab.com/learnERC/DataLossRepository/-/archive/master/DataLossRepository-master.zip: RuntimeError: Download exceeded max_bytes (525336576 > 524288000),GitLab repository can be downloaded as an archive.
issta2018_an_empirical_study_on_tensorflow,47,auto_repo_or_dir,downloaded,https://github.com/ForeverZyh/TensorFlow-Program-Bugs/tree/master/Datasets,https://raw.githubusercontent.com/ForeverZyh/TensorFlow-Program-Bugs/master/Datasets/vgg_face2.zip,data\raw\issta2018_an_empirical_study_on_tensorflow\Datasets__vgg_face2.zip,200,application/zip,70635991,,GitHub repository or directory can be enumerated through the contents API.
ase2018_how_many_of_all_bugs,49,auto_repo_or_dir,failed,https://github.com/rjust/defects4j,https://api.github.com/repos/rjust/defects4j/contents,,,,0,URLError: <urlopen error [SSL: UNEXPECTED_EOF_WHILE_READING] EOF occurred in violation of protocol (_ssl.c:1028)>,GitHub repository or directory can be enumerated through the contents API.
ase2018_perflearner_learning_from_bug_reports,50,auto_repo_or_dir,downloaded,https://github.com/xha225/PerfLearner,https://raw.githubusercontent.com/xha225/PerfLearner/master/Code/README.md,data\raw\ase2018_perflearner_learning_from_bug_reports\Code__README.md,200,text/plain; charset=utf-8,540,,GitHub repository or directory can be enumerated through the contents API.
ase2018_perflearner_learning_from_bug_reports,50,auto_repo_or_dir,downloaded,https://github.com/xha225/PerfLearner,https://raw.githubusercontent.com/xha225/PerfLearner/master/README.md,data\raw\ase2018_perflearner_learning_from_bug_reports\README.md,200,text/plain; charset=utf-8,706,,GitHub repository or directory can be enumerated through the contents API.
msr2018_bugs_jar_a_large_scale,51,auto_repo_or_dir,downloaded,https://github.com/bugs-dot-jar/bugs-dot-jar,https://raw.githubusercontent.com/bugs-dot-jar/bugs-dot-jar/master/README.md,data\raw\msr2018_bugs_jar_a_large_scale\README.md,200,text/plain; charset=utf-8,3987,,GitHub repository or directory can be enumerated through the contents API.
