record_id,paper_id,source_project,issue_url,title,body,comments,created_at,updated_at,state,symptom,root_cause,bug_type,component,sub_component,trigger_condition,consequence,fix_type,severity_or_impact,original_label_json,source_file,source_sheet,source_row_index
icse2023_an_empirical_study_on_bugs:0aae5f14692a6404,icse2023_an_empirical_study_on_bugs,pytorch,https://github.com/pytorch/pytorch/issues/598,PyTorch issue 598,,,,,,Functional error,Algorithm,,Test,,,,Isolated,,"{""Component"": ""Test"", ""Fix URL"": ""https://github.com/pytorch/pytorch/pull/46163"", ""Issue #"": ""598"", ""Issue URL"": ""https://github.com/pytorch/pytorch/issues/598"", ""Repair pattern"": ""Isolated"", ""Root cause"": ""Algorithm"", ""Symptom"": ""Functional error""}",data/raw_stage1/icse2023_an_empirical_study_on_bugs/PyTorchBugDataset.xlsx,Dataset,0
icse2023_an_empirical_study_on_bugs:55668d4ebb6d7676,icse2023_an_empirical_study_on_bugs,pytorch,https://github.com/pytorch/pytorch/issues/973,PyTorch issue 973,,,,,,Crash,Algorithm,,Tools,,,,Exception adder,,"{""Component"": ""Tools"", ""Fix URL"": ""https://github.com/pytorch/pytorch/pull/34768"", ""Issue #"": ""973"", ""Issue URL"": ""https://github.com/pytorch/pytorch/issues/973"", ""Repair pattern"": ""Exception adder"", ""Root cause"": ""Algorithm"", ""Symptom"": ""Crash""}",data/raw_stage1/icse2023_an_empirical_study_on_bugs/PyTorchBugDataset.xlsx,Dataset,1
icse2023_an_empirical_study_on_bugs:ea64a0f0d7d52bd9,icse2023_an_empirical_study_on_bugs,pytorch,https://github.com/pytorch/pytorch/issues/3307,PyTorch issue 3307,,,,,,Functional error,Logic error,,Framework,,,,Initializer modifier,,"{""Component"": ""Framework"", ""Fix URL"": ""https://github.com/pytorch/pytorch/pull/50663"", ""Issue #"": ""3307"", ""Issue URL"": ""https://github.com/pytorch/pytorch/issues/3307"", ""Repair pattern"": ""Initializer modifier"", ""Root cause"": ""Logic error"", ""Symptom"": ""Functional error""}",data/raw_stage1/icse2023_an_empirical_study_on_bugs/PyTorchBugDataset.xlsx,Dataset,2
icse2023_an_empirical_study_on_bugs:215937c06c4b23c6,icse2023_an_empirical_study_on_bugs,pytorch,https://github.com/pytorch/pytorch/issues/4320,PyTorch issue 4320,,,,,,Crash,Inconsistency,,Computation graph,,,,Parameter modifier,,"{""Component"": ""Computation graph"", ""Fix URL"": ""https://github.com/pytorch/pytorch/pull/45468"", ""Issue #"": ""4320"", ""Issue URL"": ""https://github.com/pytorch/pytorch/issues/4320"", ""Repair pattern"": ""Parameter modifier"", ""Root cause"": ""Inconsistency"", ""Symptom"": ""Crash""}",data/raw_stage1/icse2023_an_empirical_study_on_bugs/PyTorchBugDataset.xlsx,Dataset,3
icse2023_an_empirical_study_on_bugs:d81e10d1898d0639,icse2023_an_empirical_study_on_bugs,pytorch,https://github.com/pytorch/pytorch/issues/5059,PyTorch issue 5059,,,,,,Functional error,Algorithm,,Tools,,,,Isolated,,"{""Component"": ""Tools"", ""Fix URL"": ""https://github.com/pytorch/pytorch/pull/56488"", ""Issue #"": ""5059"", ""Issue URL"": ""https://github.com/pytorch/pytorch/issues/5059"", ""Repair pattern"": ""Isolated"", ""Root cause"": ""Algorithm"", ""Symptom"": ""Functional error""}",data/raw_stage1/icse2023_an_empirical_study_on_bugs/PyTorchBugDataset.xlsx,Dataset,4
icse2023_an_empirical_study_on_bugs:2fc343e8a15c8e14,icse2023_an_empirical_study_on_bugs,pytorch,https://github.com/pytorch/pytorch/issues/8817,PyTorch issue 8817,,,,,,Performance degradation,Inconsistency,,"CUDA, Core",,,,Isolated,,"{""Component"": ""CUDA, Core"", ""Fix URL"": ""https://github.com/pytorch/pytorch/pull/26181"", ""Issue #"": ""8817"", ""Issue URL"": ""https://github.com/pytorch/pytorch/issues/8817"", ""Repair pattern"": ""Isolated"", ""Root cause"": ""Inconsistency"", ""Symptom"": ""Performance degradation""}",data/raw_stage1/icse2023_an_empirical_study_on_bugs/PyTorchBugDataset.xlsx,Dataset,5
icse2023_an_empirical_study_on_bugs:db9903ae246f23c3,icse2023_an_empirical_study_on_bugs,pytorch,https://github.com/pytorch/pytorch/issues/9922,PyTorch issue 9922,,,,,,Functional error,Inconsistency,,Test,,,,Isolated,,"{""Component"": ""Test"", ""Fix URL"": ""https://github.com/pytorch/pytorch/commit/a3a2150409472fe6fa66f3abe9e795303786252c"", ""Issue #"": ""9922"", ""Issue URL"": ""https://github.com/pytorch/pytorch/issues/9922"", ""Repair pattern"": ""Isolated"", ""Root cause"": ""Inconsistency"", ""Symptom"": ""Functional error""}",data/raw_stage1/icse2023_an_empirical_study_on_bugs/PyTorchBugDataset.xlsx,Dataset,6
icse2023_an_empirical_study_on_bugs:39e0ec392babdfc9,icse2023_an_empirical_study_on_bugs,pytorch,https://github.com/pytorch/pytorch/issues/11030,PyTorch issue 11030,,,,,,Crash,Inconsistency,,Core,,,,Isolated,,"{""Component"": ""Core"", ""Fix URL"": ""https://github.com/pytorch/pytorch/commit/6251c563eb1b02ea0ad76271e0f8a0e378348f00"", ""Issue #"": ""11030"", ""Issue URL"": ""https://github.com/pytorch/pytorch/issues/11030"", ""Repair pattern"": ""Isolated"", ""Root cause"": ""Inconsistency"", ""Symptom"": ""Crash""}",data/raw_stage1/icse2023_an_empirical_study_on_bugs/PyTorchBugDataset.xlsx,Dataset,7
icse2023_an_empirical_study_on_bugs:033db0d60e08c314,icse2023_an_empirical_study_on_bugs,pytorch,https://github.com/pytorch/pytorch/issues/16532,PyTorch issue 16532,,,,,,Crash,Corner case,,Computation graph,,,,Isolated,,"{""Component"": ""Computation graph"", ""Fix URL"": ""https://github.com/pytorch/pytorch/pull/22983"", ""Issue #"": ""16532"", ""Issue URL"": ""https://github.com/pytorch/pytorch/issues/16532"", ""Repair pattern"": ""Isolated"", ""Root cause"": ""Corner case"", ""Symptom"": ""Crash""}",data/raw_stage1/icse2023_an_empirical_study_on_bugs/PyTorchBugDataset.xlsx,Dataset,8
icse2023_an_empirical_study_on_bugs:68f8906a3506863e,icse2023_an_empirical_study_on_bugs,pytorch,https://github.com/pytorch/pytorch/issues/18215,PyTorch issue 18215,,,,,,Functional error,Logic error,,Core,,,,Isolated,,"{""Component"": ""Core"", ""Fix URL"": ""https://github.com/pytorch/pytorch/pull/23298"", ""Issue #"": ""18215"", ""Issue URL"": ""https://github.com/pytorch/pytorch/issues/18215"", ""Repair pattern"": ""Isolated"", ""Root cause"": ""Logic error"", ""Symptom"": ""Functional error""}",data/raw_stage1/icse2023_an_empirical_study_on_bugs/PyTorchBugDataset.xlsx,Dataset,9
icse2023_an_empirical_study_on_bugs:25568a7729447e9a,icse2023_an_empirical_study_on_bugs,pytorch,https://github.com/pytorch/pytorch/issues/18853,PyTorch issue 18853,,,,,,Crash,Inconsistency,,Documentation,,,,Isolated,,"{""Component"": ""Documentation"", ""Fix URL"": ""https://github.com/pytorch/pytorch/commit/bd0ef784e0afd1b19dd89775d3c31f03de84afe0"", ""Issue #"": ""18853"", ""Issue URL"": ""https://github.com/pytorch/pytorch/issues/18853"", ""Repair pattern"": ""Isolated"", ""Root cause"": ""Inconsistency"", ""Symptom"": ""Crash""}",data/raw_stage1/icse2023_an_empirical_study_on_bugs/PyTorchBugDataset.xlsx,Dataset,10
icse2023_an_empirical_study_on_bugs:5a3dcc384cf4bd0c,icse2023_an_empirical_study_on_bugs,pytorch,https://github.com/pytorch/pytorch/issues/19363,PyTorch issue 19363,,,,,,Crash,Logic error,,NN modules,,,,Isolated,,"{""Component"": ""NN modules"", ""Fix URL"": ""https://github.com/pytorch/pytorch/pull/20190"", ""Issue #"": ""19363"", ""Issue URL"": ""https://github.com/pytorch/pytorch/issues/19363"", ""Repair pattern"": ""Isolated"", ""Root cause"": ""Logic error"", ""Symptom"": ""Crash""}",data/raw_stage1/icse2023_an_empirical_study_on_bugs/PyTorchBugDataset.xlsx,Dataset,11
icse2023_an_empirical_study_on_bugs:01232a6caa1f6823,icse2023_an_empirical_study_on_bugs,pytorch,https://github.com/pytorch/pytorch/issues/20028,PyTorch issue 20028,,,,,,Functional error,Inconsistency,,Documentation,,,,Isolated,,"{""Component"": ""Documentation"", ""Fix URL"": ""https://github.com/pytorch/pytorch/commit/38e4766349338174c126a65bc8c241c8f37a7785"", ""Issue #"": ""20028"", ""Issue URL"": ""https://github.com/pytorch/pytorch/issues/20028"", ""Repair pattern"": ""Isolated"", ""Root cause"": ""Inconsistency"", ""Symptom"": ""Functional error""}",data/raw_stage1/icse2023_an_empirical_study_on_bugs/PyTorchBugDataset.xlsx,Dataset,12
icse2023_an_empirical_study_on_bugs:b4acc205417d8abe,icse2023_an_empirical_study_on_bugs,pytorch,https://github.com/pytorch/pytorch/issues/20156,PyTorch issue 20156,,,,,,Performance degradation,Concurrency,,Core,,,,Isolated,,"{""Component"": ""Core"", ""Fix URL"": ""https://github.com/pytorch/pytorch/pull/37461"", ""Issue #"": ""20156"", ""Issue URL"": ""https://github.com/pytorch/pytorch/issues/20156"", ""Repair pattern"": ""Isolated"", ""Root cause"": ""Concurrency"", ""Symptom"": ""Performance degradation""}",data/raw_stage1/icse2023_an_empirical_study_on_bugs/PyTorchBugDataset.xlsx,Dataset,13
icse2023_an_empirical_study_on_bugs:df9270dd424c1382,icse2023_an_empirical_study_on_bugs,pytorch,https://github.com/pytorch/pytorch/issues/20457,PyTorch issue 20457,,,,,,Crash,Inconsistency,,"Core, Computation graph",,,,Isolated,,"{""Component"": ""Core, Computation graph"", ""Fix URL"": ""https://github.com/pytorch/pytorch/pull/20557"", ""Issue #"": ""20457"", ""Issue URL"": ""https://github.com/pytorch/pytorch/issues/20457"", ""Repair pattern"": ""Isolated"", ""Root cause"": ""Inconsistency"", ""Symptom"": ""Crash""}",data/raw_stage1/icse2023_an_empirical_study_on_bugs/PyTorchBugDataset.xlsx,Dataset,14
icse2023_an_empirical_study_on_bugs:f52f9633865af8b2,icse2023_an_empirical_study_on_bugs,pytorch,https://github.com/pytorch/pytorch/issues/20522,PyTorch issue 20522,,,,,,Crash,Algorithm,,Cuda,,,,Initializer modifier,,"{""Component"": ""Cuda"", ""Fix URL"": ""https://github.com/pytorch/pytorch/commit/aa42742df0ea7bee8281f15265efae0351ebfbdc"", ""Issue #"": ""20522"", ""Issue URL"": ""https://github.com/pytorch/pytorch/issues/20522"", ""Repair pattern"": ""Initializer modifier"", ""Root cause"": ""Algorithm"", ""Symptom"": ""Crash""}",data/raw_stage1/icse2023_an_empirical_study_on_bugs/PyTorchBugDataset.xlsx,Dataset,15
icse2023_an_empirical_study_on_bugs:24e927449cc826d8,icse2023_an_empirical_study_on_bugs,pytorch,https://github.com/pytorch/pytorch/issues/20630,PyTorch issue 20630,,,,,,Crash,Inconsistency,,API,,,,Configuration,,"{""Component"": ""API"", ""Fix URL"": ""https://github.com/pytorch/pytorch/pull/20882"", ""Issue #"": ""20630"", ""Issue URL"": ""https://github.com/pytorch/pytorch/issues/20630"", ""Repair pattern"": ""Configuration"", ""Root cause"": ""Inconsistency"", ""Symptom"": ""Crash""}",data/raw_stage1/icse2023_an_empirical_study_on_bugs/PyTorchBugDataset.xlsx,Dataset,16
icse2023_an_empirical_study_on_bugs:f6dedeb5a6fb4275,icse2023_an_empirical_study_on_bugs,pytorch,https://github.com/pytorch/pytorch/issues/20642,PyTorch issue 20642,,,,,,Build failure,Logic error,,Core,,,,Isolated,,"{""Component"": ""Core"", ""Fix URL"": ""https://github.com/pytorch/pytorch/pull/20853"", ""Issue #"": ""20642"", ""Issue URL"": ""https://github.com/pytorch/pytorch/issues/20642"", ""Repair pattern"": ""Isolated"", ""Root cause"": ""Logic error"", ""Symptom"": ""Build failure""}",data/raw_stage1/icse2023_an_empirical_study_on_bugs/PyTorchBugDataset.xlsx,Dataset,17
icse2023_an_empirical_study_on_bugs:2742f8a4d81978c2,icse2023_an_empirical_study_on_bugs,pytorch,https://github.com/pytorch/pytorch/issues/20755,PyTorch issue 20755,,,,,,Crash,Type confusion,,Core,,,,Condition replacer,,"{""Component"": ""Core"", ""Fix URL"": ""https://github.com/pytorch/pytorch/pull/20759"", ""Issue #"": ""20755"", ""Issue URL"": ""https://github.com/pytorch/pytorch/issues/20755"", ""Repair pattern"": ""Condition replacer"", ""Root cause"": ""Type confusion"", ""Symptom"": ""Crash""}",data/raw_stage1/icse2023_an_empirical_study_on_bugs/PyTorchBugDataset.xlsx,Dataset,18
icse2023_an_empirical_study_on_bugs:aee1dceb2e44ec85,icse2023_an_empirical_study_on_bugs,pytorch,https://github.com/pytorch/pytorch/issues/20785,PyTorch issue 20785,,,,,,Functional error,Algorithm,,"Core, Computation graph",,,,Isolated,,"{""Component"": ""Core, Computation graph"", ""Fix URL"": ""https://github.com/pytorch/pytorch/pull/24929"", ""Issue #"": ""20785"", ""Issue URL"": ""https://github.com/pytorch/pytorch/issues/20785"", ""Repair pattern"": ""Isolated"", ""Root cause"": ""Algorithm"", ""Symptom"": ""Functional error""}",data/raw_stage1/icse2023_an_empirical_study_on_bugs/PyTorchBugDataset.xlsx,Dataset,19
icse2023_an_empirical_study_on_bugs:5a3747e49fb70828,icse2023_an_empirical_study_on_bugs,pytorch,https://github.com/pytorch/pytorch/issues/20888,PyTorch issue 20888,,,,,,Functional error,Corner case,,Core,,,,Value checker,,"{""Component"": ""Core"", ""Fix URL"": ""https://github.com/pytorch/pytorch/pull/21019"", ""Issue #"": ""20888"", ""Issue URL"": ""https://github.com/pytorch/pytorch/issues/20888"", ""Repair pattern"": ""Value checker"", ""Root cause"": ""Corner case"", ""Symptom"": ""Functional error""}",data/raw_stage1/icse2023_an_empirical_study_on_bugs/PyTorchBugDataset.xlsx,Dataset,20
icse2023_an_empirical_study_on_bugs:3f28ebc47064f65b,icse2023_an_empirical_study_on_bugs,pytorch,https://github.com/pytorch/pytorch/issues/21261,PyTorch issue 21261,,,,,,Crash,Type confusion,,Tools,,,,Parameter modifier,,"{""Component"": ""Tools"", ""Fix URL"": ""https://github.com/pytorch/pytorch/pull/21285"", ""Issue #"": ""21261"", ""Issue URL"": ""https://github.com/pytorch/pytorch/issues/21261"", ""Repair pattern"": ""Parameter modifier"", ""Root cause"": ""Type confusion"", ""Symptom"": ""Crash""}",data/raw_stage1/icse2023_an_empirical_study_on_bugs/PyTorchBugDataset.xlsx,Dataset,21
icse2023_an_empirical_study_on_bugs:f2760512ca863147,icse2023_an_empirical_study_on_bugs,pytorch,https://github.com/pytorch/pytorch/issues/21344,PyTorch issue 21344,,,,,,Crash,Algorithm,,Core,,,,Isolated,,"{""Component"": ""Core"", ""Fix URL"": ""https://github.com/pytorch/pytorch/pull/21591"", ""Issue #"": ""21344"", ""Issue URL"": ""https://github.com/pytorch/pytorch/issues/21344"", ""Repair pattern"": ""Isolated"", ""Root cause"": ""Algorithm"", ""Symptom"": ""Crash""}",data/raw_stage1/icse2023_an_empirical_study_on_bugs/PyTorchBugDataset.xlsx,Dataset,22
icse2023_an_empirical_study_on_bugs:a44add03f1031803,icse2023_an_empirical_study_on_bugs,pytorch,https://github.com/pytorch/pytorch/issues/21821,PyTorch issue 21821,,,,,,Functional error,Inconsistency,,Cuda,,,,Isolated,,"{""Component"": ""Cuda"", ""Fix URL"": ""https://github.com/pytorch/pytorch/pull/36605"", ""Issue #"": ""21821"", ""Issue URL"": ""https://github.com/pytorch/pytorch/issues/21821"", ""Repair pattern"": ""Isolated"", ""Root cause"": ""Inconsistency"", ""Symptom"": ""Functional error""}",data/raw_stage1/icse2023_an_empirical_study_on_bugs/PyTorchBugDataset.xlsx,Dataset,23
icse2023_an_empirical_study_on_bugs:4e3bfa5a80f1873e,icse2023_an_empirical_study_on_bugs,pytorch,https://github.com/pytorch/pytorch/issues/21935,PyTorch issue 21935,,,,,,Functional error,Corner case,,Core,,,,Method replacer,,"{""Component"": ""Core"", ""Fix URL"": ""https://github.com/pytorch/pytorch/pull/22304"", ""Issue #"": ""21935"", ""Issue URL"": ""https://github.com/pytorch/pytorch/issues/21935"", ""Repair pattern"": ""Method replacer"", ""Root cause"": ""Corner case"", ""Symptom"": ""Functional error""}",data/raw_stage1/icse2023_an_empirical_study_on_bugs/PyTorchBugDataset.xlsx,Dataset,24
icse2023_an_empirical_study_on_bugs:f986f7224126e5e3,icse2023_an_empirical_study_on_bugs,pytorch,https://github.com/pytorch/pytorch/issues/22301,PyTorch issue 22301,,,,,,Functional error,Type confusion,,Core,,,,Isolated,,"{""Component"": ""Core"", ""Fix URL"": ""https://github.com/pytorch/pytorch/pull/25998"", ""Issue #"": ""22301"", ""Issue URL"": ""https://github.com/pytorch/pytorch/issues/22301"", ""Repair pattern"": ""Isolated"", ""Root cause"": ""Type confusion"", ""Symptom"": ""Functional error""}",data/raw_stage1/icse2023_an_empirical_study_on_bugs/PyTorchBugDataset.xlsx,Dataset,25
icse2023_an_empirical_study_on_bugs:473dc9f47ad80125,icse2023_an_empirical_study_on_bugs,pytorch,https://github.com/pytorch/pytorch/issues/22389,PyTorch issue 22389,,,,,,Build failure,Configuration error,,Framework,,,,Referenced type modifier,,"{""Component"": ""Framework"", ""Fix URL"": ""https://github.com/pytorch/pytorch/pull/23023"", ""Issue #"": ""22389"", ""Issue URL"": ""https://github.com/pytorch/pytorch/issues/22389"", ""Repair pattern"": ""Referenced type modifier"", ""Root cause"": ""Configuration error"", ""Symptom"": ""Build failure""}",data/raw_stage1/icse2023_an_empirical_study_on_bugs/PyTorchBugDataset.xlsx,Dataset,26
icse2023_an_empirical_study_on_bugs:c541f56ed82f4a4b,icse2023_an_empirical_study_on_bugs,pytorch,https://github.com/pytorch/pytorch/issues/22534,PyTorch issue 22534,,,,,,Crash,Logic error,,Test,,,,Isolated,,"{""Component"": ""Test"", ""Fix URL"": ""https://github.com/pytorch/pytorch/pull/34454"", ""Issue #"": ""22534"", ""Issue URL"": ""https://github.com/pytorch/pytorch/issues/22534"", ""Repair pattern"": ""Isolated"", ""Root cause"": ""Logic error"", ""Symptom"": ""Crash""}",data/raw_stage1/icse2023_an_empirical_study_on_bugs/PyTorchBugDataset.xlsx,Dataset,27
icse2023_an_empirical_study_on_bugs:699948e65b39c9e1,icse2023_an_empirical_study_on_bugs,pytorch,https://github.com/pytorch/pytorch/issues/22615,PyTorch issue 22615,,,,,,Crash,Type confusion,,Core,,,,Condition replacer,,"{""Component"": ""Core"", ""Fix URL"": ""https://github.com/pytorch/pytorch/pull/25139"", ""Issue #"": ""22615"", ""Issue URL"": ""https://github.com/pytorch/pytorch/issues/22615"", ""Repair pattern"": ""Condition replacer"", ""Root cause"": ""Type confusion"", ""Symptom"": ""Crash""}",data/raw_stage1/icse2023_an_empirical_study_on_bugs/PyTorchBugDataset.xlsx,Dataset,28
icse2023_an_empirical_study_on_bugs:cb9422039cefa43c,icse2023_an_empirical_study_on_bugs,pytorch,https://github.com/pytorch/pytorch/issues/22833,PyTorch issue 22833,,,,,,Functional error,Logic error,,Core,,,,Isolated,,"{""Component"": ""Core"", ""Fix URL"": ""https://github.com/pytorch/pytorch/pull/23372"", ""Issue #"": ""22833"", ""Issue URL"": ""https://github.com/pytorch/pytorch/issues/22833"", ""Repair pattern"": ""Isolated"", ""Root cause"": ""Logic error"", ""Symptom"": ""Functional error""}",data/raw_stage1/icse2023_an_empirical_study_on_bugs/PyTorchBugDataset.xlsx,Dataset,29
icse2023_an_empirical_study_on_bugs:f583e6292fd7d7c3,icse2023_an_empirical_study_on_bugs,pytorch,https://github.com/pytorch/pytorch/issues/23603,PyTorch issue 23603,,,,,,Crash,Logic error,,Core,,,,Value checker,,"{""Component"": ""Core"", ""Fix URL"": ""https://github.com/pytorch/pytorch/pull/23766"", ""Issue #"": ""23603"", ""Issue URL"": ""https://github.com/pytorch/pytorch/issues/23603"", ""Repair pattern"": ""Value checker"", ""Root cause"": ""Logic error"", ""Symptom"": ""Crash""}",data/raw_stage1/icse2023_an_empirical_study_on_bugs/PyTorchBugDataset.xlsx,Dataset,30
icse2023_an_empirical_study_on_bugs:b58fa5e648caf399,icse2023_an_empirical_study_on_bugs,pytorch,https://github.com/pytorch/pytorch/issues/24035,PyTorch issue 24035,,,,,,Crash,Type confusion,,Core,,,,Method replacer,,"{""Component"": ""Core"", ""Fix URL"": ""https://github.com/pytorch/pytorch/commit/4358cbe01b55673556208ade69287acba64ca19b"", ""Issue #"": ""24035"", ""Issue URL"": ""https://github.com/pytorch/pytorch/issues/24035"", ""Repair pattern"": ""Method replacer"", ""Root cause"": ""Type confusion"", ""Symptom"": ""Crash""}",data/raw_stage1/icse2023_an_empirical_study_on_bugs/PyTorchBugDataset.xlsx,Dataset,31
icse2023_an_empirical_study_on_bugs:aab14cf9da5a48b0,icse2023_an_empirical_study_on_bugs,pytorch,https://github.com/pytorch/pytorch/issues/24137,PyTorch issue 24137,,,,,,Crash,Type confusion,,Framework,,,,Isolated,,"{""Component"": ""Framework"", ""Fix URL"": ""https://github.com/pytorch/pytorch/pull/41318"", ""Issue #"": ""24137"", ""Issue URL"": ""https://github.com/pytorch/pytorch/issues/24137"", ""Repair pattern"": ""Isolated"", ""Root cause"": ""Type confusion"", ""Symptom"": ""Crash""}",data/raw_stage1/icse2023_an_empirical_study_on_bugs/PyTorchBugDataset.xlsx,Dataset,32
icse2023_an_empirical_study_on_bugs:d315d9220fafb616,icse2023_an_empirical_study_on_bugs,pytorch,https://github.com/pytorch/pytorch/issues/24175,PyTorch issue 24175,,,,,,Build failure,Referenced types error,,Framework,,,,Referenced type modifier,,"{""Component"": ""Framework"", ""Fix URL"": ""https://github.com/pytorch/pytorch/pull/24295"", ""Issue #"": ""24175"", ""Issue URL"": ""https://github.com/pytorch/pytorch/issues/24175"", ""Repair pattern"": ""Referenced type modifier"", ""Root cause"": ""Referenced types error"", ""Symptom"": ""Build failure""}",data/raw_stage1/icse2023_an_empirical_study_on_bugs/PyTorchBugDataset.xlsx,Dataset,33
icse2023_an_empirical_study_on_bugs:691447dbacec4ea9,icse2023_an_empirical_study_on_bugs,pytorch,https://github.com/pytorch/pytorch/issues/24200,PyTorch issue 24200,,,,,,Performance degradation,Processing,,Core,,,,Type replacer,,"{""Component"": ""Core"", ""Fix URL"": ""https://github.com/pytorch/pytorch/pull/24267"", ""Issue #"": ""24200"", ""Issue URL"": ""https://github.com/pytorch/pytorch/issues/24200"", ""Repair pattern"": ""Type replacer"", ""Root cause"": ""Processing"", ""Symptom"": ""Performance degradation""}",data/raw_stage1/icse2023_an_empirical_study_on_bugs/PyTorchBugDataset.xlsx,Dataset,34
icse2023_an_empirical_study_on_bugs:21f4582126fb0725,icse2023_an_empirical_study_on_bugs,pytorch,https://github.com/pytorch/pytorch/issues/24504,PyTorch issue 24504,,,,,,Functional error,Algorithm,,Core,,,,Isolated,,"{""Component"": ""Core"", ""Fix URL"": ""https://github.com/pytorch/pytorch/commit/7b547f086fbef74dd2e9c07f4392da3a2d3266b4"", ""Issue #"": ""24504"", ""Issue URL"": ""https://github.com/pytorch/pytorch/issues/24504"", ""Repair pattern"": ""Isolated"", ""Root cause"": ""Algorithm"", ""Symptom"": ""Functional error""}",data/raw_stage1/icse2023_an_empirical_study_on_bugs/PyTorchBugDataset.xlsx,Dataset,35
icse2023_an_empirical_study_on_bugs:b934705691ae44f3,icse2023_an_empirical_study_on_bugs,pytorch,https://github.com/pytorch/pytorch/issues/24802,PyTorch issue 24802,,,,,,Functional error,Algorithm,,Core,,,,Isolated,,"{""Component"": ""Core"", ""Fix URL"": ""https://github.com/pytorch/pytorch/commit/68b9daa9bf1694bc481c48b5bffdc5100e0c278c"", ""Issue #"": ""24802"", ""Issue URL"": ""https://github.com/pytorch/pytorch/issues/24802"", ""Repair pattern"": ""Isolated"", ""Root cause"": ""Algorithm"", ""Symptom"": ""Functional error""}",data/raw_stage1/icse2023_an_empirical_study_on_bugs/PyTorchBugDataset.xlsx,Dataset,36
icse2023_an_empirical_study_on_bugs:bdbc660249e6efe6,icse2023_an_empirical_study_on_bugs,pytorch,https://github.com/pytorch/pytorch/issues/24807,PyTorch issue 24807,,,,,,Functional error,Inconsistency,,"Framework, Computation graph",,,,Referenced type modifier,,"{""Component"": ""Framework, Computation graph"", ""Fix URL"": ""https://github.com/pytorch/pytorch/pull/53424"", ""Issue #"": ""24807"", ""Issue URL"": ""https://github.com/pytorch/pytorch/issues/24807"", ""Repair pattern"": ""Referenced type modifier"", ""Root cause"": ""Inconsistency"", ""Symptom"": ""Functional error""}",data/raw_stage1/icse2023_an_empirical_study_on_bugs/PyTorchBugDataset.xlsx,Dataset,37
icse2023_an_empirical_study_on_bugs:f2d4ab481a02696c,icse2023_an_empirical_study_on_bugs,pytorch,https://github.com/pytorch/pytorch/issues/25010,PyTorch issue 25010,,,,,,Performance degradation,Corner case,,Tools,,,,Initializer modifier,,"{""Component"": ""Tools"", ""Fix URL"": ""https://github.com/pytorch/pytorch/pull/25111"", ""Issue #"": ""25010"", ""Issue URL"": ""https://github.com/pytorch/pytorch/issues/25010"", ""Repair pattern"": ""Initializer modifier"", ""Root cause"": ""Corner case"", ""Symptom"": ""Performance degradation""}",data/raw_stage1/icse2023_an_empirical_study_on_bugs/PyTorchBugDataset.xlsx,Dataset,38
icse2023_an_empirical_study_on_bugs:600098a715705d8b,icse2023_an_empirical_study_on_bugs,pytorch,https://github.com/pytorch/pytorch/issues/26038,PyTorch issue 26038,,,,,,Crash,Inconsistency,,Computation graph,,,,Configuration,,"{""Component"": ""Computation graph"", ""Fix URL"": ""https://github.com/pytorch/pytorch/pull/26980"", ""Issue #"": ""26038"", ""Issue URL"": ""https://github.com/pytorch/pytorch/issues/26038"", ""Repair pattern"": ""Configuration"", ""Root cause"": ""Inconsistency"", ""Symptom"": ""Crash""}",data/raw_stage1/icse2023_an_empirical_study_on_bugs/PyTorchBugDataset.xlsx,Dataset,39
icse2023_an_empirical_study_on_bugs:e0b062e7970bc8a1,icse2023_an_empirical_study_on_bugs,pytorch,https://github.com/pytorch/pytorch/issues/26302,PyTorch issue 26302,,,,,,Functional error,Logic error,,Cuda,,,,Value checker,,"{""Component"": ""Cuda"", ""Fix URL"": ""https://github.com/pytorch/pytorch/pull/27731/commits/5298a216498237b804df1a95c282073b9ecf4e90"", ""Issue #"": ""26302"", ""Issue URL"": ""https://github.com/pytorch/pytorch/issues/26302"", ""Repair pattern"": ""Value checker"", ""Root cause"": ""Logic error"", ""Symptom"": ""Functional error""}",data/raw_stage1/icse2023_an_empirical_study_on_bugs/PyTorchBugDataset.xlsx,Dataset,40
icse2023_an_empirical_study_on_bugs:09359e0e65d96bbc,icse2023_an_empirical_study_on_bugs,pytorch,https://github.com/pytorch/pytorch/issues/26304,PyTorch issue 26304,,,,,,Build failure,Corner case,,Config,,,,Isolated,,"{""Component"": ""Config"", ""Fix URL"": ""https://github.com/pytorch/pytorch/pull/36938"", ""Issue #"": ""26304"", ""Issue URL"": ""https://github.com/pytorch/pytorch/issues/26304"", ""Repair pattern"": ""Isolated"", ""Root cause"": ""Corner case"", ""Symptom"": ""Build failure""}",data/raw_stage1/icse2023_an_empirical_study_on_bugs/PyTorchBugDataset.xlsx,Dataset,41
icse2023_an_empirical_study_on_bugs:754acffc5348f139,icse2023_an_empirical_study_on_bugs,pytorch,https://github.com/pytorch/pytorch/issues/26333,PyTorch issue 26333,,,,,,Crash,Logic error,,Test,,,,Isolated,,"{""Component"": ""Test"", ""Fix URL"": ""https://github.com/pytorch/pytorch/pull/27423"", ""Issue #"": ""26333"", ""Issue URL"": ""https://github.com/pytorch/pytorch/issues/26333"", ""Repair pattern"": ""Isolated"", ""Root cause"": ""Logic error"", ""Symptom"": ""Crash""}",data/raw_stage1/icse2023_an_empirical_study_on_bugs/PyTorchBugDataset.xlsx,Dataset,42
icse2023_an_empirical_study_on_bugs:ed2fd3f55909b5d8,icse2023_an_empirical_study_on_bugs,pytorch,https://github.com/pytorch/pytorch/issues/26596,PyTorch issue 26596,,,,,,Crash,Inconsistency,,Documentation,,,,Isolated,,"{""Component"": ""Documentation"", ""Fix URL"": ""https://github.com/pytorch/pytorch/commit/ed1552a48fb68c4a92821c14751fc63e3428800a"", ""Issue #"": ""26596"", ""Issue URL"": ""https://github.com/pytorch/pytorch/issues/26596"", ""Repair pattern"": ""Isolated"", ""Root cause"": ""Inconsistency"", ""Symptom"": ""Crash""}",data/raw_stage1/icse2023_an_empirical_study_on_bugs/PyTorchBugDataset.xlsx,Dataset,43
icse2023_an_empirical_study_on_bugs:6315af5c3394716f,icse2023_an_empirical_study_on_bugs,pytorch,https://github.com/pytorch/pytorch/issues/27820,PyTorch issue 27820,,,,,,Build failure,Inconsistency,,Tools,,,,Referenced type modifier,,"{""Component"": ""Tools"", ""Fix URL"": ""https://github.com/pytorch/pytorch/pull/33543"", ""Issue #"": ""27820"", ""Issue URL"": ""https://github.com/pytorch/pytorch/issues/27820"", ""Repair pattern"": ""Referenced type modifier"", ""Root cause"": ""Inconsistency"", ""Symptom"": ""Build failure""}",data/raw_stage1/icse2023_an_empirical_study_on_bugs/PyTorchBugDataset.xlsx,Dataset,44
icse2023_an_empirical_study_on_bugs:7f7ef24a1c388cb8,icse2023_an_empirical_study_on_bugs,pytorch,https://github.com/pytorch/pytorch/issues/28389,PyTorch issue 28389,,,,,,Functional error,Logic error,,Test,,,,Isolated,,"{""Component"": ""Test"", ""Fix URL"": ""https://github.com/pytorch/pytorch/pull/29006"", ""Issue #"": ""28389"", ""Issue URL"": ""https://github.com/pytorch/pytorch/issues/28389"", ""Repair pattern"": ""Isolated"", ""Root cause"": ""Logic error"", ""Symptom"": ""Functional error""}",data/raw_stage1/icse2023_an_empirical_study_on_bugs/PyTorchBugDataset.xlsx,Dataset,45
icse2023_an_empirical_study_on_bugs:4e446b012a69d460,icse2023_an_empirical_study_on_bugs,pytorch,https://github.com/pytorch/pytorch/issues/28418,PyTorch issue 28418,,,,,,Crash,Inconsistency,,NN modules,,,,Isolated,,"{""Component"": ""NN modules"", ""Fix URL"": ""https://github.com/pytorch/pytorch/pull/61274"", ""Issue #"": ""28418"", ""Issue URL"": ""https://github.com/pytorch/pytorch/issues/28418"", ""Repair pattern"": ""Isolated"", ""Root cause"": ""Inconsistency"", ""Symptom"": ""Crash""}",data/raw_stage1/icse2023_an_empirical_study_on_bugs/PyTorchBugDataset.xlsx,Dataset,46
icse2023_an_empirical_study_on_bugs:5632b7b0fa974898,icse2023_an_empirical_study_on_bugs,pytorch,https://github.com/pytorch/pytorch/issues/29055,PyTorch issue 29055,,,,,,Functional error,Type confusion,,Core,,,,Isolated,,"{""Component"": ""Core"", ""Fix URL"": ""https://github.com/pytorch/pytorch/pull/47096"", ""Issue #"": ""29055"", ""Issue URL"": ""https://github.com/pytorch/pytorch/issues/29055"", ""Repair pattern"": ""Isolated"", ""Root cause"": ""Type confusion"", ""Symptom"": ""Functional error""}",data/raw_stage1/icse2023_an_empirical_study_on_bugs/PyTorchBugDataset.xlsx,Dataset,47
icse2023_an_empirical_study_on_bugs:dc9f821bace9fe93,icse2023_an_empirical_study_on_bugs,pytorch,https://github.com/pytorch/pytorch/issues/29352,PyTorch issue 29352,,,,,,Performance degradation,Concurrency,,Cuda,,,,Method replacer,,"{""Component"": ""Cuda"", ""Fix URL"": ""https://github.com/pytorch/pytorch/pull/29426"", ""Issue #"": ""29352"", ""Issue URL"": ""https://github.com/pytorch/pytorch/issues/29352"", ""Repair pattern"": ""Method replacer"", ""Root cause"": ""Concurrency"", ""Symptom"": ""Performance degradation""}",data/raw_stage1/icse2023_an_empirical_study_on_bugs/PyTorchBugDataset.xlsx,Dataset,48
icse2023_an_empirical_study_on_bugs:fed5d533501d790a,icse2023_an_empirical_study_on_bugs,pytorch,https://github.com/pytorch/pytorch/issues/29906,PyTorch issue 29906,,,,,,Functional error,Logic error,,Test,,,,Isolated,,"{""Component"": ""Test"", ""Fix URL"": ""https://github.com/pytorch/pytorch/pull/31544"", ""Issue #"": ""29906"", ""Issue URL"": ""https://github.com/pytorch/pytorch/issues/29906"", ""Repair pattern"": ""Isolated"", ""Root cause"": ""Logic error"", ""Symptom"": ""Functional error""}",data/raw_stage1/icse2023_an_empirical_study_on_bugs/PyTorchBugDataset.xlsx,Dataset,49
icse2023_an_empirical_study_on_bugs:f4e2fc1643d92176,icse2023_an_empirical_study_on_bugs,pytorch,https://github.com/pytorch/pytorch/issues/30147,PyTorch issue 30147,,,,,,Functional error,Logic error,,Tools,,,,Isolated,,"{""Component"": ""Tools"", ""Fix URL"": ""https://github.com/pytorch/pytorch/pull/40428"", ""Issue #"": ""30147"", ""Issue URL"": ""https://github.com/pytorch/pytorch/issues/30147"", ""Repair pattern"": ""Isolated"", ""Root cause"": ""Logic error"", ""Symptom"": ""Functional error""}",data/raw_stage1/icse2023_an_empirical_study_on_bugs/PyTorchBugDataset.xlsx,Dataset,50
icse2023_an_empirical_study_on_bugs:d89b98855baaf9c1,icse2023_an_empirical_study_on_bugs,pytorch,https://github.com/pytorch/pytorch/issues/31771,PyTorch issue 31771,,,,,,Functional error,Inconsistency,,Tools,,,,Isolated,,"{""Component"": ""Tools"", ""Fix URL"": ""https://github.com/pytorch/pytorch/pull/32951"", ""Issue #"": ""31771"", ""Issue URL"": ""https://github.com/pytorch/pytorch/issues/31771"", ""Repair pattern"": ""Isolated"", ""Root cause"": ""Inconsistency"", ""Symptom"": ""Functional error""}",data/raw_stage1/icse2023_an_empirical_study_on_bugs/PyTorchBugDataset.xlsx,Dataset,51
icse2023_an_empirical_study_on_bugs:55f3aa893a6eb616,icse2023_an_empirical_study_on_bugs,pytorch,https://github.com/pytorch/pytorch/issues/31875,PyTorch issue 31875,,,,,,Functional error,Configuration error,,Core,,,,Isolated,,"{""Component"": ""Core"", ""Fix URL"": ""https://github.com/pytorch/pytorch/pull/32593"", ""Issue #"": ""31875"", ""Issue URL"": ""https://github.com/pytorch/pytorch/issues/31875"", ""Repair pattern"": ""Isolated"", ""Root cause"": ""Configuration error"", ""Symptom"": ""Functional error""}",data/raw_stage1/icse2023_an_empirical_study_on_bugs/PyTorchBugDataset.xlsx,Dataset,52
icse2023_an_empirical_study_on_bugs:49dde42475c61d53,icse2023_an_empirical_study_on_bugs,pytorch,https://github.com/pytorch/pytorch/issues/32139,PyTorch issue 32139,,,,,,Crash,Logic error,,Test,,,,Condition replacer,,"{""Component"": ""Test"", ""Fix URL"": ""https://github.com/pytorch/pytorch/pull/32146"", ""Issue #"": ""32139"", ""Issue URL"": ""https://github.com/pytorch/pytorch/issues/32139"", ""Repair pattern"": ""Condition replacer"", ""Root cause"": ""Logic error"", ""Symptom"": ""Crash""}",data/raw_stage1/icse2023_an_empirical_study_on_bugs/PyTorchBugDataset.xlsx,Dataset,53
icse2023_an_empirical_study_on_bugs:7f7f0d1eff609a6c,icse2023_an_empirical_study_on_bugs,pytorch,https://github.com/pytorch/pytorch/issues/32519,PyTorch issue 32519,,,,,,Functional error,Logic error,,Core,,,,Isolated,,"{""Component"": ""Core"", ""Fix URL"": ""https://github.com/pytorch/pytorch/commit/6fa76b8a0c5b1b3fd60fe70b68f9d47295436e74"", ""Issue #"": ""32519"", ""Issue URL"": ""https://github.com/pytorch/pytorch/issues/32519"", ""Repair pattern"": ""Isolated"", ""Root cause"": ""Logic error"", ""Symptom"": ""Functional error""}",data/raw_stage1/icse2023_an_empirical_study_on_bugs/PyTorchBugDataset.xlsx,Dataset,54
icse2023_an_empirical_study_on_bugs:d9308e47c9b027ea,icse2023_an_empirical_study_on_bugs,pytorch,https://github.com/pytorch/pytorch/issues/32645,PyTorch issue 32645,,,,,,Functional error,Inconsistency,,Computation graph,,,,Parameter modifier,,"{""Component"": ""Computation graph"", ""Fix URL"": ""https://github.com/pytorch/pytorch/commit/879cf0b15a54c7848ae710e3d0ec62c4a9d7d3dd"", ""Issue #"": ""32645"", ""Issue URL"": ""https://github.com/pytorch/pytorch/issues/32645"", ""Repair pattern"": ""Parameter modifier"", ""Root cause"": ""Inconsistency"", ""Symptom"": ""Functional error""}",data/raw_stage1/icse2023_an_empirical_study_on_bugs/PyTorchBugDataset.xlsx,Dataset,55
icse2023_an_empirical_study_on_bugs:31e953b922b21a94,icse2023_an_empirical_study_on_bugs,pytorch,https://github.com/pytorch/pytorch/issues/32983,PyTorch issue 32983,,,,,,Warning-style error,Inconsistency,,Config,,,,Configuration,,"{""Component"": ""Config"", ""Fix URL"": ""https://github.com/pytorch/pytorch/commit/0f358fab6b92307edba4d89a855cac395f5b1565"", ""Issue #"": ""32983"", ""Issue URL"": ""https://github.com/pytorch/pytorch/issues/32983"", ""Repair pattern"": ""Configuration"", ""Root cause"": ""Inconsistency"", ""Symptom"": ""Warning-style error""}",data/raw_stage1/icse2023_an_empirical_study_on_bugs/PyTorchBugDataset.xlsx,Dataset,56
icse2023_an_empirical_study_on_bugs:270ee16ee06ff89d,icse2023_an_empirical_study_on_bugs,pytorch,https://github.com/pytorch/pytorch/issues/32994,PyTorch issue 32994,,,,,,Warning-style error,Inconsistency,,Documentation,,,,Isolated,,"{""Component"": ""Documentation"", ""Fix URL"": ""https://github.com/pytorch/pytorch/pull/43434"", ""Issue #"": ""32994"", ""Issue URL"": ""https://github.com/pytorch/pytorch/issues/32994"", ""Repair pattern"": ""Isolated"", ""Root cause"": ""Inconsistency"", ""Symptom"": ""Warning-style error""}",data/raw_stage1/icse2023_an_empirical_study_on_bugs/PyTorchBugDataset.xlsx,Dataset,57
icse2023_an_empirical_study_on_bugs:ddde8e5e8444bdfe,icse2023_an_empirical_study_on_bugs,pytorch,https://github.com/pytorch/pytorch/issues/33473,PyTorch issue 33473,,,,,,Crash,Logic error,,Test,,,,Value checker,,"{""Component"": ""Test"", ""Fix URL"": ""https://github.com/pytorch/pytorch/pull/34563"", ""Issue #"": ""33473"", ""Issue URL"": ""https://github.com/pytorch/pytorch/issues/33473"", ""Repair pattern"": ""Value checker"", ""Root cause"": ""Logic error"", ""Symptom"": ""Crash""}",data/raw_stage1/icse2023_an_empirical_study_on_bugs/PyTorchBugDataset.xlsx,Dataset,58
icse2023_an_empirical_study_on_bugs:ee32880a27d5a5c6,icse2023_an_empirical_study_on_bugs,pytorch,https://github.com/pytorch/pytorch/issues/33546,PyTorch issue 33546,,,,,,Functional error,Type confusion,,"Core, Tools",,,,Exception adder,,"{""Component"": ""Core, Tools"", ""Fix URL"": ""https://github.com/pytorch/pytorch/pull/42206"", ""Issue #"": ""33546"", ""Issue URL"": ""https://github.com/pytorch/pytorch/issues/33546"", ""Repair pattern"": ""Exception adder"", ""Root cause"": ""Type confusion"", ""Symptom"": ""Functional error""}",data/raw_stage1/icse2023_an_empirical_study_on_bugs/PyTorchBugDataset.xlsx,Dataset,59
icse2023_an_empirical_study_on_bugs:267fd00e64fb2bfa,icse2023_an_empirical_study_on_bugs,pytorch,https://github.com/pytorch/pytorch/issues/33899,PyTorch issue 33899,,,,,,Crash,Inconsistency,,Tools,,,,Isolated,,"{""Component"": ""Tools"", ""Fix URL"": ""https://github.com/pytorch/pytorch/commit/4b3ae7e0af17cfaab832fd7954f5bfad07cee0ba"", ""Issue #"": ""33899"", ""Issue URL"": ""https://github.com/pytorch/pytorch/issues/33899"", ""Repair pattern"": ""Isolated"", ""Root cause"": ""Inconsistency"", ""Symptom"": ""Crash""}",data/raw_stage1/icse2023_an_empirical_study_on_bugs/PyTorchBugDataset.xlsx,Dataset,60
icse2023_an_empirical_study_on_bugs:5f626ebd70be8d93,icse2023_an_empirical_study_on_bugs,pytorch,https://github.com/pytorch/pytorch/issues/33928,PyTorch issue 33928,,,,,,Build failure,Configuration error,,Config,,,,Configuration,,"{""Component"": ""Config"", ""Fix URL"": ""https://github.com/pytorch/pytorch/pull/37310"", ""Issue #"": ""33928"", ""Issue URL"": ""https://github.com/pytorch/pytorch/issues/33928"", ""Repair pattern"": ""Configuration"", ""Root cause"": ""Configuration error"", ""Symptom"": ""Build failure""}",data/raw_stage1/icse2023_an_empirical_study_on_bugs/PyTorchBugDataset.xlsx,Dataset,61
icse2023_an_empirical_study_on_bugs:f99b7288d6ce19c3,icse2023_an_empirical_study_on_bugs,pytorch,https://github.com/pytorch/pytorch/issues/33950,PyTorch issue 33950,,,,,,Performance degradation,Type confusion,,Core,,,,Isolated,,"{""Component"": ""Core"", ""Fix URL"": ""https://github.com/pytorch/pytorch/pull/38870"", ""Issue #"": ""33950"", ""Issue URL"": ""https://github.com/pytorch/pytorch/issues/33950"", ""Repair pattern"": ""Isolated"", ""Root cause"": ""Type confusion"", ""Symptom"": ""Performance degradation""}",data/raw_stage1/icse2023_an_empirical_study_on_bugs/PyTorchBugDataset.xlsx,Dataset,62
icse2023_an_empirical_study_on_bugs:46eb28d37d3b4728,icse2023_an_empirical_study_on_bugs,pytorch,https://github.com/pytorch/pytorch/issues/34907,PyTorch issue 34907,,,,,,Crash,Logic error,,Core,,,,Isolated,,"{""Component"": ""Core"", ""Fix URL"": ""https://github.com/pytorch/pytorch/pull/52565"", ""Issue #"": ""34907"", ""Issue URL"": ""https://github.com/pytorch/pytorch/issues/34907"", ""Repair pattern"": ""Isolated"", ""Root cause"": ""Logic error"", ""Symptom"": ""Crash""}",data/raw_stage1/icse2023_an_empirical_study_on_bugs/PyTorchBugDataset.xlsx,Dataset,63
icse2023_an_empirical_study_on_bugs:41d68fcfe1a8b129,icse2023_an_empirical_study_on_bugs,pytorch,https://github.com/pytorch/pytorch/issues/34997,PyTorch issue 34997,,,,,,Functional error,Logic error,,Core,,,,Isolated,,"{""Component"": ""Core"", ""Fix URL"": ""https://github.com/pytorch/pytorch/pull/39008"", ""Issue #"": ""34997"", ""Issue URL"": ""https://github.com/pytorch/pytorch/issues/34997"", ""Repair pattern"": ""Isolated"", ""Root cause"": ""Logic error"", ""Symptom"": ""Functional error""}",data/raw_stage1/icse2023_an_empirical_study_on_bugs/PyTorchBugDataset.xlsx,Dataset,64
icse2023_an_empirical_study_on_bugs:707f77551db01703,icse2023_an_empirical_study_on_bugs,pytorch,https://github.com/pytorch/pytorch/issues/35300,PyTorch issue 35300,,,,,,Build failure,Configuration error,,Config,,,,Isolated,,"{""Component"": ""Config"", ""Fix URL"": ""https://github.com/pytorch/pytorch/pull/35500/commits/296c1baf99c0ce454f07bc1510dd37672080e418"", ""Issue #"": ""35300"", ""Issue URL"": ""https://github.com/pytorch/pytorch/issues/35300"", ""Repair pattern"": ""Isolated"", ""Root cause"": ""Configuration error"", ""Symptom"": ""Build failure""}",data/raw_stage1/icse2023_an_empirical_study_on_bugs/PyTorchBugDataset.xlsx,Dataset,65
icse2023_an_empirical_study_on_bugs:60dbebeabd7f903e,icse2023_an_empirical_study_on_bugs,pytorch,https://github.com/pytorch/pytorch/issues/35699,PyTorch issue 35699,,,,,,Functional error,Inconsistency,,Test,,,,Isolated,,"{""Component"": ""Test"", ""Fix URL"": ""https://github.com/pytorch/pytorch/pull/36316"", ""Issue #"": ""35699"", ""Issue URL"": ""https://github.com/pytorch/pytorch/issues/35699"", ""Repair pattern"": ""Isolated"", ""Root cause"": ""Inconsistency"", ""Symptom"": ""Functional error""}",data/raw_stage1/icse2023_an_empirical_study_on_bugs/PyTorchBugDataset.xlsx,Dataset,66
icse2023_an_empirical_study_on_bugs:69a8449d07e238ec,icse2023_an_empirical_study_on_bugs,pytorch,https://github.com/pytorch/pytorch/issues/35901,PyTorch issue 35901,,,,,,Performance degradation,Memory,,"CUDA, Tools",,,,Isolated,,"{""Component"": ""CUDA, Tools"", ""Fix URL"": ""https://github.com/pytorch/pytorch/pull/44742"", ""Issue #"": ""35901"", ""Issue URL"": ""https://github.com/pytorch/pytorch/issues/35901"", ""Repair pattern"": ""Isolated"", ""Root cause"": ""Memory"", ""Symptom"": ""Performance degradation""}",data/raw_stage1/icse2023_an_empirical_study_on_bugs/PyTorchBugDataset.xlsx,Dataset,67
icse2023_an_empirical_study_on_bugs:03f30d58d4e3205a,icse2023_an_empirical_study_on_bugs,pytorch,https://github.com/pytorch/pytorch/issues/36035,PyTorch issue 36035,,,,,,Functional error,Type confusion,,Test,,,,Isolated,,"{""Component"": ""Test"", ""Fix URL"": ""https://github.com/pytorch/pytorch/pull/70499"", ""Issue #"": ""36035"", ""Issue URL"": ""https://github.com/pytorch/pytorch/issues/36035"", ""Repair pattern"": ""Isolated"", ""Root cause"": ""Type confusion"", ""Symptom"": ""Functional error""}",data/raw_stage1/icse2023_an_empirical_study_on_bugs/PyTorchBugDataset.xlsx,Dataset,68
icse2023_an_empirical_study_on_bugs:bf0e4a006cfa6075,icse2023_an_empirical_study_on_bugs,pytorch,https://github.com/pytorch/pytorch/issues/36428,PyTorch issue 36428,,,,,,Crash,Inconsistency,,Core,,,,Isolated,,"{""Component"": ""Core"", ""Fix URL"": ""https://github.com/pytorch/pytorch/commit/fbf274f5a7c55f58ee1f7eb9b515f23f29bff443"", ""Issue #"": ""36428"", ""Issue URL"": ""https://github.com/pytorch/pytorch/issues/36428"", ""Repair pattern"": ""Isolated"", ""Root cause"": ""Inconsistency"", ""Symptom"": ""Crash""}",data/raw_stage1/icse2023_an_empirical_study_on_bugs/PyTorchBugDataset.xlsx,Dataset,69
icse2023_an_empirical_study_on_bugs:5d3b034576b69efc,icse2023_an_empirical_study_on_bugs,pytorch,https://github.com/pytorch/pytorch/issues/36755,PyTorch issue 36755,,,,,,Performance degradation,Inconsistency,,Framework,,,,Isolated,,"{""Component"": ""Framework"", ""Fix URL"": ""https://github.com/pytorch/pytorch/pull/36785"", ""Issue #"": ""36755"", ""Issue URL"": ""https://github.com/pytorch/pytorch/issues/36755"", ""Repair pattern"": ""Isolated"", ""Root cause"": ""Inconsistency"", ""Symptom"": ""Performance degradation""}",data/raw_stage1/icse2023_an_empirical_study_on_bugs/PyTorchBugDataset.xlsx,Dataset,70
icse2023_an_empirical_study_on_bugs:4d5ed54748ab5e25,icse2023_an_empirical_study_on_bugs,pytorch,https://github.com/pytorch/pytorch/issues/36941,PyTorch issue 36941,,,,,,Build failure,Corner case,,Core,,,,Configuration,,"{""Component"": ""Core"", ""Fix URL"": ""https://github.com/pytorch/pytorch/pull/39375"", ""Issue #"": ""36941"", ""Issue URL"": ""https://github.com/pytorch/pytorch/issues/36941"", ""Repair pattern"": ""Configuration"", ""Root cause"": ""Corner case"", ""Symptom"": ""Build failure""}",data/raw_stage1/icse2023_an_empirical_study_on_bugs/PyTorchBugDataset.xlsx,Dataset,71
icse2023_an_empirical_study_on_bugs:2f87f6414934940c,icse2023_an_empirical_study_on_bugs,pytorch,https://github.com/pytorch/pytorch/issues/37558,PyTorch issue 37558,,,,,,Crash,Inconsistency,,Test,,,,Isolated,,"{""Component"": ""Test"", ""Fix URL"": ""https://github.com/pytorch/pytorch/commit/4d1df74c7ced61d8067dc4daa9d98843910a5fb1"", ""Issue #"": ""37558"", ""Issue URL"": ""https://github.com/pytorch/pytorch/issues/37558"", ""Repair pattern"": ""Isolated"", ""Root cause"": ""Inconsistency"", ""Symptom"": ""Crash""}",data/raw_stage1/icse2023_an_empirical_study_on_bugs/PyTorchBugDataset.xlsx,Dataset,72
icse2023_an_empirical_study_on_bugs:be0f9fe6d92099c9,icse2023_an_empirical_study_on_bugs,pytorch,https://github.com/pytorch/pytorch/issues/37583,PyTorch issue 37583,,,,,,Crash,Memory,,Core,,,,Isolated,,"{""Component"": ""Core"", ""Fix URL"": ""https://github.com/pytorch/pytorch/pull/65227"", ""Issue #"": ""37583"", ""Issue URL"": ""https://github.com/pytorch/pytorch/issues/37583"", ""Repair pattern"": ""Isolated"", ""Root cause"": ""Memory"", ""Symptom"": ""Crash""}",data/raw_stage1/icse2023_an_empirical_study_on_bugs/PyTorchBugDataset.xlsx,Dataset,73
icse2023_an_empirical_study_on_bugs:74ab2e66cbd52c7f,icse2023_an_empirical_study_on_bugs,pytorch,https://github.com/pytorch/pytorch/issues/37756,PyTorch issue 37756,,,,,,Functional error,Algorithm,,Core,,,,Isolated,,"{""Component"": ""Core"", ""Fix URL"": ""https://github.com/pytorch/pytorch/commit/5d608d45cfd5c42b374c9ac6d2f8bb6ddd1c6e7f"", ""Issue #"": ""37756"", ""Issue URL"": ""https://github.com/pytorch/pytorch/issues/37756"", ""Repair pattern"": ""Isolated"", ""Root cause"": ""Algorithm"", ""Symptom"": ""Functional error""}",data/raw_stage1/icse2023_an_empirical_study_on_bugs/PyTorchBugDataset.xlsx,Dataset,74
icse2023_an_empirical_study_on_bugs:26d33428c331b757,icse2023_an_empirical_study_on_bugs,pytorch,https://github.com/pytorch/pytorch/issues/37786,PyTorch issue 37786,,,,,,Functional error,Inconsistency,,Config,,,,Configuration,,"{""Component"": ""Config"", ""Fix URL"": ""https://github.com/pytorch/pytorch/commit/4c358b8b726f56bc78ce20bb031e10869145de94"", ""Issue #"": ""37786"", ""Issue URL"": ""https://github.com/pytorch/pytorch/issues/37786"", ""Repair pattern"": ""Configuration"", ""Root cause"": ""Inconsistency"", ""Symptom"": ""Functional error""}",data/raw_stage1/icse2023_an_empirical_study_on_bugs/PyTorchBugDataset.xlsx,Dataset,75
icse2023_an_empirical_study_on_bugs:98087a0d58fd92a9,icse2023_an_empirical_study_on_bugs,pytorch,https://github.com/pytorch/pytorch/issues/38764,PyTorch issue 38764,,,,,,Crash,Algorithm,,Cuda,,,,Initializer modifier,,"{""Component"": ""Cuda"", ""Fix URL"": ""https://github.com/pytorch/pytorch/commit/e4a3c584d51662d4c14060fc8517464fe3c12142"", ""Issue #"": ""38764"", ""Issue URL"": ""https://github.com/pytorch/pytorch/issues/38764"", ""Repair pattern"": ""Initializer modifier"", ""Root cause"": ""Algorithm"", ""Symptom"": ""Crash""}",data/raw_stage1/icse2023_an_empirical_study_on_bugs/PyTorchBugDataset.xlsx,Dataset,76
icse2023_an_empirical_study_on_bugs:a1b35613237ce26a,icse2023_an_empirical_study_on_bugs,pytorch,https://github.com/pytorch/pytorch/issues/38889,PyTorch issue 38889,,,,,,Functional error,Inconsistency,,Cuda,,,,Isolated,,"{""Component"": ""Cuda"", ""Fix URL"": ""https://github.com/pytorch/pytorch/commit/2cd27be5b52697b8f997e789b133be16de1577c6"", ""Issue #"": ""38889"", ""Issue URL"": ""https://github.com/pytorch/pytorch/issues/38889"", ""Repair pattern"": ""Isolated"", ""Root cause"": ""Inconsistency"", ""Symptom"": ""Functional error""}",data/raw_stage1/icse2023_an_empirical_study_on_bugs/PyTorchBugDataset.xlsx,Dataset,77
icse2023_an_empirical_study_on_bugs:61bae0ee386bac60,icse2023_an_empirical_study_on_bugs,pytorch,https://github.com/pytorch/pytorch/issues/38913,PyTorch issue 38913,,,,,,Crash,Type confusion,,Tools,,,,Isolated,,"{""Component"": ""Tools"", ""Fix URL"": ""https://github.com/pytorch/pytorch/pull/39392"", ""Issue #"": ""38913"", ""Issue URL"": ""https://github.com/pytorch/pytorch/issues/38913"", ""Repair pattern"": ""Isolated"", ""Root cause"": ""Type confusion"", ""Symptom"": ""Crash""}",data/raw_stage1/icse2023_an_empirical_study_on_bugs/PyTorchBugDataset.xlsx,Dataset,78
icse2023_an_empirical_study_on_bugs:b0b118d4e0b79b4a,icse2023_an_empirical_study_on_bugs,pytorch,https://github.com/pytorch/pytorch/issues/38915,PyTorch issue 38915,,,,,,Performance degradation,Logic error,,Core,,,,Isolated,,"{""Component"": ""Core"", ""Fix URL"": ""https://github.com/pytorch/pytorch/pull/58240"", ""Issue #"": ""38915"", ""Issue URL"": ""https://github.com/pytorch/pytorch/issues/38915"", ""Repair pattern"": ""Isolated"", ""Root cause"": ""Logic error"", ""Symptom"": ""Performance degradation""}",data/raw_stage1/icse2023_an_empirical_study_on_bugs/PyTorchBugDataset.xlsx,Dataset,79
icse2023_an_empirical_study_on_bugs:ef64e2a59beb217e,icse2023_an_empirical_study_on_bugs,pytorch,https://github.com/pytorch/pytorch/issues/39007,PyTorch issue 39007,,,,,,Functional error,Inconsistency,,Documentation,,,,Isolated,,"{""Component"": ""Documentation"", ""Fix URL"": ""https://github.com/pytorch/pytorch/commit/a88099ba3e9157990d59cc0d3e9ac1d501165435"", ""Issue #"": ""39007"", ""Issue URL"": ""https://github.com/pytorch/pytorch/issues/39007"", ""Repair pattern"": ""Isolated"", ""Root cause"": ""Inconsistency"", ""Symptom"": ""Functional error""}",data/raw_stage1/icse2023_an_empirical_study_on_bugs/PyTorchBugDataset.xlsx,Dataset,80
icse2023_an_empirical_study_on_bugs:51eb7f8136934963,icse2023_an_empirical_study_on_bugs,pytorch,https://github.com/pytorch/pytorch/issues/40320,PyTorch issue 40320,,,,,,Performance degradation,Inconsistency,,Config,,,,Configuration,,"{""Component"": ""Config"", ""Fix URL"": ""https://github.com/pytorch/pytorch/commit/46f5cf1e31b493a797254c80a130c14e850ebd32"", ""Issue #"": ""40320"", ""Issue URL"": ""https://github.com/pytorch/pytorch/issues/40320"", ""Repair pattern"": ""Configuration"", ""Root cause"": ""Inconsistency"", ""Symptom"": ""Performance degradation""}",data/raw_stage1/icse2023_an_empirical_study_on_bugs/PyTorchBugDataset.xlsx,Dataset,81
icse2023_an_empirical_study_on_bugs:f53cb2b19633fea0,icse2023_an_empirical_study_on_bugs,pytorch,https://github.com/pytorch/pytorch/issues/41865,PyTorch issue 41865,,,,,,Performance degradation,Algorithm,,Core,,,,Configuration,,"{""Component"": ""Core"", ""Fix URL"": ""https://github.com/pytorch/pytorch/commit/6d1e43c5a691d6d0ee9f13d1ccf223e755b885d3"", ""Issue #"": ""41865"", ""Issue URL"": ""https://github.com/pytorch/pytorch/issues/41865"", ""Repair pattern"": ""Configuration"", ""Root cause"": ""Algorithm"", ""Symptom"": ""Performance degradation""}",data/raw_stage1/icse2023_an_empirical_study_on_bugs/PyTorchBugDataset.xlsx,Dataset,82
icse2023_an_empirical_study_on_bugs:036b916ffdc490f1,icse2023_an_empirical_study_on_bugs,pytorch,https://github.com/pytorch/pytorch/issues/42218,PyTorch issue 42218,,,,,,Crash,Type confusion,,Core,,,,Parameter modifier,,"{""Component"": ""Core"", ""Fix URL"": ""https://github.com/pytorch/pytorch/pull/44642"", ""Issue #"": ""42218"", ""Issue URL"": ""https://github.com/pytorch/pytorch/issues/42218"", ""Repair pattern"": ""Parameter modifier"", ""Root cause"": ""Type confusion"", ""Symptom"": ""Crash""}",data/raw_stage1/icse2023_an_empirical_study_on_bugs/PyTorchBugDataset.xlsx,Dataset,83
icse2023_an_empirical_study_on_bugs:5a3f81868322c085,icse2023_an_empirical_study_on_bugs,pytorch,https://github.com/pytorch/pytorch/issues/42239,PyTorch issue 42239,,,,,,Crash,Inconsistency,,API,,,,Configuration,,"{""Component"": ""API"", ""Fix URL"": ""https://github.com/pytorch/pytorch/pull/42333"", ""Issue #"": ""42239"", ""Issue URL"": ""https://github.com/pytorch/pytorch/issues/42239"", ""Repair pattern"": ""Configuration"", ""Root cause"": ""Inconsistency"", ""Symptom"": ""Crash""}",data/raw_stage1/icse2023_an_empirical_study_on_bugs/PyTorchBugDataset.xlsx,Dataset,84
icse2023_an_empirical_study_on_bugs:ba381eaf3983a011,icse2023_an_empirical_study_on_bugs,pytorch,https://github.com/pytorch/pytorch/issues/42305,PyTorch issue 42305,,,,,,Warning-style error,Inconsistency,,Core,,,,Isolated,,"{""Component"": ""Core"", ""Fix URL"": ""https://github.com/pytorch/pytorch/pull/42356"", ""Issue #"": ""42305"", ""Issue URL"": ""https://github.com/pytorch/pytorch/issues/42305"", ""Repair pattern"": ""Isolated"", ""Root cause"": ""Inconsistency"", ""Symptom"": ""Warning-style error""}",data/raw_stage1/icse2023_an_empirical_study_on_bugs/PyTorchBugDataset.xlsx,Dataset,85
icse2023_an_empirical_study_on_bugs:928c8c558faf8ad2,icse2023_an_empirical_study_on_bugs,pytorch,https://github.com/pytorch/pytorch/issues/42415,PyTorch issue 42415,,,,,,Crash,Algorithm,,Core,,,,Isolated,,"{""Component"": ""Core"", ""Fix URL"": ""https://github.com/pytorch/FBGEMM/commit/87c378172a7fa757a8f0f015f31d4f6111d4744e"", ""Issue #"": ""42415"", ""Issue URL"": ""https://github.com/pytorch/pytorch/issues/42415"", ""Repair pattern"": ""Isolated"", ""Root cause"": ""Algorithm"", ""Symptom"": ""Crash""}",data/raw_stage1/icse2023_an_empirical_study_on_bugs/PyTorchBugDataset.xlsx,Dataset,86
icse2023_an_empirical_study_on_bugs:c254feddaa69b615,icse2023_an_empirical_study_on_bugs,pytorch,https://github.com/pytorch/pytorch/issues/42435,PyTorch issue 42435,,,,,,Build failure,Referenced types error,,Computation graph,,,,Referenced type modifier,,"{""Component"": ""Computation graph"", ""Fix URL"": ""https://github.com/pytorch/pytorch/pull/42574"", ""Issue #"": ""42435"", ""Issue URL"": ""https://github.com/pytorch/pytorch/issues/42435"", ""Repair pattern"": ""Referenced type modifier"", ""Root cause"": ""Referenced types error"", ""Symptom"": ""Build failure""}",data/raw_stage1/icse2023_an_empirical_study_on_bugs/PyTorchBugDataset.xlsx,Dataset,87
icse2023_an_empirical_study_on_bugs:90a88986ac143efe,icse2023_an_empirical_study_on_bugs,pytorch,https://github.com/pytorch/pytorch/issues/42588,PyTorch issue 42588,,,,,,Crash,Algorithm,,Core,,,,Parameter modifier,,"{""Component"": ""Core"", ""Fix URL"": ""https://github.com/pytorch/pytorch/commit/534c82153e64d2a2960aadb93b6d1d570fa04faf"", ""Issue #"": ""42588"", ""Issue URL"": ""https://github.com/pytorch/pytorch/issues/42588"", ""Repair pattern"": ""Parameter modifier"", ""Root cause"": ""Algorithm"", ""Symptom"": ""Crash""}",data/raw_stage1/icse2023_an_empirical_study_on_bugs/PyTorchBugDataset.xlsx,Dataset,88
icse2023_an_empirical_study_on_bugs:d30abc5568a8e519,icse2023_an_empirical_study_on_bugs,pytorch,https://github.com/pytorch/pytorch/issues/43770,PyTorch issue 43770,,,,,,Warning-style error,Inconsistency,,Tools,,,,Exception modifier,,"{""Component"": ""Tools"", ""Fix URL"": ""https://github.com/pytorch/pytorch/commit/f17d7a5556940156b81b595bb39783192ba1e16f"", ""Issue #"": ""43770"", ""Issue URL"": ""https://github.com/pytorch/pytorch/issues/43770"", ""Repair pattern"": ""Exception modifier"", ""Root cause"": ""Inconsistency"", ""Symptom"": ""Warning-style error""}",data/raw_stage1/icse2023_an_empirical_study_on_bugs/PyTorchBugDataset.xlsx,Dataset,89
icse2023_an_empirical_study_on_bugs:228d6dd5c374c3c1,icse2023_an_empirical_study_on_bugs,pytorch,https://github.com/pytorch/pytorch/issues/44284,PyTorch issue 44284,,,,,,Warning-style error,Inconsistency,,Test,,,,Isolated,,"{""Component"": ""Test"", ""Fix URL"": ""https://github.com/pytorch/pytorch/commit/de7eeb7752d4bd599901a9adcafbfc4a3ea25035"", ""Issue #"": ""44284"", ""Issue URL"": ""https://github.com/pytorch/pytorch/issues/44284"", ""Repair pattern"": ""Isolated"", ""Root cause"": ""Inconsistency"", ""Symptom"": ""Warning-style error""}",data/raw_stage1/icse2023_an_empirical_study_on_bugs/PyTorchBugDataset.xlsx,Dataset,90
icse2023_an_empirical_study_on_bugs:75d9f284465f0206,icse2023_an_empirical_study_on_bugs,pytorch,https://github.com/pytorch/pytorch/issues/44378,PyTorch issue 44378,,,,,,Functional error,Configuration error,,"Core, Computation graph, Documentation, Framework",,,,Isolated,,"{""Component"": ""Core, Computation graph, Documentation, Framework"", ""Fix URL"": ""https://github.com/pytorch/pytorch/pull/49093"", ""Issue #"": ""44378"", ""Issue URL"": ""https://github.com/pytorch/pytorch/issues/44378"", ""Repair pattern"": ""Isolated"", ""Root cause"": ""Configuration error"", ""Symptom"": ""Functional error""}",data/raw_stage1/icse2023_an_empirical_study_on_bugs/PyTorchBugDataset.xlsx,Dataset,91
icse2023_an_empirical_study_on_bugs:3dae01024ecd6e7f,icse2023_an_empirical_study_on_bugs,pytorch,https://github.com/pytorch/pytorch/issues/45821,PyTorch issue 45821,,,,,,Functional error,Type confusion,,"Core, Computation graph",,,,Isolated,,"{""Component"": ""Core, Computation graph"", ""Fix URL"": ""https://github.com/pytorch/pytorch/pull/45562"", ""Issue #"": ""45821"", ""Issue URL"": ""https://github.com/pytorch/pytorch/issues/45821"", ""Repair pattern"": ""Isolated"", ""Root cause"": ""Type confusion"", ""Symptom"": ""Functional error""}",data/raw_stage1/icse2023_an_empirical_study_on_bugs/PyTorchBugDataset.xlsx,Dataset,92
icse2023_an_empirical_study_on_bugs:cadb55cda13b8bcd,icse2023_an_empirical_study_on_bugs,pytorch,https://github.com/pytorch/pytorch/issues/46224,PyTorch issue 46224,,,,,,Functional error,Logic error,,Core,,,,Value checker,,"{""Component"": ""Core"", ""Fix URL"": ""https://github.com/pytorch/pytorch/pull/59370"", ""Issue #"": ""46224"", ""Issue URL"": ""https://github.com/pytorch/pytorch/issues/46224"", ""Repair pattern"": ""Value checker"", ""Root cause"": ""Logic error"", ""Symptom"": ""Functional error""}",data/raw_stage1/icse2023_an_empirical_study_on_bugs/PyTorchBugDataset.xlsx,Dataset,93
icse2023_an_empirical_study_on_bugs:617f645c0540588c,icse2023_an_empirical_study_on_bugs,pytorch,https://github.com/pytorch/pytorch/issues/46585,PyTorch issue 46585,,,,,,Functional error,Algorithm,,Test,,,,Method replacer,,"{""Component"": ""Test"", ""Fix URL"": ""https://github.com/pytorch/pytorch/commit/c68c3d0a02460a6e447f5af235530c684116d2c5"", ""Issue #"": ""46585"", ""Issue URL"": ""https://github.com/pytorch/pytorch/issues/46585"", ""Repair pattern"": ""Method replacer"", ""Root cause"": ""Algorithm"", ""Symptom"": ""Functional error""}",data/raw_stage1/icse2023_an_empirical_study_on_bugs/PyTorchBugDataset.xlsx,Dataset,94
icse2023_an_empirical_study_on_bugs:898795dc97d52d61,icse2023_an_empirical_study_on_bugs,pytorch,https://github.com/pytorch/pytorch/issues/46930,PyTorch issue 46930,,,,,,Build failure,Inconsistency,,Documentation,,,,Configuration,,"{""Component"": ""Documentation"", ""Fix URL"": ""https://github.com/pytorch/pytorch/pull/47459"", ""Issue #"": ""46930"", ""Issue URL"": ""https://github.com/pytorch/pytorch/issues/46930"", ""Repair pattern"": ""Configuration"", ""Root cause"": ""Inconsistency"", ""Symptom"": ""Build failure""}",data/raw_stage1/icse2023_an_empirical_study_on_bugs/PyTorchBugDataset.xlsx,Dataset,95
icse2023_an_empirical_study_on_bugs:002a1c06b2105054,icse2023_an_empirical_study_on_bugs,pytorch,https://github.com/pytorch/pytorch/issues/46983,PyTorch issue 46983,,,,,,Warning-style error,Logic error,,Test,,,,Condition replacer,,"{""Component"": ""Test"", ""Fix URL"": ""https://github.com/pytorch/pytorch/pull/47772/commits/d6d6af057ccc4255f44925e8c7c2191b6c635a6e"", ""Issue #"": ""46983"", ""Issue URL"": ""https://github.com/pytorch/pytorch/issues/46983"", ""Repair pattern"": ""Condition replacer"", ""Root cause"": ""Logic error"", ""Symptom"": ""Warning-style error""}",data/raw_stage1/icse2023_an_empirical_study_on_bugs/PyTorchBugDataset.xlsx,Dataset,96
icse2023_an_empirical_study_on_bugs:98ff87d5f531f1ea,icse2023_an_empirical_study_on_bugs,pytorch,https://github.com/pytorch/pytorch/issues/47038,PyTorch issue 47038,,,,,,Warning-style error,Inconsistency,,CUDA,,,,Parameter modifier,,"{""Component"": ""CUDA"", ""Fix URL"": ""https://github.com/pytorch/pytorch/pull/51806"", ""Issue #"": ""47038"", ""Issue URL"": ""https://github.com/pytorch/pytorch/issues/47038"", ""Repair pattern"": ""Parameter modifier"", ""Root cause"": ""Inconsistency"", ""Symptom"": ""Warning-style error""}",data/raw_stage1/icse2023_an_empirical_study_on_bugs/PyTorchBugDataset.xlsx,Dataset,97
icse2023_an_empirical_study_on_bugs:ba273ea27a9817be,icse2023_an_empirical_study_on_bugs,pytorch,https://github.com/pytorch/pytorch/issues/48049,PyTorch issue 48049,,,,,,Performance degradation,Algorithm,,Core,,,,Parameter modifier,,"{""Component"": ""Core"", ""Fix URL"": ""https://github.com/pytorch/pytorch/commit/22c3ae8b576674e52e1972abe13891aaf4e99089"", ""Issue #"": ""48049"", ""Issue URL"": ""https://github.com/pytorch/pytorch/issues/48049"", ""Repair pattern"": ""Parameter modifier"", ""Root cause"": ""Algorithm"", ""Symptom"": ""Performance degradation""}",data/raw_stage1/icse2023_an_empirical_study_on_bugs/PyTorchBugDataset.xlsx,Dataset,98
icse2023_an_empirical_study_on_bugs:04cd22df5e805977,icse2023_an_empirical_study_on_bugs,pytorch,https://github.com/pytorch/pytorch/issues/48841,PyTorch issue 48841,,,,,,Functional error,Algorithm,,Core,,,,Value checker,,"{""Component"": ""Core"", ""Fix URL"": ""https://github.com/pytorch/pytorch/commit/6aa5148df21d5583cf2ae3f95c992d207ed2e281"", ""Issue #"": ""48841"", ""Issue URL"": ""https://github.com/pytorch/pytorch/issues/48841"", ""Repair pattern"": ""Value checker"", ""Root cause"": ""Algorithm"", ""Symptom"": ""Functional error""}",data/raw_stage1/icse2023_an_empirical_study_on_bugs/PyTorchBugDataset.xlsx,Dataset,99
icse2023_an_empirical_study_on_bugs:9dbf7eeb325f3f07,icse2023_an_empirical_study_on_bugs,pytorch,https://github.com/pytorch/pytorch/issues/49019,PyTorch issue 49019,,,,,,Crash,Logic error,,Test,,,,Exception adder,,"{""Component"": ""Test"", ""Fix URL"": ""https://github.com/pytorch/pytorch/commit/be091600eddada5c47377b93db922263910840c7"", ""Issue #"": ""49019"", ""Issue URL"": ""https://github.com/pytorch/pytorch/issues/49019"", ""Repair pattern"": ""Exception adder"", ""Root cause"": ""Logic error"", ""Symptom"": ""Crash""}",data/raw_stage1/icse2023_an_empirical_study_on_bugs/PyTorchBugDataset.xlsx,Dataset,100
icse2023_an_empirical_study_on_bugs:3f46078eebed8836,icse2023_an_empirical_study_on_bugs,pytorch,https://github.com/pytorch/pytorch/issues/49046,PyTorch issue 49046,,,,,,Crash,Inconsistency,,Computation graph,,,,Parameter modifier,,"{""Component"": ""Computation graph"", ""Fix URL"": ""https://github.com/pytorch/pytorch/pull/56639"", ""Issue #"": ""49046"", ""Issue URL"": ""https://github.com/pytorch/pytorch/issues/49046"", ""Repair pattern"": ""Parameter modifier"", ""Root cause"": ""Inconsistency"", ""Symptom"": ""Crash""}",data/raw_stage1/icse2023_an_empirical_study_on_bugs/PyTorchBugDataset.xlsx,Dataset,101
icse2023_an_empirical_study_on_bugs:bfe756bf7517a375,icse2023_an_empirical_study_on_bugs,pytorch,https://github.com/pytorch/pytorch/issues/49052,PyTorch issue 49052,,,,,,Crash,Processing,,Core,,,,Parameter modifier,,"{""Component"": ""Core"", ""Fix URL"": ""https://github.com/pytorch/pytorch/commit/7eb392d73f897f51b0be97749ca6231ee38e58a4"", ""Issue #"": ""49052"", ""Issue URL"": ""https://github.com/pytorch/pytorch/issues/49052"", ""Repair pattern"": ""Parameter modifier"", ""Root cause"": ""Processing"", ""Symptom"": ""Crash""}",data/raw_stage1/icse2023_an_empirical_study_on_bugs/PyTorchBugDataset.xlsx,Dataset,102
icse2023_an_empirical_study_on_bugs:20bfc86e03d677f0,icse2023_an_empirical_study_on_bugs,pytorch,https://github.com/pytorch/pytorch/issues/49928,PyTorch issue 49928,,,,,,Crash,Corner case,,Core,,,,Parameter modifier,,"{""Component"": ""Core"", ""Fix URL"": ""https://github.com/pytorch/pytorch/pull/51569"", ""Issue #"": ""49928"", ""Issue URL"": ""https://github.com/pytorch/pytorch/issues/49928"", ""Repair pattern"": ""Parameter modifier"", ""Root cause"": ""Corner case"", ""Symptom"": ""Crash""}",data/raw_stage1/icse2023_an_empirical_study_on_bugs/PyTorchBugDataset.xlsx,Dataset,103
icse2023_an_empirical_study_on_bugs:b1a7861ba57c44f7,icse2023_an_empirical_study_on_bugs,pytorch,https://github.com/pytorch/pytorch/issues/49998,PyTorch issue 49998,,,,,,Crash,Logic error,,"Core, Documentation",,,,Value checker,,"{""Component"": ""Core, Documentation"", ""Fix URL"": ""https://github.com/pytorch/pytorch/pull/51317"", ""Issue #"": ""49998"", ""Issue URL"": ""https://github.com/pytorch/pytorch/issues/49998"", ""Repair pattern"": ""Value checker"", ""Root cause"": ""Logic error"", ""Symptom"": ""Crash""}",data/raw_stage1/icse2023_an_empirical_study_on_bugs/PyTorchBugDataset.xlsx,Dataset,104
icse2023_an_empirical_study_on_bugs:dac96e689fd7a19b,icse2023_an_empirical_study_on_bugs,pytorch,https://github.com/pytorch/pytorch/issues/50014,PyTorch issue 50014,,,,,,Crash,Memory,,"Core, API",,,,Configuration,,"{""Component"": ""Core, API"", ""Fix URL"": ""https://github.com/pytorch/pytorch/pull/50998"", ""Issue #"": ""50014"", ""Issue URL"": ""https://github.com/pytorch/pytorch/issues/50014"", ""Repair pattern"": ""Configuration"", ""Root cause"": ""Memory"", ""Symptom"": ""Crash""}",data/raw_stage1/icse2023_an_empirical_study_on_bugs/PyTorchBugDataset.xlsx,Dataset,105
icse2023_an_empirical_study_on_bugs:81884e73081d9c10,icse2023_an_empirical_study_on_bugs,pytorch,https://github.com/pytorch/pytorch/issues/50042,PyTorch issue 50042,,,,,,Functional error,Algorithm,,Core,,,,Condition replacer,,"{""Component"": ""Core"", ""Fix URL"": ""https://github.com/pytorch/pytorch/commit/46c27ea84d2399b72e7f215d098aa1d0ae3b1905"", ""Issue #"": ""50042"", ""Issue URL"": ""https://github.com/pytorch/pytorch/issues/50042"", ""Repair pattern"": ""Condition replacer"", ""Root cause"": ""Algorithm"", ""Symptom"": ""Functional error""}",data/raw_stage1/icse2023_an_empirical_study_on_bugs/PyTorchBugDataset.xlsx,Dataset,106
icse2023_an_empirical_study_on_bugs:70223dd43431737e,icse2023_an_empirical_study_on_bugs,pytorch,https://github.com/pytorch/pytorch/issues/50064,PyTorch issue 50064,,,,,,Warning-style error,Inconsistency,,Core,,,,Format checker,,"{""Component"": ""Core"", ""Fix URL"": ""https://github.com/pytorch/pytorch/commit/3f052ba07b2da4801d8f52f4116357760d5b632d"", ""Issue #"": ""50064"", ""Issue URL"": ""https://github.com/pytorch/pytorch/issues/50064"", ""Repair pattern"": ""Format checker"", ""Root cause"": ""Inconsistency"", ""Symptom"": ""Warning-style error""}",data/raw_stage1/icse2023_an_empirical_study_on_bugs/PyTorchBugDataset.xlsx,Dataset,107
icse2023_an_empirical_study_on_bugs:d13cbbc2399ed5da,icse2023_an_empirical_study_on_bugs,pytorch,https://github.com/pytorch/pytorch/issues/50695,PyTorch issue 50695,,,,,,Build failure,Configuration error,,Test,,,,Exception adder,,"{""Component"": ""Test"", ""Fix URL"": ""https://github.com/pytorch/pytorch/commit/9cbefad83f79e0e277f3cdfd39b42787e20f5ebd"", ""Issue #"": ""50695"", ""Issue URL"": ""https://github.com/pytorch/pytorch/issues/50695"", ""Repair pattern"": ""Exception adder"", ""Root cause"": ""Configuration error"", ""Symptom"": ""Build failure""}",data/raw_stage1/icse2023_an_empirical_study_on_bugs/PyTorchBugDataset.xlsx,Dataset,108
icse2023_an_empirical_study_on_bugs:52c39aed8b9ea7ec,icse2023_an_empirical_study_on_bugs,pytorch,https://github.com/pytorch/pytorch/issues/50749,PyTorch issue 50749,,,,,,Functional error,Algorithm,,Test,,,,Isolated,,"{""Component"": ""Test"", ""Fix URL"": ""https://github.com/pytorch/pytorch/commit/a52001f9236825a0249bbc0ccacf1e8e0e639f82"", ""Issue #"": ""50749"", ""Issue URL"": ""https://github.com/pytorch/pytorch/issues/50749"", ""Repair pattern"": ""Isolated"", ""Root cause"": ""Algorithm"", ""Symptom"": ""Functional error""}",data/raw_stage1/icse2023_an_empirical_study_on_bugs/PyTorchBugDataset.xlsx,Dataset,109
icse2023_an_empirical_study_on_bugs:1cc73dee2057976c,icse2023_an_empirical_study_on_bugs,pytorch,https://github.com/pytorch/pytorch/issues/51102,PyTorch issue 51102,,,,,,Functional error,Algorithm,,Core,,,,Isolated,,"{""Component"": ""Core"", ""Fix URL"": ""https://github.com/pytorch/pytorch/pull/55044"", ""Issue #"": ""51102"", ""Issue URL"": ""https://github.com/pytorch/pytorch/issues/51102"", ""Repair pattern"": ""Isolated"", ""Root cause"": ""Algorithm"", ""Symptom"": ""Functional error""}",data/raw_stage1/icse2023_an_empirical_study_on_bugs/PyTorchBugDataset.xlsx,Dataset,110
icse2023_an_empirical_study_on_bugs:dff227004fba1586,icse2023_an_empirical_study_on_bugs,pytorch,https://github.com/pytorch/pytorch/issues/51349,PyTorch issue 51349,,,,,,Performance degradation,Inconsistency,,Test,,,,Type replacer,,"{""Component"": ""Test"", ""Fix URL"": ""https://github.com/pytorch/pytorch/commit/2e8e560cdf003cfb3f17523bb68fdd642fece082"", ""Issue #"": ""51349"", ""Issue URL"": ""https://github.com/pytorch/pytorch/issues/51349"", ""Repair pattern"": ""Type replacer"", ""Root cause"": ""Inconsistency"", ""Symptom"": ""Performance degradation""}",data/raw_stage1/icse2023_an_empirical_study_on_bugs/PyTorchBugDataset.xlsx,Dataset,111
icse2023_an_empirical_study_on_bugs:6b23c59c8419a73a,icse2023_an_empirical_study_on_bugs,pytorch,https://github.com/pytorch/pytorch/issues/51980,PyTorch issue 51980,,,,,,Crash,Inconsistency,,CUDA,,,,Configuration,,"{""Component"": ""CUDA"", ""Fix URL"": ""https://github.com/pytorch/pytorch/pull/51598"", ""Issue #"": ""51980"", ""Issue URL"": ""https://github.com/pytorch/pytorch/issues/51980"", ""Repair pattern"": ""Configuration"", ""Root cause"": ""Inconsistency"", ""Symptom"": ""Crash""}",data/raw_stage1/icse2023_an_empirical_study_on_bugs/PyTorchBugDataset.xlsx,Dataset,112
icse2023_an_empirical_study_on_bugs:37caf248eb96d262,icse2023_an_empirical_study_on_bugs,pytorch,https://github.com/pytorch/pytorch/issues/52146,PyTorch issue 52146,,,,,,Functional error,Inconsistency,,Core,,,,Type replacer,,"{""Component"": ""Core"", ""Fix URL"": ""https://github.com/pytorch/pytorch/pull/52616"", ""Issue #"": ""52146"", ""Issue URL"": ""https://github.com/pytorch/pytorch/issues/52146"", ""Repair pattern"": ""Type replacer"", ""Root cause"": ""Inconsistency"", ""Symptom"": ""Functional error""}",data/raw_stage1/icse2023_an_empirical_study_on_bugs/PyTorchBugDataset.xlsx,Dataset,113
icse2023_an_empirical_study_on_bugs:4836b78ec7aad808,icse2023_an_empirical_study_on_bugs,pytorch,https://github.com/pytorch/pytorch/issues/52463,PyTorch issue 52463,,,,,,Crash,Memory,,API,,,,Configuration,,"{""Component"": ""API"", ""Fix URL"": ""https://github.com/pytorch/pytorch/pull/52645"", ""Issue #"": ""52463"", ""Issue URL"": ""https://github.com/pytorch/pytorch/issues/52463"", ""Repair pattern"": ""Configuration"", ""Root cause"": ""Memory"", ""Symptom"": ""Crash""}",data/raw_stage1/icse2023_an_empirical_study_on_bugs/PyTorchBugDataset.xlsx,Dataset,114
icse2023_an_empirical_study_on_bugs:2301e7cb136fd746,icse2023_an_empirical_study_on_bugs,pytorch,https://github.com/pytorch/pytorch/issues/52822,PyTorch issue 52822,,,,,,Crash,Memory,,Core,,,,Type replacer,,"{""Component"": ""Core"", ""Fix URL"": ""https://github.com/pytorch/pytorch/pull/52828"", ""Issue #"": ""52822"", ""Issue URL"": ""https://github.com/pytorch/pytorch/issues/52822"", ""Repair pattern"": ""Type replacer"", ""Root cause"": ""Memory"", ""Symptom"": ""Crash""}",data/raw_stage1/icse2023_an_empirical_study_on_bugs/PyTorchBugDataset.xlsx,Dataset,115
icse2023_an_empirical_study_on_bugs:5fdf9e058730cb73,icse2023_an_empirical_study_on_bugs,pytorch,https://github.com/pytorch/pytorch/issues/52843,PyTorch issue 52843,,,,,,Build failure,Inconsistency,,Documentation,,,,Configuration,,"{""Component"": ""Documentation"", ""Fix URL"": ""https://github.com/pytorch/pytorch/pull/52908"", ""Issue #"": ""52843"", ""Issue URL"": ""https://github.com/pytorch/pytorch/issues/52843"", ""Repair pattern"": ""Configuration"", ""Root cause"": ""Inconsistency"", ""Symptom"": ""Build failure""}",data/raw_stage1/icse2023_an_empirical_study_on_bugs/PyTorchBugDataset.xlsx,Dataset,116
icse2023_an_empirical_study_on_bugs:41b3cedc8f9596cc,icse2023_an_empirical_study_on_bugs,pytorch,https://github.com/pytorch/pytorch/issues/52857,PyTorch issue 52857,,,,,,Build failure,Configuration error,,Tools,,,,Initializer modifier,,"{""Component"": ""Tools"", ""Fix URL"": ""https://github.com/pytorch/pytorch/commit/44b9fcfb55e181d647b77270b1a77aa103eed97b"", ""Issue #"": ""52857"", ""Issue URL"": ""https://github.com/pytorch/pytorch/issues/52857"", ""Repair pattern"": ""Initializer modifier"", ""Root cause"": ""Configuration error"", ""Symptom"": ""Build failure""}",data/raw_stage1/icse2023_an_empirical_study_on_bugs/PyTorchBugDataset.xlsx,Dataset,117
icse2023_an_empirical_study_on_bugs:a1268fe97b2ef67a,icse2023_an_empirical_study_on_bugs,pytorch,https://github.com/pytorch/pytorch/issues/53171,PyTorch issue 53171,,,,,,Warning-style error,Inconsistency,,"Core, Computation graph",,,,Isolated,,"{""Component"": ""Core, Computation graph"", ""Fix URL"": ""https://github.com/pytorch/pytorch/pull/53685"", ""Issue #"": ""53171"", ""Issue URL"": ""https://github.com/pytorch/pytorch/issues/53171"", ""Repair pattern"": ""Isolated"", ""Root cause"": ""Inconsistency"", ""Symptom"": ""Warning-style error""}",data/raw_stage1/icse2023_an_empirical_study_on_bugs/PyTorchBugDataset.xlsx,Dataset,118
icse2023_an_empirical_study_on_bugs:c5b13837433958f5,icse2023_an_empirical_study_on_bugs,pytorch,https://github.com/pytorch/pytorch/issues/53350,PyTorch issue 53350,,,,,,Warning-style error,Configuration error,,Config,,,,Condition replacer,,"{""Component"": ""Config"", ""Fix URL"": ""https://github.com/pytorch/pytorch/commit/133d8abbfc764a6e32e54a44113f46e715fe385c"", ""Issue #"": ""53350"", ""Issue URL"": ""https://github.com/pytorch/pytorch/issues/53350"", ""Repair pattern"": ""Condition replacer"", ""Root cause"": ""Configuration error"", ""Symptom"": ""Warning-style error""}",data/raw_stage1/icse2023_an_empirical_study_on_bugs/PyTorchBugDataset.xlsx,Dataset,119
icse2023_an_empirical_study_on_bugs:2c628955e967938e,icse2023_an_empirical_study_on_bugs,pytorch,https://github.com/pytorch/pytorch/issues/53456,PyTorch issue 53456,,,,,,Crash,Logic error,,?,,,,Configuration,,"{""Component"": ""?"", ""Fix URL"": ""https://github.com/pytorch/pytorch/pull/53736"", ""Issue #"": ""53456"", ""Issue URL"": ""https://github.com/pytorch/pytorch/issues/53456"", ""Repair pattern"": ""Configuration"", ""Root cause"": ""Logic error"", ""Symptom"": ""Crash""}",data/raw_stage1/icse2023_an_empirical_study_on_bugs/PyTorchBugDataset.xlsx,Dataset,120
icse2023_an_empirical_study_on_bugs:d2c5cd99e36f88e5,icse2023_an_empirical_study_on_bugs,pytorch,https://github.com/pytorch/pytorch/issues/53882,PyTorch issue 53882,,,,,,Warning-style error,Logic error,,Config,,,,Isolated,,"{""Component"": ""Config"", ""Fix URL"": ""https://github.com/pytorch/pytorch/commit/635595f706f83b9f4bf3193afffdbf297e1d6422"", ""Issue #"": ""53882"", ""Issue URL"": ""https://github.com/pytorch/pytorch/issues/53882"", ""Repair pattern"": ""Isolated"", ""Root cause"": ""Logic error"", ""Symptom"": ""Warning-style error""}",data/raw_stage1/icse2023_an_empirical_study_on_bugs/PyTorchBugDataset.xlsx,Dataset,121
icse2023_an_empirical_study_on_bugs:bbb07fd10283e3ee,icse2023_an_empirical_study_on_bugs,pytorch,https://github.com/pytorch/pytorch/issues/54036,PyTorch issue 54036,,,,,,Crash,Corner case,,Core,,,,Condition replacer,,"{""Component"": ""Core"", ""Fix URL"": ""https://github.com/pytorch/pytorch/pull/54080"", ""Issue #"": ""54036"", ""Issue URL"": ""https://github.com/pytorch/pytorch/issues/54036"", ""Repair pattern"": ""Condition replacer"", ""Root cause"": ""Corner case"", ""Symptom"": ""Crash""}",data/raw_stage1/icse2023_an_empirical_study_on_bugs/PyTorchBugDataset.xlsx,Dataset,122
icse2023_an_empirical_study_on_bugs:1696841d2e2e535f,icse2023_an_empirical_study_on_bugs,pytorch,https://github.com/pytorch/pytorch/issues/54136,PyTorch issue 54136,,,,,,Functional error,Logic error,,Core,,,,Value checker,,"{""Component"": ""Core"", ""Fix URL"": ""https://github.com/pytorch/pytorch/pull/55794"", ""Issue #"": ""54136"", ""Issue URL"": ""https://github.com/pytorch/pytorch/issues/54136"", ""Repair pattern"": ""Value checker"", ""Root cause"": ""Logic error"", ""Symptom"": ""Functional error""}",data/raw_stage1/icse2023_an_empirical_study_on_bugs/PyTorchBugDataset.xlsx,Dataset,123
icse2023_an_empirical_study_on_bugs:2d0fc18cac4cc3cc,icse2023_an_empirical_study_on_bugs,pytorch,https://github.com/pytorch/pytorch/issues/54495,PyTorch issue 54495,,,,,,Crash,Logic error,,NN modules,,,,Value checker,,"{""Component"": ""NN modules"", ""Fix URL"": ""https://github.com/pytorch/pytorch/pull/54568"", ""Issue #"": ""54495"", ""Issue URL"": ""https://github.com/pytorch/pytorch/issues/54495"", ""Repair pattern"": ""Value checker"", ""Root cause"": ""Logic error"", ""Symptom"": ""Crash""}",data/raw_stage1/icse2023_an_empirical_study_on_bugs/PyTorchBugDataset.xlsx,Dataset,124
icse2023_an_empirical_study_on_bugs:47d46cf4cc2da9f5,icse2023_an_empirical_study_on_bugs,pytorch,https://github.com/pytorch/pytorch/issues/54752,PyTorch issue 54752,,,,,,Crash,Logic error,,Tools,,,,Isolated,,"{""Component"": ""Tools"", ""Fix URL"": ""https://github.com/pytorch/pytorch/commit/8ed20b3f65d9b0ad3582cd820d5e8635d830b0c7"", ""Issue #"": ""54752"", ""Issue URL"": ""https://github.com/pytorch/pytorch/issues/54752"", ""Repair pattern"": ""Isolated"", ""Root cause"": ""Logic error"", ""Symptom"": ""Crash""}",data/raw_stage1/icse2023_an_empirical_study_on_bugs/PyTorchBugDataset.xlsx,Dataset,125
icse2023_an_empirical_study_on_bugs:a749cc5c31a03c4f,icse2023_an_empirical_study_on_bugs,pytorch,https://github.com/pytorch/pytorch/issues/54846,PyTorch issue 54846,,,,,,Warning-style error,Inconsistency,,Core,,,,Value checker,,"{""Component"": ""Core"", ""Fix URL"": ""https://github.com/pytorch/pytorch/pull/55911"", ""Issue #"": ""54846"", ""Issue URL"": ""https://github.com/pytorch/pytorch/issues/54846"", ""Repair pattern"": ""Value checker"", ""Root cause"": ""Inconsistency"", ""Symptom"": ""Warning-style error""}",data/raw_stage1/icse2023_an_empirical_study_on_bugs/PyTorchBugDataset.xlsx,Dataset,126
icse2023_an_empirical_study_on_bugs:e972e9891ac32730,icse2023_an_empirical_study_on_bugs,pytorch,https://github.com/pytorch/pytorch/issues/55088,PyTorch issue 55088,,,,,,Crash,Inconsistency,,Test,,,,Isolated,,"{""Component"": ""Test"", ""Fix URL"": ""https://github.com/pytorch/pytorch/commit/0910363e8f539e12a6638c6ecb966cb46f6ce481"", ""Issue #"": ""55088"", ""Issue URL"": ""https://github.com/pytorch/pytorch/issues/55088"", ""Repair pattern"": ""Isolated"", ""Root cause"": ""Inconsistency"", ""Symptom"": ""Crash""}",data/raw_stage1/icse2023_an_empirical_study_on_bugs/PyTorchBugDataset.xlsx,Dataset,127
icse2023_an_empirical_study_on_bugs:50acaeb68d64a35d,icse2023_an_empirical_study_on_bugs,pytorch,https://github.com/pytorch/pytorch/issues/55589,PyTorch issue 55589,,,,,,Functional error,Algorithm,,?,,,,Isolated,,"{""Component"": ""?"", ""Fix URL"": ""https://github.com/pytorch/pytorch/pull/61579"", ""Issue #"": ""55589"", ""Issue URL"": ""https://github.com/pytorch/pytorch/issues/55589"", ""Repair pattern"": ""Isolated"", ""Root cause"": ""Algorithm"", ""Symptom"": ""Functional error""}",data/raw_stage1/icse2023_an_empirical_study_on_bugs/PyTorchBugDataset.xlsx,Dataset,128
icse2023_an_empirical_study_on_bugs:e502d2571ed9b62b,icse2023_an_empirical_study_on_bugs,pytorch,https://github.com/pytorch/pytorch/issues/55768,PyTorch issue 55768,,,,,,Performance degradation,Logic error,,CUDA,,,,Isolated,,"{""Component"": ""CUDA"", ""Fix URL"": ""https://github.com/pytorch/pytorch/pull/62534"", ""Issue #"": ""55768"", ""Issue URL"": ""https://github.com/pytorch/pytorch/issues/55768"", ""Repair pattern"": ""Isolated"", ""Root cause"": ""Logic error"", ""Symptom"": ""Performance degradation""}",data/raw_stage1/icse2023_an_empirical_study_on_bugs/PyTorchBugDataset.xlsx,Dataset,129
icse2023_an_empirical_study_on_bugs:182fd78fdcee729f,icse2023_an_empirical_study_on_bugs,pytorch,https://github.com/pytorch/pytorch/issues/55929,PyTorch issue 55929,,,,,,Crash,Corner case,,?,,,,Configuration,,"{""Component"": ""?"", ""Fix URL"": ""https://github.com/pytorch/pytorch/pull/56105"", ""Issue #"": ""55929"", ""Issue URL"": ""https://github.com/pytorch/pytorch/issues/55929"", ""Repair pattern"": ""Configuration"", ""Root cause"": ""Corner case"", ""Symptom"": ""Crash""}",data/raw_stage1/icse2023_an_empirical_study_on_bugs/PyTorchBugDataset.xlsx,Dataset,130
icse2023_an_empirical_study_on_bugs:3e9c2503e8eed030,icse2023_an_empirical_study_on_bugs,pytorch,https://github.com/pytorch/pytorch/issues/56022,PyTorch issue 56022,,,,,,Functional error,Corner case,,Core,,,,Format checker,,"{""Component"": ""Core"", ""Fix URL"": ""https://github.com/pytorch/pytorch/pull/56286"", ""Issue #"": ""56022"", ""Issue URL"": ""https://github.com/pytorch/pytorch/issues/56022"", ""Repair pattern"": ""Format checker"", ""Root cause"": ""Corner case"", ""Symptom"": ""Functional error""}",data/raw_stage1/icse2023_an_empirical_study_on_bugs/PyTorchBugDataset.xlsx,Dataset,131
icse2023_an_empirical_study_on_bugs:0ad2360f7208f140,icse2023_an_empirical_study_on_bugs,pytorch,https://github.com/pytorch/pytorch/issues/56627,PyTorch issue 56627,,,,,,Functional error,Type confusion,,Core,,,,Type replacer,,"{""Component"": ""Core"", ""Fix URL"": ""https://github.com/pytorch/pytorch/pull/58066"", ""Issue #"": ""56627"", ""Issue URL"": ""https://github.com/pytorch/pytorch/issues/56627"", ""Repair pattern"": ""Type replacer"", ""Root cause"": ""Type confusion"", ""Symptom"": ""Functional error""}",data/raw_stage1/icse2023_an_empirical_study_on_bugs/PyTorchBugDataset.xlsx,Dataset,132
icse2023_an_empirical_study_on_bugs:21402a636b0d8ee9,icse2023_an_empirical_study_on_bugs,pytorch,https://github.com/pytorch/pytorch/issues/57273,PyTorch issue 57273,,,,,,Warning-style error,Inconsistency,,Tools,,,,Isolated,,"{""Component"": ""Tools"", ""Fix URL"": ""https://github.com/pytorch/pytorch/pull/60318"", ""Issue #"": ""57273"", ""Issue URL"": ""https://github.com/pytorch/pytorch/issues/57273"", ""Repair pattern"": ""Isolated"", ""Root cause"": ""Inconsistency"", ""Symptom"": ""Warning-style error""}",data/raw_stage1/icse2023_an_empirical_study_on_bugs/PyTorchBugDataset.xlsx,Dataset,133
icse2023_an_empirical_study_on_bugs:923b5b57a87a9e7d,icse2023_an_empirical_study_on_bugs,pytorch,https://github.com/pytorch/pytorch/issues/57381,PyTorch issue 57381,,,,,,Performance degradation,Algorithm,,Test,,,,Method replacer,,"{""Component"": ""Test"", ""Fix URL"": ""https://github.com/pytorch/pytorch/commit/457a0b63bf172593b604951547b9549a31075b68"", ""Issue #"": ""57381"", ""Issue URL"": ""https://github.com/pytorch/pytorch/issues/57381"", ""Repair pattern"": ""Method replacer"", ""Root cause"": ""Algorithm"", ""Symptom"": ""Performance degradation""}",data/raw_stage1/icse2023_an_empirical_study_on_bugs/PyTorchBugDataset.xlsx,Dataset,134
icse2023_an_empirical_study_on_bugs:007e61a6dd3bbd51,icse2023_an_empirical_study_on_bugs,pytorch,https://github.com/pytorch/pytorch/issues/58073,PyTorch issue 58073,,,,,,Warning-style error,Inconsistency,,Core,,,,Isolated,,"{""Component"": ""Core"", ""Fix URL"": ""https://github.com/pytorch/pytorch/pull/58074"", ""Issue #"": ""58073"", ""Issue URL"": ""https://github.com/pytorch/pytorch/issues/58073"", ""Repair pattern"": ""Isolated"", ""Root cause"": ""Inconsistency"", ""Symptom"": ""Warning-style error""}",data/raw_stage1/icse2023_an_empirical_study_on_bugs/PyTorchBugDataset.xlsx,Dataset,135
icse2023_an_empirical_study_on_bugs:0a9ab518e07dd258,icse2023_an_empirical_study_on_bugs,pytorch,https://github.com/pytorch/pytorch/issues/58253,PyTorch issue 58253,,,,,,Crash,Logic error,,Tools,,,,Condition replacer,,"{""Component"": ""Tools"", ""Fix URL"": ""https://github.com/pytorch/pytorch/pull/58261"", ""Issue #"": ""58253"", ""Issue URL"": ""https://github.com/pytorch/pytorch/issues/58253"", ""Repair pattern"": ""Condition replacer"", ""Root cause"": ""Logic error"", ""Symptom"": ""Crash""}",data/raw_stage1/icse2023_an_empirical_study_on_bugs/PyTorchBugDataset.xlsx,Dataset,136
icse2023_an_empirical_study_on_bugs:d9f996ee633be29c,icse2023_an_empirical_study_on_bugs,pytorch,https://github.com/pytorch/pytorch/issues/58520,PyTorch issue 58520,,,,,,Crash,Logic error,,Tools,,,,Value checker,,"{""Component"": ""Tools"", ""Fix URL"": ""https://github.com/pytorch/pytorch/pull/58631"", ""Issue #"": ""58520"", ""Issue URL"": ""https://github.com/pytorch/pytorch/issues/58520"", ""Repair pattern"": ""Value checker"", ""Root cause"": ""Logic error"", ""Symptom"": ""Crash""}",data/raw_stage1/icse2023_an_empirical_study_on_bugs/PyTorchBugDataset.xlsx,Dataset,137
icse2023_an_empirical_study_on_bugs:09309157476f6f11,icse2023_an_empirical_study_on_bugs,pytorch,https://github.com/pytorch/pytorch/issues/58769,PyTorch issue 58769,,,,,,Crash,Logic error,,?,,,,Initializer modifier,,"{""Component"": ""?"", ""Fix URL"": ""https://github.com/pytorch/pytorch/pull/59223"", ""Issue #"": ""58769"", ""Issue URL"": ""https://github.com/pytorch/pytorch/issues/58769"", ""Repair pattern"": ""Initializer modifier"", ""Root cause"": ""Logic error"", ""Symptom"": ""Crash""}",data/raw_stage1/icse2023_an_empirical_study_on_bugs/PyTorchBugDataset.xlsx,Dataset,138
icse2023_an_empirical_study_on_bugs:e00246a1ae810c1e,icse2023_an_empirical_study_on_bugs,pytorch,https://github.com/pytorch/pytorch/issues/59198,PyTorch issue 59198,,,,,,Functional error,Corner case,,Core,,,,Method replacer,,"{""Component"": ""Core"", ""Fix URL"": ""https://github.com/pytorch/pytorch/pull/60273"", ""Issue #"": ""59198"", ""Issue URL"": ""https://github.com/pytorch/pytorch/issues/59198"", ""Repair pattern"": ""Method replacer"", ""Root cause"": ""Corner case"", ""Symptom"": ""Functional error""}",data/raw_stage1/icse2023_an_empirical_study_on_bugs/PyTorchBugDataset.xlsx,Dataset,139
icse2023_an_empirical_study_on_bugs:2bd671226c609041,icse2023_an_empirical_study_on_bugs,pytorch,https://github.com/pytorch/pytorch/issues/59248,PyTorch issue 59248,,,,,,Crash,Inconsistency,,Core,,,,Isolated,,"{""Component"": ""Core"", ""Fix URL"": ""https://github.com/pytorch/pytorch/pull/59382"", ""Issue #"": ""59248"", ""Issue URL"": ""https://github.com/pytorch/pytorch/issues/59248"", ""Repair pattern"": ""Isolated"", ""Root cause"": ""Inconsistency"", ""Symptom"": ""Crash""}",data/raw_stage1/icse2023_an_empirical_study_on_bugs/PyTorchBugDataset.xlsx,Dataset,140
icse2023_an_empirical_study_on_bugs:1a981761d7dcf552,icse2023_an_empirical_study_on_bugs,pytorch,https://github.com/pytorch/pytorch/issues/59312,PyTorch issue 59312,,,,,,Performance degradation,Logic error,,Tools,,,,Exception adder,,"{""Component"": ""Tools"", ""Fix URL"": ""https://github.com/pytorch/pytorch/pull/59313"", ""Issue #"": ""59312"", ""Issue URL"": ""https://github.com/pytorch/pytorch/issues/59312"", ""Repair pattern"": ""Exception adder"", ""Root cause"": ""Logic error"", ""Symptom"": ""Performance degradation""}",data/raw_stage1/icse2023_an_empirical_study_on_bugs/PyTorchBugDataset.xlsx,Dataset,141
icse2023_an_empirical_study_on_bugs:d6a85dc9c5466886,icse2023_an_empirical_study_on_bugs,pytorch,https://github.com/pytorch/pytorch/issues/59378,PyTorch issue 59378,,,,,,Functional error,Corner case,,Tools,,,,Exception modifier,,"{""Component"": ""Tools"", ""Fix URL"": ""https://github.com/pytorch/pytorch/pull/59464"", ""Issue #"": ""59378"", ""Issue URL"": ""https://github.com/pytorch/pytorch/issues/59378"", ""Repair pattern"": ""Exception modifier"", ""Root cause"": ""Corner case"", ""Symptom"": ""Functional error""}",data/raw_stage1/icse2023_an_empirical_study_on_bugs/PyTorchBugDataset.xlsx,Dataset,142
icse2023_an_empirical_study_on_bugs:8c43436d2ae206dc,icse2023_an_empirical_study_on_bugs,pytorch,https://github.com/pytorch/pytorch/issues/59859,PyTorch issue 59859,,,,,,Performance degradation,Configuration error,,Tools,,,,Parameter modifier,,"{""Component"": ""Tools"", ""Fix URL"": ""https://github.com/pytorch/pytorch/pull/63074"", ""Issue #"": ""59859"", ""Issue URL"": ""https://github.com/pytorch/pytorch/issues/59859"", ""Repair pattern"": ""Parameter modifier"", ""Root cause"": ""Configuration error"", ""Symptom"": ""Performance degradation""}",data/raw_stage1/icse2023_an_empirical_study_on_bugs/PyTorchBugDataset.xlsx,Dataset,143
icse2023_an_empirical_study_on_bugs:2bf67e6ea8df92e2,icse2023_an_empirical_study_on_bugs,pytorch,https://github.com/pytorch/pytorch/issues/60053,PyTorch issue 60053,,,,,,Warning-style error,Inconsistency,,Core,,,,Parameter modifier,,"{""Component"": ""Core"", ""Fix URL"": ""https://github.com/pytorch/pytorch/pull/60059"", ""Issue #"": ""60053"", ""Issue URL"": ""https://github.com/pytorch/pytorch/issues/60053"", ""Repair pattern"": ""Parameter modifier"", ""Root cause"": ""Inconsistency"", ""Symptom"": ""Warning-style error""}",data/raw_stage1/icse2023_an_empirical_study_on_bugs/PyTorchBugDataset.xlsx,Dataset,144
icse2023_an_empirical_study_on_bugs:53f2df9edb971c17,icse2023_an_empirical_study_on_bugs,pytorch,https://github.com/pytorch/pytorch/issues/60187,PyTorch issue 60187,,,,,,Functional error,Corner case,,Core,,,,Method replacer,,"{""Component"": ""Core"", ""Fix URL"": ""https://github.com/pytorch/pytorch/pull/60842"", ""Issue #"": ""60187"", ""Issue URL"": ""https://github.com/pytorch/pytorch/issues/60187"", ""Repair pattern"": ""Method replacer"", ""Root cause"": ""Corner case"", ""Symptom"": ""Functional error""}",data/raw_stage1/icse2023_an_empirical_study_on_bugs/PyTorchBugDataset.xlsx,Dataset,145
icse2023_an_empirical_study_on_bugs:3a8625da6c52f981,icse2023_an_empirical_study_on_bugs,pytorch,https://github.com/pytorch/pytorch/issues/60892,PyTorch issue 60892,,,,,,Crash,Configuration error,,Core,,,,Isolated,,"{""Component"": ""Core"", ""Fix URL"": ""https://github.com/pytorch/pytorch/pull/60945"", ""Issue #"": ""60892"", ""Issue URL"": ""https://github.com/pytorch/pytorch/issues/60892"", ""Repair pattern"": ""Isolated"", ""Root cause"": ""Configuration error"", ""Symptom"": ""Crash""}",data/raw_stage1/icse2023_an_empirical_study_on_bugs/PyTorchBugDataset.xlsx,Dataset,146
icse2023_an_empirical_study_on_bugs:9b54a0d5b4afd225,icse2023_an_empirical_study_on_bugs,pytorch,https://github.com/pytorch/pytorch/issues/61251,PyTorch issue 61251,,,,,,Crash,Logic error,,Core,,,,Value checker,,"{""Component"": ""Core"", ""Fix URL"": ""https://github.com/pytorch/pytorch/pull/67544"", ""Issue #"": ""61251"", ""Issue URL"": ""https://github.com/pytorch/pytorch/issues/61251"", ""Repair pattern"": ""Value checker"", ""Root cause"": ""Logic error"", ""Symptom"": ""Crash""}",data/raw_stage1/icse2023_an_empirical_study_on_bugs/PyTorchBugDataset.xlsx,Dataset,147
icse2023_an_empirical_study_on_bugs:338f1c9902402c38,icse2023_an_empirical_study_on_bugs,pytorch,https://github.com/pytorch/pytorch/issues/61455,PyTorch issue 61455,,,,,,Crash,Inconsistency,,Core,,,,Isolated,,"{""Component"": ""Core"", ""Fix URL"": ""https://github.com/pytorch/pytorch/commit/3a0801f9607edb5d34b65b87ac567d7740cacefe"", ""Issue #"": ""61455"", ""Issue URL"": ""https://github.com/pytorch/pytorch/issues/61455"", ""Repair pattern"": ""Isolated"", ""Root cause"": ""Inconsistency"", ""Symptom"": ""Crash""}",data/raw_stage1/icse2023_an_empirical_study_on_bugs/PyTorchBugDataset.xlsx,Dataset,148
icse2023_an_empirical_study_on_bugs:1fac1303be5c09e5,icse2023_an_empirical_study_on_bugs,pytorch,https://github.com/pytorch/pytorch/issues/61656,PyTorch issue 61656,,,,,,Crash,Corner case,,Core,,,,Value checker,,"{""Component"": ""Core"", ""Fix URL"": ""https://github.com/pytorch/pytorch/pull/61698"", ""Issue #"": ""61656"", ""Issue URL"": ""https://github.com/pytorch/pytorch/issues/61656"", ""Repair pattern"": ""Value checker"", ""Root cause"": ""Corner case"", ""Symptom"": ""Crash""}",data/raw_stage1/icse2023_an_empirical_study_on_bugs/PyTorchBugDataset.xlsx,Dataset,149
icse2023_an_empirical_study_on_bugs:57eaf1aa57cb7ab6,icse2023_an_empirical_study_on_bugs,pytorch,https://github.com/pytorch/pytorch/issues/62424,PyTorch issue 62424,,,,,,Build failure,Configuration error,,?,,,,Configuration,,"{""Component"": ""?"", ""Fix URL"": ""https://github.com/pytorch/audio/pull/1764"", ""Issue #"": ""62424"", ""Issue URL"": ""https://github.com/pytorch/pytorch/issues/62424"", ""Repair pattern"": ""Configuration"", ""Root cause"": ""Configuration error"", ""Symptom"": ""Build failure""}",data/raw_stage1/icse2023_an_empirical_study_on_bugs/PyTorchBugDataset.xlsx,Dataset,150
icse2023_an_empirical_study_on_bugs:3306fa232959ca0f,icse2023_an_empirical_study_on_bugs,pytorch,https://github.com/pytorch/pytorch/issues/62690,PyTorch issue 62690,,,,,,Performance degradation,Memory,,Core,,,,Isolated,,"{""Component"": ""Core"", ""Fix URL"": ""https://github.com/pytorch/pytorch/pull/64835"", ""Issue #"": ""62690"", ""Issue URL"": ""https://github.com/pytorch/pytorch/issues/62690"", ""Repair pattern"": ""Isolated"", ""Root cause"": ""Memory"", ""Symptom"": ""Performance degradation""}",data/raw_stage1/icse2023_an_empirical_study_on_bugs/PyTorchBugDataset.xlsx,Dataset,151
icse2023_an_empirical_study_on_bugs:b52b663a7a93f71e,icse2023_an_empirical_study_on_bugs,pytorch,https://github.com/pytorch/pytorch/issues/62793,PyTorch issue 62793,,,,,,Build failure,Referenced types error,,"Core, Computation graph",,,,Isolated,,"{""Component"": ""Core, Computation graph"", ""Fix URL"": ""https://github.com/pytorch/pytorch/pull/63250"", ""Issue #"": ""62793"", ""Issue URL"": ""https://github.com/pytorch/pytorch/issues/62793"", ""Repair pattern"": ""Isolated"", ""Root cause"": ""Referenced types error"", ""Symptom"": ""Build failure""}",data/raw_stage1/icse2023_an_empirical_study_on_bugs/PyTorchBugDataset.xlsx,Dataset,152
icse2023_an_empirical_study_on_bugs:bac677a588489b39,icse2023_an_empirical_study_on_bugs,pytorch,https://github.com/pytorch/pytorch/issues/62967,PyTorch issue 62967,,,,,,Functional error,Inconsistency,,Cuda,,,,Isolated,,"{""Component"": ""Cuda"", ""Fix URL"": ""https://github.com/pytorch/pytorch/commit/4d7a12f68bf0d9e1804b572f5a6eebbbd9895a88"", ""Issue #"": ""62967"", ""Issue URL"": ""https://github.com/pytorch/pytorch/issues/62967"", ""Repair pattern"": ""Isolated"", ""Root cause"": ""Inconsistency"", ""Symptom"": ""Functional error""}",data/raw_stage1/icse2023_an_empirical_study_on_bugs/PyTorchBugDataset.xlsx,Dataset,153
icse2023_an_empirical_study_on_bugs:a5b9a20fe1595e32,icse2023_an_empirical_study_on_bugs,pytorch,https://github.com/pytorch/pytorch/issues/63281,PyTorch issue 63281,,,,,,Functional error,Processing,,Core,,,,Isolated,,"{""Component"": ""Core"", ""Fix URL"": ""https://github.com/pytorch/pytorch/pull/63390"", ""Issue #"": ""63281"", ""Issue URL"": ""https://github.com/pytorch/pytorch/issues/63281"", ""Repair pattern"": ""Isolated"", ""Root cause"": ""Processing"", ""Symptom"": ""Functional error""}",data/raw_stage1/icse2023_an_empirical_study_on_bugs/PyTorchBugDataset.xlsx,Dataset,154
icse2023_an_empirical_study_on_bugs:75d18b00f92878f6,icse2023_an_empirical_study_on_bugs,pytorch,https://github.com/pytorch/pytorch/issues/65396,PyTorch issue 65396,,,,,,Crash,Type confusion,,Core,,,,Isolated,,"{""Component"": ""Core"", ""Fix URL"": ""https://github.com/pytorch/pytorch/pull/70749"", ""Issue #"": ""65396"", ""Issue URL"": ""https://github.com/pytorch/pytorch/issues/65396"", ""Repair pattern"": ""Isolated"", ""Root cause"": ""Type confusion"", ""Symptom"": ""Crash""}",data/raw_stage1/icse2023_an_empirical_study_on_bugs/PyTorchBugDataset.xlsx,Dataset,155
icse2023_an_empirical_study_on_bugs:cbdb6dfc253c6d2a,icse2023_an_empirical_study_on_bugs,pytorch,https://github.com/pytorch/pytorch/issues/66802,PyTorch issue 66802,,,,,,Performance degradation,Algorithm,,?,,,,Isolated,,"{""Component"": ""?"", ""Fix URL"": ""https://github.com/pytorch/pytorch/pull/66812"", ""Issue #"": ""66802"", ""Issue URL"": ""https://github.com/pytorch/pytorch/issues/66802"", ""Repair pattern"": ""Isolated"", ""Root cause"": ""Algorithm"", ""Symptom"": ""Performance degradation""}",data/raw_stage1/icse2023_an_empirical_study_on_bugs/PyTorchBugDataset.xlsx,Dataset,156
icse2023_an_empirical_study_on_bugs:edf0345f8151d00b,icse2023_an_empirical_study_on_bugs,pytorch,https://github.com/pytorch/pytorch/issues/66946,PyTorch issue 66946,,,,,,Crash,Corner case,,Tools,,,,Isolated,,"{""Component"": ""Tools"", ""Fix URL"": ""https://github.com/pytorch/pytorch/pull/71393"", ""Issue #"": ""66946"", ""Issue URL"": ""https://github.com/pytorch/pytorch/issues/66946"", ""Repair pattern"": ""Isolated"", ""Root cause"": ""Corner case"", ""Symptom"": ""Crash""}",data/raw_stage1/icse2023_an_empirical_study_on_bugs/PyTorchBugDataset.xlsx,Dataset,157
icse2023_an_empirical_study_on_bugs:5184050ed12686c6,icse2023_an_empirical_study_on_bugs,pytorch,https://github.com/pytorch/pytorch/issues/67239,PyTorch issue 67239,,,,,,Performance degradation,Algorithm,,Cuda,,,,Variable replacer,,"{""Component"": ""Cuda"", ""Fix URL"": ""https://github.com/pytorch/pytorch/commit/31cf3d6aad86a77a0c9459cfcda947197f84ca59"", ""Issue #"": ""67239"", ""Issue URL"": ""https://github.com/pytorch/pytorch/issues/67239"", ""Repair pattern"": ""Variable replacer"", ""Root cause"": ""Algorithm"", ""Symptom"": ""Performance degradation""}",data/raw_stage1/icse2023_an_empirical_study_on_bugs/PyTorchBugDataset.xlsx,Dataset,158
icse2023_an_empirical_study_on_bugs:d4d38e4a8f06aa11,icse2023_an_empirical_study_on_bugs,pytorch,https://github.com/pytorch/pytorch/issues/67626,PyTorch issue 67626,,,,,,Performance degradation,Concurrency,,Framework,,,,Isolated,,"{""Component"": ""Framework"", ""Fix URL"": ""https://github.com/pytorch/pytorch/pull/70206"", ""Issue #"": ""67626"", ""Issue URL"": ""https://github.com/pytorch/pytorch/issues/67626"", ""Repair pattern"": ""Isolated"", ""Root cause"": ""Concurrency"", ""Symptom"": ""Performance degradation""}",data/raw_stage1/icse2023_an_empirical_study_on_bugs/PyTorchBugDataset.xlsx,Dataset,159
icse2023_an_empirical_study_on_bugs:e1e5baac02a04bdf,icse2023_an_empirical_study_on_bugs,pytorch,https://github.com/pytorch/pytorch/issues/71063,PyTorch issue 71063,,,,,,Warning-style error,Dimension mismatch,,Tools,,,,Isolated,,"{""Component"": ""Tools"", ""Fix URL"": ""https://github.com/pytorch/pytorch/pull/71065"", ""Issue #"": ""71063"", ""Issue URL"": ""https://github.com/pytorch/pytorch/issues/71063"", ""Repair pattern"": ""Isolated"", ""Root cause"": ""Dimension mismatch"", ""Symptom"": ""Warning-style error""}",data/raw_stage1/icse2023_an_empirical_study_on_bugs/PyTorchBugDataset.xlsx,Dataset,160
icse2023_an_empirical_study_on_bugs:d16cf11a1abe3c52,icse2023_an_empirical_study_on_bugs,pytorch,https://github.com/pytorch/pytorch/issues/71089,PyTorch issue 71089,,,,,,Crash,Logic error,,Core,,,,Initializer modifier,,"{""Component"": ""Core"", ""Fix URL"": ""https://github.com/pytorch/pytorch/pull/71540"", ""Issue #"": ""71089"", ""Issue URL"": ""https://github.com/pytorch/pytorch/issues/71089"", ""Repair pattern"": ""Initializer modifier"", ""Root cause"": ""Logic error"", ""Symptom"": ""Crash""}",data/raw_stage1/icse2023_an_empirical_study_on_bugs/PyTorchBugDataset.xlsx,Dataset,161
icse2023_an_empirical_study_on_bugs:0d55440329af816d,icse2023_an_empirical_study_on_bugs,pytorch,https://github.com/pytorch/pytorch/issues/71280,PyTorch issue 71280,,,,,,Performance degradation,Referenced types error,,Documentation,,,,Isolated,,"{""Component"": ""Documentation"", ""Fix URL"": ""https://github.com/pytorch/pytorch/pull/71345"", ""Issue #"": ""71280"", ""Issue URL"": ""https://github.com/pytorch/pytorch/issues/71280"", ""Repair pattern"": ""Isolated"", ""Root cause"": ""Referenced types error"", ""Symptom"": ""Performance degradation""}",data/raw_stage1/icse2023_an_empirical_study_on_bugs/PyTorchBugDataset.xlsx,Dataset,162
icse2023_an_empirical_study_on_bugs:332560cc07bd3d21,icse2023_an_empirical_study_on_bugs,pytorch,https://github.com/pytorch/pytorch/issues/17501,PyTorch issue 17501,,,,,,Performance degradation,Corner case,,Core,,,,Isolated,,"{""Component"": ""Core"", ""Fix URL"": ""https://github.com/pytorch/pytorch/pull/36612"", ""Issue #"": ""17501"", ""Issue URL"": ""https://github.com/pytorch/pytorch/issues/17501"", ""Repair pattern"": ""Isolated"", ""Root cause"": ""Corner case"", ""Symptom"": ""Performance degradation""}",data/raw_stage1/icse2023_an_empirical_study_on_bugs/PyTorchBugDataset.xlsx,Dataset,163
icse2023_an_empirical_study_on_bugs:1a6e4053cca80422,icse2023_an_empirical_study_on_bugs,pytorch,https://github.com/pytorch/pytorch/issues/19227,PyTorch issue 19227,,,,,,Crash,Logic error,,Test,,,,Isolated,,"{""Component"": ""Test"", ""Fix URL"": ""https://github.com/pytorch/pytorch/pull/32598"", ""Issue #"": ""19227"", ""Issue URL"": ""https://github.com/pytorch/pytorch/issues/19227"", ""Repair pattern"": ""Isolated"", ""Root cause"": ""Logic error"", ""Symptom"": ""Crash""}",data/raw_stage1/icse2023_an_empirical_study_on_bugs/PyTorchBugDataset.xlsx,Dataset,164
icse2023_an_empirical_study_on_bugs:d79c1c462f49ebe1,icse2023_an_empirical_study_on_bugs,pytorch,https://github.com/pytorch/pytorch/issues/31690,PyTorch issue 31690,,,,,,Performance degradation,Corner case,,Core,,,,Variable replacer,,"{""Component"": ""Core"", ""Fix URL"": ""https://github.com/pytorch/pytorch/pull/46290"", ""Issue #"": ""31690"", ""Issue URL"": ""https://github.com/pytorch/pytorch/issues/31690"", ""Repair pattern"": ""Variable replacer"", ""Root cause"": ""Corner case"", ""Symptom"": ""Performance degradation""}",data/raw_stage1/icse2023_an_empirical_study_on_bugs/PyTorchBugDataset.xlsx,Dataset,165
icse2023_an_empirical_study_on_bugs:d26a0931c92b896a,icse2023_an_empirical_study_on_bugs,pytorch,https://github.com/pytorch/pytorch/issues/36176,PyTorch issue 36176,,,,,,Functional error,Logic error,,Tools,,,,Value checker,,"{""Component"": ""Tools"", ""Fix URL"": ""https://github.com/pytorch/pytorch/pull/38925"", ""Issue #"": ""36176"", ""Issue URL"": ""https://github.com/pytorch/pytorch/issues/36176"", ""Repair pattern"": ""Value checker"", ""Root cause"": ""Logic error"", ""Symptom"": ""Functional error""}",data/raw_stage1/icse2023_an_empirical_study_on_bugs/PyTorchBugDataset.xlsx,Dataset,166
icse2023_an_empirical_study_on_bugs:83efa0d2b21b9bf3,icse2023_an_empirical_study_on_bugs,pytorch,https://github.com/pytorch/pytorch/issues/38024,PyTorch issue 38024,,,,,,Build failure,Configuration error,,Config,,,,Configuration,,"{""Component"": ""Config"", ""Fix URL"": ""https://github.com/pytorch/pytorch/pull/38128"", ""Issue #"": ""38024"", ""Issue URL"": ""https://github.com/pytorch/pytorch/issues/38024"", ""Repair pattern"": ""Configuration"", ""Root cause"": ""Configuration error"", ""Symptom"": ""Build failure""}",data/raw_stage1/icse2023_an_empirical_study_on_bugs/PyTorchBugDataset.xlsx,Dataset,167
icse2023_an_empirical_study_on_bugs:4ed3b257294b7290,icse2023_an_empirical_study_on_bugs,pytorch,https://github.com/pytorch/pytorch/issues/38479,PyTorch issue 38479,,,,,,Crash,Type confusion,,Test,,,,Parameter modifier,,"{""Component"": ""Test"", ""Fix URL"": ""https://github.com/pytorch/pytorch/pull/38741"", ""Issue #"": ""38479"", ""Issue URL"": ""https://github.com/pytorch/pytorch/issues/38479"", ""Repair pattern"": ""Parameter modifier"", ""Root cause"": ""Type confusion"", ""Symptom"": ""Crash""}",data/raw_stage1/icse2023_an_empirical_study_on_bugs/PyTorchBugDataset.xlsx,Dataset,168
icse2023_an_empirical_study_on_bugs:8e2c506e9e844a2c,icse2023_an_empirical_study_on_bugs,pytorch,https://github.com/pytorch/pytorch/issues/38716,PyTorch issue 38716,,,,,,Functional error,Logic error,,Core,,,,Isolated,,"{""Component"": ""Core"", ""Fix URL"": ""https://github.com/pytorch/pytorch/pull/39516"", ""Issue #"": ""38716"", ""Issue URL"": ""https://github.com/pytorch/pytorch/issues/38716"", ""Repair pattern"": ""Isolated"", ""Root cause"": ""Logic error"", ""Symptom"": ""Functional error""}",data/raw_stage1/icse2023_an_empirical_study_on_bugs/PyTorchBugDataset.xlsx,Dataset,169
icse2023_an_empirical_study_on_bugs:bb9324cdffe1f815,icse2023_an_empirical_study_on_bugs,pytorch,https://github.com/pytorch/pytorch/issues/40118,PyTorch issue 40118,,,,,,Functional error,Logic error,,Core,,,,Type replacer,,"{""Component"": ""Core"", ""Fix URL"": ""https://github.com/pytorch/pytorch/pull/40132"", ""Issue #"": ""40118"", ""Issue URL"": ""https://github.com/pytorch/pytorch/issues/40118"", ""Repair pattern"": ""Type replacer"", ""Root cause"": ""Logic error"", ""Symptom"": ""Functional error""}",data/raw_stage1/icse2023_an_empirical_study_on_bugs/PyTorchBugDataset.xlsx,Dataset,170
icse2023_an_empirical_study_on_bugs:a20524d008dbb3e0,icse2023_an_empirical_study_on_bugs,pytorch,https://github.com/pytorch/pytorch/issues/42242,PyTorch issue 42242,,,,,,Crash,Inconsistency,,Core,,,,Value checker,,"{""Component"": ""Core"", ""Fix URL"": ""https://github.com/pytorch/pytorch/pull/42290/commits/103e5adf2306ca82a50ea2c2a974abf352fdae14"", ""Issue #"": ""42242"", ""Issue URL"": ""https://github.com/pytorch/pytorch/issues/42242"", ""Repair pattern"": ""Value checker"", ""Root cause"": ""Inconsistency"", ""Symptom"": ""Crash""}",data/raw_stage1/icse2023_an_empirical_study_on_bugs/PyTorchBugDataset.xlsx,Dataset,171
icse2023_an_empirical_study_on_bugs:5fdfd088087fc6b2,icse2023_an_empirical_study_on_bugs,pytorch,https://github.com/pytorch/pytorch/issues/42265,PyTorch issue 42265,,,,,,Performance degradation,Corner case,,CUDA,,,,Value checker,,"{""Component"": ""CUDA"", ""Fix URL"": ""https://github.com/pytorch/pytorch/pull/42403"", ""Issue #"": ""42265"", ""Issue URL"": ""https://github.com/pytorch/pytorch/issues/42265"", ""Repair pattern"": ""Value checker"", ""Root cause"": ""Corner case"", ""Symptom"": ""Performance degradation""}",data/raw_stage1/icse2023_an_empirical_study_on_bugs/PyTorchBugDataset.xlsx,Dataset,172
icse2023_an_empirical_study_on_bugs:86fb5997a7bd229e,icse2023_an_empirical_study_on_bugs,pytorch,https://github.com/pytorch/pytorch/issues/42292,PyTorch issue 42292,,,,,,Crash,Logic error,,Test,,,,Initializer modifier,,"{""Component"": ""Test"", ""Fix URL"": ""https://github.com/pytorch/pytorch/pull/43275"", ""Issue #"": ""42292"", ""Issue URL"": ""https://github.com/pytorch/pytorch/issues/42292"", ""Repair pattern"": ""Initializer modifier"", ""Root cause"": ""Logic error"", ""Symptom"": ""Crash""}",data/raw_stage1/icse2023_an_empirical_study_on_bugs/PyTorchBugDataset.xlsx,Dataset,173
icse2023_an_empirical_study_on_bugs:ca941f928a0ec573,icse2023_an_empirical_study_on_bugs,pytorch,https://github.com/pytorch/pytorch/issues/43414,PyTorch issue 43414,,,,,,Functional error,Logic error,,Computation graph,,,,Configuration,,"{""Component"": ""Computation graph"", ""Fix URL"": ""https://github.com/pytorch/pytorch/pull/43627"", ""Issue #"": ""43414"", ""Issue URL"": ""https://github.com/pytorch/pytorch/issues/43414"", ""Repair pattern"": ""Configuration"", ""Root cause"": ""Logic error"", ""Symptom"": ""Functional error""}",data/raw_stage1/icse2023_an_empirical_study_on_bugs/PyTorchBugDataset.xlsx,Dataset,174
icse2023_an_empirical_study_on_bugs:6d3152c21b235dcb,icse2023_an_empirical_study_on_bugs,pytorch,https://github.com/pytorch/pytorch/issues/43918,PyTorch issue 43918,,,,,,Crash,Referenced types error,,Config,,,,Configuration,,"{""Component"": ""Config"", ""Fix URL"": ""https://github.com/pytorch/xla/pull/2476"", ""Issue #"": ""43918"", ""Issue URL"": ""https://github.com/pytorch/pytorch/issues/43918"", ""Repair pattern"": ""Configuration"", ""Root cause"": ""Referenced types error"", ""Symptom"": ""Crash""}",data/raw_stage1/icse2023_an_empirical_study_on_bugs/PyTorchBugDataset.xlsx,Dataset,175
icse2023_an_empirical_study_on_bugs:17c7911b6f27f8c0,icse2023_an_empirical_study_on_bugs,pytorch,https://github.com/pytorch/pytorch/issues/44384,PyTorch issue 44384,,,,,,Build failure,Configuration error,,Config,,,,Configuration,,"{""Component"": ""Config"", ""Fix URL"": ""https://github.com/pytorch/pytorch/pull/45550/commits/a73d82889a5c1c991135ec8581c32676a3c8a5fb"", ""Issue #"": ""44384"", ""Issue URL"": ""https://github.com/pytorch/pytorch/issues/44384"", ""Repair pattern"": ""Configuration"", ""Root cause"": ""Configuration error"", ""Symptom"": ""Build failure""}",data/raw_stage1/icse2023_an_empirical_study_on_bugs/PyTorchBugDataset.xlsx,Dataset,176
icse2023_an_empirical_study_on_bugs:ffb894ce83f551ed,icse2023_an_empirical_study_on_bugs,pytorch,https://github.com/pytorch/pytorch/issues/45274,PyTorch issue 45274,,,,,,Functional error,Algorithm,,Core,,,,Value checker,,"{""Component"": ""Core"", ""Fix URL"": ""https://github.com/pytorch/pytorch/pull/45557"", ""Issue #"": ""45274"", ""Issue URL"": ""https://github.com/pytorch/pytorch/issues/45274"", ""Repair pattern"": ""Value checker"", ""Root cause"": ""Algorithm"", ""Symptom"": ""Functional error""}",data/raw_stage1/icse2023_an_empirical_study_on_bugs/PyTorchBugDataset.xlsx,Dataset,177
icse2023_an_empirical_study_on_bugs:a9c68be1a00010f4,icse2023_an_empirical_study_on_bugs,pytorch,https://github.com/pytorch/pytorch/issues/45357,PyTorch issue 45357,,,,,,Functional error,Logic error,,Core,,,,Variable replacer,,"{""Component"": ""Core"", ""Fix URL"": ""https://github.com/pytorch/pytorch/pull/46558"", ""Issue #"": ""45357"", ""Issue URL"": ""https://github.com/pytorch/pytorch/issues/45357"", ""Repair pattern"": ""Variable replacer"", ""Root cause"": ""Logic error"", ""Symptom"": ""Functional error""}",data/raw_stage1/icse2023_an_empirical_study_on_bugs/PyTorchBugDataset.xlsx,Dataset,178
icse2023_an_empirical_study_on_bugs:baca51b57a6814e9,icse2023_an_empirical_study_on_bugs,pytorch,https://github.com/pytorch/pytorch/issues/46020,PyTorch issue 46020,,,,,,Functional error,Processing,,Core,,,,Isolated,,"{""Component"": ""Core"", ""Fix URL"": ""https://github.com/pytorch/pytorch/pull/46028"", ""Issue #"": ""46020"", ""Issue URL"": ""https://github.com/pytorch/pytorch/issues/46020"", ""Repair pattern"": ""Isolated"", ""Root cause"": ""Processing"", ""Symptom"": ""Functional error""}",data/raw_stage1/icse2023_an_empirical_study_on_bugs/PyTorchBugDataset.xlsx,Dataset,179
icse2023_an_empirical_study_on_bugs:14f53d5c3e91b5fe,icse2023_an_empirical_study_on_bugs,pytorch,https://github.com/pytorch/pytorch/issues/46312,PyTorch issue 46312,,,,,,Build failure,Configuration error,,Config,,,,Configuration,,"{""Component"": ""Config"", ""Fix URL"": ""https://github.com/pytorch/builder/pull/557"", ""Issue #"": ""46312"", ""Issue URL"": ""https://github.com/pytorch/pytorch/issues/46312"", ""Repair pattern"": ""Configuration"", ""Root cause"": ""Configuration error"", ""Symptom"": ""Build failure""}",data/raw_stage1/icse2023_an_empirical_study_on_bugs/PyTorchBugDataset.xlsx,Dataset,180
icse2023_an_empirical_study_on_bugs:68ea97dccacbb6fc,icse2023_an_empirical_study_on_bugs,pytorch,https://github.com/pytorch/pytorch/issues/46557,PyTorch issue 46557,,,,,,Functional error,Logic error,,Core,,,,Parameter modifier,,"{""Component"": ""Core"", ""Fix URL"": ""https://github.com/pytorch/pytorch/pull/46625"", ""Issue #"": ""46557"", ""Issue URL"": ""https://github.com/pytorch/pytorch/issues/46557"", ""Repair pattern"": ""Parameter modifier"", ""Root cause"": ""Logic error"", ""Symptom"": ""Functional error""}",data/raw_stage1/icse2023_an_empirical_study_on_bugs/PyTorchBugDataset.xlsx,Dataset,181
icse2023_an_empirical_study_on_bugs:be7b2f5b0c1d9754,icse2023_an_empirical_study_on_bugs,pytorch,https://github.com/pytorch/pytorch/issues/46561,PyTorch issue 46561,,,,,,Functional error,Logic error,,Framework,,,,Isolated,,"{""Component"": ""Framework"", ""Fix URL"": ""https://github.com/pytorch/pytorch/pull/46563"", ""Issue #"": ""46561"", ""Issue URL"": ""https://github.com/pytorch/pytorch/issues/46561"", ""Repair pattern"": ""Isolated"", ""Root cause"": ""Logic error"", ""Symptom"": ""Functional error""}",data/raw_stage1/icse2023_an_empirical_study_on_bugs/PyTorchBugDataset.xlsx,Dataset,182
icse2023_an_empirical_study_on_bugs:fab718505177f43b,icse2023_an_empirical_study_on_bugs,pytorch,https://github.com/pytorch/pytorch/issues/46757,PyTorch issue 46757,,,,,,Functional error,Logic error,,Core,,,,Parameter modifier,,"{""Component"": ""Core"", ""Fix URL"": ""https://github.com/pytorch/pytorch/pull/46841"", ""Issue #"": ""46757"", ""Issue URL"": ""https://github.com/pytorch/pytorch/issues/46757"", ""Repair pattern"": ""Parameter modifier"", ""Root cause"": ""Logic error"", ""Symptom"": ""Functional error""}",data/raw_stage1/icse2023_an_empirical_study_on_bugs/PyTorchBugDataset.xlsx,Dataset,183
icse2023_an_empirical_study_on_bugs:ad1dd48e38e9a610,icse2023_an_empirical_study_on_bugs,pytorch,https://github.com/pytorch/pytorch/issues/47007,PyTorch issue 47007,,,,,,Crash,Logic error,,Core,,,,Condition replacer,,"{""Component"": ""Core"", ""Fix URL"": ""https://github.com/pytorch/pytorch/pull/47031"", ""Issue #"": ""47007"", ""Issue URL"": ""https://github.com/pytorch/pytorch/issues/47007"", ""Repair pattern"": ""Condition replacer"", ""Root cause"": ""Logic error"", ""Symptom"": ""Crash""}",data/raw_stage1/icse2023_an_empirical_study_on_bugs/PyTorchBugDataset.xlsx,Dataset,184
icse2023_an_empirical_study_on_bugs:ee96af8727111e78,icse2023_an_empirical_study_on_bugs,pytorch,https://github.com/pytorch/pytorch/issues/47292,PyTorch issue 47292,,,,,,Build failure,Configuration error,,Config,,,,Configuration,,"{""Component"": ""Config"", ""Fix URL"": ""https://github.com/pytorch/pytorch/pull/47805"", ""Issue #"": ""47292"", ""Issue URL"": ""https://github.com/pytorch/pytorch/issues/47292"", ""Repair pattern"": ""Configuration"", ""Root cause"": ""Configuration error"", ""Symptom"": ""Build failure""}",data/raw_stage1/icse2023_an_empirical_study_on_bugs/PyTorchBugDataset.xlsx,Dataset,185
icse2023_an_empirical_study_on_bugs:dc14c9212dbb06b2,icse2023_an_empirical_study_on_bugs,pytorch,https://github.com/pytorch/pytorch/issues/47352,PyTorch issue 47352,,,,,,Build failure,Configuration error,,Config,,,,Configuration,,"{""Component"": ""Config"", ""Fix URL"": ""https://github.com/pytorch/pytorch/pull/47408"", ""Issue #"": ""47352"", ""Issue URL"": ""https://github.com/pytorch/pytorch/issues/47352"", ""Repair pattern"": ""Configuration"", ""Root cause"": ""Configuration error"", ""Symptom"": ""Build failure""}",data/raw_stage1/icse2023_an_empirical_study_on_bugs/PyTorchBugDataset.xlsx,Dataset,186
icse2023_an_empirical_study_on_bugs:47ac95a4e2567f57,icse2023_an_empirical_study_on_bugs,pytorch,https://github.com/pytorch/pytorch/issues/47449,PyTorch issue 47449,,,,,,Functional error,Logic error,,Test,,,,Exception adder,,"{""Component"": ""Test"", ""Fix URL"": ""https://github.com/pytorch/pytorch/pull/47580"", ""Issue #"": ""47449"", ""Issue URL"": ""https://github.com/pytorch/pytorch/issues/47449"", ""Repair pattern"": ""Exception adder"", ""Root cause"": ""Logic error"", ""Symptom"": ""Functional error""}",data/raw_stage1/icse2023_an_empirical_study_on_bugs/PyTorchBugDataset.xlsx,Dataset,187
icse2023_an_empirical_study_on_bugs:c133acf6ff96ec74,icse2023_an_empirical_study_on_bugs,pytorch,https://github.com/pytorch/pytorch/issues/47629,PyTorch issue 47629,,,,,,Functional error,Logic error,,Framework,,,,Variable replacer,,"{""Component"": ""Framework"", ""Fix URL"": ""https://github.com/pytorch/pytorch/pull/47898"", ""Issue #"": ""47629"", ""Issue URL"": ""https://github.com/pytorch/pytorch/issues/47629"", ""Repair pattern"": ""Variable replacer"", ""Root cause"": ""Logic error"", ""Symptom"": ""Functional error""}",data/raw_stage1/icse2023_an_empirical_study_on_bugs/PyTorchBugDataset.xlsx,Dataset,188
icse2023_an_empirical_study_on_bugs:6848ad24a2434d66,icse2023_an_empirical_study_on_bugs,pytorch,https://github.com/pytorch/pytorch/issues/47851,PyTorch issue 47851,,,,,,Crash,Logic error,,Test,,,,Configuration,,"{""Component"": ""Test"", ""Fix URL"": ""https://github.com/pytorch/pytorch/pull/47930"", ""Issue #"": ""47851"", ""Issue URL"": ""https://github.com/pytorch/pytorch/issues/47851"", ""Repair pattern"": ""Configuration"", ""Root cause"": ""Logic error"", ""Symptom"": ""Crash""}",data/raw_stage1/icse2023_an_empirical_study_on_bugs/PyTorchBugDataset.xlsx,Dataset,189
icse2023_an_empirical_study_on_bugs:22fdb01d6fabcb8c,icse2023_an_empirical_study_on_bugs,pytorch,https://github.com/pytorch/pytorch/issues/48114,PyTorch issue 48114,,,,,,Crash,Logic error,,Tools,,,,Exception adder,,"{""Component"": ""Tools"", ""Fix URL"": ""https://github.com/pytorch/pytorch/pull/48250"", ""Issue #"": ""48114"", ""Issue URL"": ""https://github.com/pytorch/pytorch/issues/48114"", ""Repair pattern"": ""Exception adder"", ""Root cause"": ""Logic error"", ""Symptom"": ""Crash""}",data/raw_stage1/icse2023_an_empirical_study_on_bugs/PyTorchBugDataset.xlsx,Dataset,190
icse2023_an_empirical_study_on_bugs:406b024d82dc9468,icse2023_an_empirical_study_on_bugs,pytorch,https://github.com/pytorch/pytorch/issues/48666,PyTorch issue 48666,,,,,,Hang,Logic error,,Test,,,,Isolated,,"{""Component"": ""Test"", ""Fix URL"": ""https://github.com/pytorch/pytorch/pull/48669"", ""Issue #"": ""48666"", ""Issue URL"": ""https://github.com/pytorch/pytorch/issues/48666"", ""Repair pattern"": ""Isolated"", ""Root cause"": ""Logic error"", ""Symptom"": ""Hang""}",data/raw_stage1/icse2023_an_empirical_study_on_bugs/PyTorchBugDataset.xlsx,Dataset,191
icse2023_an_empirical_study_on_bugs:af3049605ce6e74f,icse2023_an_empirical_study_on_bugs,pytorch,https://github.com/pytorch/pytorch/issues/48835,PyTorch issue 48835,,,,,,Build failure,Corner case,,Core,,,,Type replacer,,"{""Component"": ""Core"", ""Fix URL"": ""https://github.com/pytorch/pytorch/pull/48836"", ""Issue #"": ""48835"", ""Issue URL"": ""https://github.com/pytorch/pytorch/issues/48835"", ""Repair pattern"": ""Type replacer"", ""Root cause"": ""Corner case"", ""Symptom"": ""Build failure""}",data/raw_stage1/icse2023_an_empirical_study_on_bugs/PyTorchBugDataset.xlsx,Dataset,192
icse2023_an_empirical_study_on_bugs:03cba99c214fcb3e,icse2023_an_empirical_study_on_bugs,pytorch,https://github.com/pytorch/pytorch/issues/48874,PyTorch issue 48874,,,,,,Build failure,Configuration error,,Config,,,,Value checker,,"{""Component"": ""Config"", ""Fix URL"": ""https://github.com/pytorch/pytorch/pull/48982"", ""Issue #"": ""48874"", ""Issue URL"": ""https://github.com/pytorch/pytorch/issues/48874"", ""Repair pattern"": ""Value checker"", ""Root cause"": ""Configuration error"", ""Symptom"": ""Build failure""}",data/raw_stage1/icse2023_an_empirical_study_on_bugs/PyTorchBugDataset.xlsx,Dataset,193
