record_id,paper_id,source_project,issue_url,title,body,comments,created_at,updated_at,state,symptom,root_cause,bug_type,component,sub_component,trigger_condition,consequence,fix_type,severity_or_impact,original_label_json,source_file,source_sheet,source_row_index
issta2024_bugs_in_pods_understanding_bugs:aad15dd58f8c3f41,issta2024_bugs_in_pods_understanding_bugs,cri-o,003edc26c625210b57e4e567b8ea182d4682f4c4,,,,,,,,,,,,,,,,"{""symptom_code"": ""C.2.3"", ""root_cause_code"": ""A.4.1"", ""source_sheet"": ""cri-o""}",data/raw/issta2024_bugs_in_pods_understanding_bugs/SI Bugs in Pods_ Exploring Bugs in Container Runtime Systems.xlsx,cri-o,
issta2024_bugs_in_pods_understanding_bugs:4c8df118005475f1,issta2024_bugs_in_pods_understanding_bugs,containerd,00d102da9f73110bf9e79f9139d10ee2f249effb,,,,,,,,,,,,,,,,"{""symptom_code"": ""D.2"", ""root_cause_code"": ""A.1"", ""source_sheet"": ""containerd""}",data/raw/issta2024_bugs_in_pods_understanding_bugs/SI Bugs in Pods_ Exploring Bugs in Container Runtime Systems.xlsx,containerd,
issta2024_bugs_in_pods_understanding_bugs:aacb5e5e4f299a2d,issta2024_bugs_in_pods_understanding_bugs,containerd,014748bc04623346725d2a1330d7a2292563a4df,,,,,,,,,,,,,,,,"{""symptom_code"": ""C.2.1"", ""root_cause_code"": ""A.4.1"", ""source_sheet"": ""containerd""}",data/raw/issta2024_bugs_in_pods_understanding_bugs/SI Bugs in Pods_ Exploring Bugs in Container Runtime Systems.xlsx,containerd,
issta2024_bugs_in_pods_understanding_bugs:34a8e8abb0b9fa2f,issta2024_bugs_in_pods_understanding_bugs,cri-o,019c578fa757636641562a12f3ac1c49cd7b2c61,,,,,,,,,,,,,,,,"{""symptom_code"": ""C.2.1"", ""root_cause_code"": ""A.4.1"", ""source_sheet"": ""cri-o""}",data/raw/issta2024_bugs_in_pods_understanding_bugs/SI Bugs in Pods_ Exploring Bugs in Container Runtime Systems.xlsx,cri-o,
issta2024_bugs_in_pods_understanding_bugs:f091ceadfd57c29c,issta2024_bugs_in_pods_understanding_bugs,gvisor,024d75d26394d5da7991682e74e9b2c5f23a20ac,,,,,,,,,,,,,,,,"{""symptom_code"": ""B.2"", ""root_cause_code"": ""B.2.2"", ""source_sheet"": ""gvisor""}",data/raw/issta2024_bugs_in_pods_understanding_bugs/SI Bugs in Pods_ Exploring Bugs in Container Runtime Systems.xlsx,gvisor,
issta2024_bugs_in_pods_understanding_bugs:a221a0d02954b301,issta2024_bugs_in_pods_understanding_bugs,containerd,02e77bcdc1e48fb4089dab02d6b67955d48df4ad,,,,,,,,,,,,,,,,"{""symptom_code"": ""C.2.1"", ""root_cause_code"": ""A.1"", ""source_sheet"": ""containerd""}",data/raw/issta2024_bugs_in_pods_understanding_bugs/SI Bugs in Pods_ Exploring Bugs in Container Runtime Systems.xlsx,containerd,
issta2024_bugs_in_pods_understanding_bugs:b41dc9de372f81c9,issta2024_bugs_in_pods_understanding_bugs,gvisor,0301bb07efabc1b6e441727814fce25cf8a847ca,,,,,,,,,,,,,,,,"{""symptom_code"": ""C.2.2"", ""root_cause_code"": ""B.2.2"", ""source_sheet"": ""gvisor""}",data/raw/issta2024_bugs_in_pods_understanding_bugs/SI Bugs in Pods_ Exploring Bugs in Container Runtime Systems.xlsx,gvisor,
issta2024_bugs_in_pods_understanding_bugs:f9c5bceba9689d23,issta2024_bugs_in_pods_understanding_bugs,containerd,040babe0030919730cc7903526dc174c022569c1,,,,,,,,,,,,,,,,"{""symptom_code"": ""A"", ""root_cause_code"": ""B.3"", ""source_sheet"": ""containerd""}",data/raw/issta2024_bugs_in_pods_understanding_bugs/SI Bugs in Pods_ Exploring Bugs in Container Runtime Systems.xlsx,containerd,
issta2024_bugs_in_pods_understanding_bugs:9a61f16c2582b632,issta2024_bugs_in_pods_understanding_bugs,gvisor,0417b99c166efc139427b9b6de2ecc631e5d97ac,,,,,,,,,,,,,,,,"{""symptom_code"": ""D.3.1"", ""root_cause_code"": ""A.3.1"", ""source_sheet"": ""gvisor""}",data/raw/issta2024_bugs_in_pods_understanding_bugs/SI Bugs in Pods_ Exploring Bugs in Container Runtime Systems.xlsx,gvisor,
issta2024_bugs_in_pods_understanding_bugs:2f0a1e9af990758e,issta2024_bugs_in_pods_understanding_bugs,gvisor,0690c25e062ad1b8dc162b4b4d70ab59879b9bff,,,,,,,,,,,,,,,,"{""symptom_code"": ""D.3.1"", ""root_cause_code"": ""B.2.2"", ""source_sheet"": ""gvisor""}",data/raw/issta2024_bugs_in_pods_understanding_bugs/SI Bugs in Pods_ Exploring Bugs in Container Runtime Systems.xlsx,gvisor,
issta2024_bugs_in_pods_understanding_bugs:7b301c40354b45bb,issta2024_bugs_in_pods_understanding_bugs,runc,06b3fd9d19aa79b57b55e614ad747d3cc6cd914d,,,,,,,,,,,,,,,,"{""symptom_code"": ""C.2.1"", ""root_cause_code"": ""C"", ""source_sheet"": ""runc""}",data/raw/issta2024_bugs_in_pods_understanding_bugs/SI Bugs in Pods_ Exploring Bugs in Container Runtime Systems.xlsx,runc,
issta2024_bugs_in_pods_understanding_bugs:d56537948a49f9ca,issta2024_bugs_in_pods_understanding_bugs,cri-o,0769411bb9e9a47b2a047b337cba01358d92072e,,,,,,,,,,,,,,,,"{""symptom_code"": ""B.1.2"", ""root_cause_code"": ""A.3.2"", ""source_sheet"": ""cri-o""}",data/raw/issta2024_bugs_in_pods_understanding_bugs/SI Bugs in Pods_ Exploring Bugs in Container Runtime Systems.xlsx,cri-o,
issta2024_bugs_in_pods_understanding_bugs:3c7233b92fb53559,issta2024_bugs_in_pods_understanding_bugs,gvisor,08920d098b3048167aafb7245a3476556367c528,,,,,,,,,,,,,,,,"{""symptom_code"": ""B.1.1"", ""root_cause_code"": ""B.2.2"", ""source_sheet"": ""gvisor""}",data/raw/issta2024_bugs_in_pods_understanding_bugs/SI Bugs in Pods_ Exploring Bugs in Container Runtime Systems.xlsx,gvisor,
issta2024_bugs_in_pods_understanding_bugs:8beaf4af9a70aea5,issta2024_bugs_in_pods_understanding_bugs,gvisor,0a580e0fbfa6b2f94e65d285a848f979f2af4767,,,,,,,,,,,,,,,,"{""symptom_code"": ""C.2.2"", ""root_cause_code"": ""B.1.1"", ""source_sheet"": ""gvisor""}",data/raw/issta2024_bugs_in_pods_understanding_bugs/SI Bugs in Pods_ Exploring Bugs in Container Runtime Systems.xlsx,gvisor,
issta2024_bugs_in_pods_understanding_bugs:c24bfa5ffad8f876,issta2024_bugs_in_pods_understanding_bugs,runc,0abab45c9b97c113ff2cdc16f3a7388444c3fbec,,,,,,,,,,,,,,,,"{""symptom_code"": ""C.3.2"", ""root_cause_code"": ""A.4.1"", ""source_sheet"": ""runc""}",data/raw/issta2024_bugs_in_pods_understanding_bugs/SI Bugs in Pods_ Exploring Bugs in Container Runtime Systems.xlsx,runc,
issta2024_bugs_in_pods_understanding_bugs:229a7ace42410cc0,issta2024_bugs_in_pods_understanding_bugs,containerd,0b3c31dd7c75186ad53f22ff0ccc6738412097ab,,,,,,,,,,,,,,,,"{""symptom_code"": ""D.3.1"", ""root_cause_code"": ""B.2.2"", ""source_sheet"": ""containerd""}",data/raw/issta2024_bugs_in_pods_understanding_bugs/SI Bugs in Pods_ Exploring Bugs in Container Runtime Systems.xlsx,containerd,
issta2024_bugs_in_pods_understanding_bugs:7f004d862afd6030,issta2024_bugs_in_pods_understanding_bugs,runc,0b74e49d4837e3f0a9948ee34ff9a6e3e242ce8b,,,,,,,,,,,,,,,,"{""symptom_code"": ""C.1"", ""root_cause_code"": ""A.4.2"", ""source_sheet"": ""runc""}",data/raw/issta2024_bugs_in_pods_understanding_bugs/SI Bugs in Pods_ Exploring Bugs in Container Runtime Systems.xlsx,runc,
issta2024_bugs_in_pods_understanding_bugs:b5e74ae70fce8ce1,issta2024_bugs_in_pods_understanding_bugs,containerd,0c2c289d4c833e3f54d515f98c7e1fc0f64655e6,,,,,,,,,,,,,,,,"{""symptom_code"": ""B.2"", ""root_cause_code"": ""A.1"", ""source_sheet"": ""containerd""}",data/raw/issta2024_bugs_in_pods_understanding_bugs/SI Bugs in Pods_ Exploring Bugs in Container Runtime Systems.xlsx,containerd,
issta2024_bugs_in_pods_understanding_bugs:4de20e81472f89af,issta2024_bugs_in_pods_understanding_bugs,containerd,0c314901076a74a7b797a545d2f462285fdbb8c4,,,,,,,,,,,,,,,,"{""symptom_code"": ""D.3.2"", ""root_cause_code"": ""B.2.1"", ""source_sheet"": ""containerd""}",data/raw/issta2024_bugs_in_pods_understanding_bugs/SI Bugs in Pods_ Exploring Bugs in Container Runtime Systems.xlsx,containerd,
issta2024_bugs_in_pods_understanding_bugs:19983627a279d4c9,issta2024_bugs_in_pods_understanding_bugs,containerd,0c63c42f8183d13c2c106c01f5bb3560d39b3295,,,,,,,,,,,,,,,,"{""symptom_code"": ""D.1"", ""root_cause_code"": ""A.4.1"", ""source_sheet"": ""containerd""}",data/raw/issta2024_bugs_in_pods_understanding_bugs/SI Bugs in Pods_ Exploring Bugs in Container Runtime Systems.xlsx,containerd,
issta2024_bugs_in_pods_understanding_bugs:df87565e81a2346d,issta2024_bugs_in_pods_understanding_bugs,cri-o,0ce45a37212501c49a6de23015e506e8085bcb73,,,,,,,,,,,,,,,,"{""symptom_code"": ""D.2"", ""root_cause_code"": ""A.4.1"", ""source_sheet"": ""cri-o""}",data/raw/issta2024_bugs_in_pods_understanding_bugs/SI Bugs in Pods_ Exploring Bugs in Container Runtime Systems.xlsx,cri-o,
issta2024_bugs_in_pods_understanding_bugs:168035769d9910cf,issta2024_bugs_in_pods_understanding_bugs,containerd,0d0b2bd4fe0551464e1ab6adc39077e833be8746,,,,,,,,,,,,,,,,"{""symptom_code"": ""C.3.1"", ""root_cause_code"": ""B.1.1"", ""source_sheet"": ""containerd""}",data/raw/issta2024_bugs_in_pods_understanding_bugs/SI Bugs in Pods_ Exploring Bugs in Container Runtime Systems.xlsx,containerd,
issta2024_bugs_in_pods_understanding_bugs:a4d4b91929b05cd6,issta2024_bugs_in_pods_understanding_bugs,runc,0d62b950e60f6980b54fe3bafd9a9c608dc1df17,,,,,,,,,,,,,,,,"{""symptom_code"": ""C.3.2"", ""root_cause_code"": ""B.1.1"", ""source_sheet"": ""runc""}",data/raw/issta2024_bugs_in_pods_understanding_bugs/SI Bugs in Pods_ Exploring Bugs in Container Runtime Systems.xlsx,runc,
issta2024_bugs_in_pods_understanding_bugs:b55f21e1e9f3cb6b,issta2024_bugs_in_pods_understanding_bugs,runc,0d72adf96dda1b687815bf89bb245b937a2f603c,,,,,,,,,,,,,,,,"{""symptom_code"": ""C.3.2"", ""root_cause_code"": ""A.4.1"", ""source_sheet"": ""runc""}",data/raw/issta2024_bugs_in_pods_understanding_bugs/SI Bugs in Pods_ Exploring Bugs in Container Runtime Systems.xlsx,runc,
issta2024_bugs_in_pods_understanding_bugs:9e86f518b59b328b,issta2024_bugs_in_pods_understanding_bugs,containerd,0f743ce4fffc2fad1bdd866c5810dff3d69916af,,,,,,,,,,,,,,,,"{""symptom_code"": ""B.1.1"", ""root_cause_code"": ""B.2.1"", ""source_sheet"": ""containerd""}",data/raw/issta2024_bugs_in_pods_understanding_bugs/SI Bugs in Pods_ Exploring Bugs in Container Runtime Systems.xlsx,containerd,
issta2024_bugs_in_pods_understanding_bugs:1612d37f89d0c8c0,issta2024_bugs_in_pods_understanding_bugs,gvisor,0f8db423e2706e01d932ee1bf3c444bf26654b08,,,,,,,,,,,,,,,,"{""symptom_code"": ""C.2.2"", ""root_cause_code"": ""B.2.2"", ""source_sheet"": ""gvisor""}",data/raw/issta2024_bugs_in_pods_understanding_bugs/SI Bugs in Pods_ Exploring Bugs in Container Runtime Systems.xlsx,gvisor,
issta2024_bugs_in_pods_understanding_bugs:8449460fa201f369,issta2024_bugs_in_pods_understanding_bugs,runc,0fef122f87f804037f4a16bbf4f41044d4d4e92c,,,,,,,,,,,,,,,,"{""symptom_code"": ""B.1.2"", ""root_cause_code"": ""A.3.1"", ""source_sheet"": ""runc""}",data/raw/issta2024_bugs_in_pods_understanding_bugs/SI Bugs in Pods_ Exploring Bugs in Container Runtime Systems.xlsx,runc,
issta2024_bugs_in_pods_understanding_bugs:548c248c363757d2,issta2024_bugs_in_pods_understanding_bugs,cri-o,1098cc9b95ea2cd7bd038f2b55cb49e505e39224,,,,,,,,,,,,,,,,"{""symptom_code"": ""B.1.1"", ""root_cause_code"": ""A.4.1"", ""source_sheet"": ""cri-o""}",data/raw/issta2024_bugs_in_pods_understanding_bugs/SI Bugs in Pods_ Exploring Bugs in Container Runtime Systems.xlsx,cri-o,
issta2024_bugs_in_pods_understanding_bugs:ae8e0b6eb8b2cc54,issta2024_bugs_in_pods_understanding_bugs,runc,11895cd087b64e47f69fb01828c5206427e3049a,,,,,,,,,,,,,,,,"{""symptom_code"": ""C.3.2"", ""root_cause_code"": ""A.2"", ""source_sheet"": ""runc""}",data/raw/issta2024_bugs_in_pods_understanding_bugs/SI Bugs in Pods_ Exploring Bugs in Container Runtime Systems.xlsx,runc,
issta2024_bugs_in_pods_understanding_bugs:bba5878306f4490f,issta2024_bugs_in_pods_understanding_bugs,gvisor,12973f6244bc84fb745f2ae9120a69ffc820ef70,,,,,,,,,,,,,,,,"{""symptom_code"": ""C.2.3"", ""root_cause_code"": ""B.2.1"", ""source_sheet"": ""gvisor""}",data/raw/issta2024_bugs_in_pods_understanding_bugs/SI Bugs in Pods_ Exploring Bugs in Container Runtime Systems.xlsx,gvisor,
issta2024_bugs_in_pods_understanding_bugs:f4734eab6f30c2c2,issta2024_bugs_in_pods_understanding_bugs,containerd,133f6bb6cd827ce35a5fb279c1ead12b9d21460a,,,,,,,,,,,,,,,,"{""symptom_code"": ""C.3.2"", ""root_cause_code"": ""B.1.2"", ""source_sheet"": ""containerd""}",data/raw/issta2024_bugs_in_pods_understanding_bugs/SI Bugs in Pods_ Exploring Bugs in Container Runtime Systems.xlsx,containerd,
issta2024_bugs_in_pods_understanding_bugs:bdddf6766033ba34,issta2024_bugs_in_pods_understanding_bugs,containerd,14003683f0fbd37cb759ef76210f83e6bc968862,,,,,,,,,,,,,,,,"{""symptom_code"": ""B.1.2"", ""root_cause_code"": ""B.4"", ""source_sheet"": ""containerd""}",data/raw/issta2024_bugs_in_pods_understanding_bugs/SI Bugs in Pods_ Exploring Bugs in Container Runtime Systems.xlsx,containerd,
issta2024_bugs_in_pods_understanding_bugs:636941559a7e34a2,issta2024_bugs_in_pods_understanding_bugs,runc,146c8c0c62dc30a08eb5ff302217d91dfd29d158,,,,,,,,,,,,,,,,"{""symptom_code"": ""B.1.1"", ""root_cause_code"": ""A.1"", ""source_sheet"": ""runc""}",data/raw/issta2024_bugs_in_pods_understanding_bugs/SI Bugs in Pods_ Exploring Bugs in Container Runtime Systems.xlsx,runc,
issta2024_bugs_in_pods_understanding_bugs:d998248059658e34,issta2024_bugs_in_pods_understanding_bugs,gvisor,14d6cb4436f19d0500e98179c3215517f1a77b08,,,,,,,,,,,,,,,,"{""symptom_code"": ""C.2.2"", ""root_cause_code"": ""A.4.1"", ""source_sheet"": ""gvisor""}",data/raw/issta2024_bugs_in_pods_understanding_bugs/SI Bugs in Pods_ Exploring Bugs in Container Runtime Systems.xlsx,gvisor,
issta2024_bugs_in_pods_understanding_bugs:7f49f6daee865cf9,issta2024_bugs_in_pods_understanding_bugs,cri-o,14d742672f0ed8fe151b14c5036416b27268b4d0,,,,,,,,,,,,,,,,"{""symptom_code"": ""C.2.3"", ""root_cause_code"": ""B.2.1"", ""source_sheet"": ""cri-o""}",data/raw/issta2024_bugs_in_pods_understanding_bugs/SI Bugs in Pods_ Exploring Bugs in Container Runtime Systems.xlsx,cri-o,
issta2024_bugs_in_pods_understanding_bugs:822c4a2c6f9c384e,issta2024_bugs_in_pods_understanding_bugs,cri-o,153bb668c6ac42bc61dde8d53027ac5053c6e45f,,,,,,,,,,,,,,,,"{""symptom_code"": ""B.1.3"", ""root_cause_code"": ""A.4.1"", ""source_sheet"": ""cri-o""}",data/raw/issta2024_bugs_in_pods_understanding_bugs/SI Bugs in Pods_ Exploring Bugs in Container Runtime Systems.xlsx,cri-o,
issta2024_bugs_in_pods_understanding_bugs:f8545f129d0fa6a5,issta2024_bugs_in_pods_understanding_bugs,gvisor,158636229e87a4618ba039bd5ca9bf9eaac89f3d,,,,,,,,,,,,,,,,"{""symptom_code"": ""C.1"", ""root_cause_code"": ""A.4.1"", ""source_sheet"": ""gvisor""}",data/raw/issta2024_bugs_in_pods_understanding_bugs/SI Bugs in Pods_ Exploring Bugs in Container Runtime Systems.xlsx,gvisor,
issta2024_bugs_in_pods_understanding_bugs:ef79bc4f6b698e2f,issta2024_bugs_in_pods_understanding_bugs,cri-o,1667b5a668a13e0a18ac4317fa13fa8a6865e73a,,,,,,,,,,,,,,,,"{""symptom_code"": ""C.3.2"", ""root_cause_code"": ""B.2.1"", ""source_sheet"": ""cri-o""}",data/raw/issta2024_bugs_in_pods_understanding_bugs/SI Bugs in Pods_ Exploring Bugs in Container Runtime Systems.xlsx,cri-o,
issta2024_bugs_in_pods_understanding_bugs:898aa86972506706,issta2024_bugs_in_pods_understanding_bugs,containerd,1753e5af7ad2e958bb692efa654b2ae429a4222f,,,,,,,,,,,,,,,,"{""symptom_code"": ""C.2.4"", ""root_cause_code"": ""A.1"", ""source_sheet"": ""containerd""}",data/raw/issta2024_bugs_in_pods_understanding_bugs/SI Bugs in Pods_ Exploring Bugs in Container Runtime Systems.xlsx,containerd,
issta2024_bugs_in_pods_understanding_bugs:ee5a4fe9cec04317,issta2024_bugs_in_pods_understanding_bugs,containerd,17a93240359b406c78e5f08a20013f759ea230bf,,,,,,,,,,,,,,,,"{""symptom_code"": ""C.3.2"", ""root_cause_code"": ""B.1.2"", ""source_sheet"": ""containerd""}",data/raw/issta2024_bugs_in_pods_understanding_bugs/SI Bugs in Pods_ Exploring Bugs in Container Runtime Systems.xlsx,containerd,
issta2024_bugs_in_pods_understanding_bugs:3269366fa3f01de6,issta2024_bugs_in_pods_understanding_bugs,runc,18c4760aeda1ecade2711c246d092fad2568eb90,,,,,,,,,,,,,,,,"{""symptom_code"": ""C.3.1"", ""root_cause_code"": ""B.1.1"", ""source_sheet"": ""runc""}",data/raw/issta2024_bugs_in_pods_understanding_bugs/SI Bugs in Pods_ Exploring Bugs in Container Runtime Systems.xlsx,runc,
issta2024_bugs_in_pods_understanding_bugs:b5398dcb51aaa014,issta2024_bugs_in_pods_understanding_bugs,containerd,18d7e84f9beb7effc5db7cd4a01c4e5f0e3d12c5,,,,,,,,,,,,,,,,"{""symptom_code"": ""C.2.1"", ""root_cause_code"": ""A.4.2"", ""source_sheet"": ""containerd""}",data/raw/issta2024_bugs_in_pods_understanding_bugs/SI Bugs in Pods_ Exploring Bugs in Container Runtime Systems.xlsx,containerd,
issta2024_bugs_in_pods_understanding_bugs:013d896e77a7fec7,issta2024_bugs_in_pods_understanding_bugs,gvisor,18dca1bf998524f53ee03bc413382bfcc880f967,,,,,,,,,,,,,,,,"{""symptom_code"": ""C.2.2"", ""root_cause_code"": ""A.4.1"", ""source_sheet"": ""gvisor""}",data/raw/issta2024_bugs_in_pods_understanding_bugs/SI Bugs in Pods_ Exploring Bugs in Container Runtime Systems.xlsx,gvisor,
issta2024_bugs_in_pods_understanding_bugs:d9605f43d4d1cc6b,issta2024_bugs_in_pods_understanding_bugs,runc,18e286261ec6e94bb9ccaee2bbc91fc63bf08f89,,,,,,,,,,,,,,,,"{""symptom_code"": ""D.2"", ""root_cause_code"": ""A.4.1"", ""source_sheet"": ""runc""}",data/raw/issta2024_bugs_in_pods_understanding_bugs/SI Bugs in Pods_ Exploring Bugs in Container Runtime Systems.xlsx,runc,
issta2024_bugs_in_pods_understanding_bugs:19efe145cb3fc5f0,issta2024_bugs_in_pods_understanding_bugs,gvisor,1953d2ad28d405a3ab028feba7b6fca18339e9be,,,,,,,,,,,,,,,,"{""symptom_code"": ""B.1.1"", ""root_cause_code"": ""A.1"", ""source_sheet"": ""gvisor""}",data/raw/issta2024_bugs_in_pods_understanding_bugs/SI Bugs in Pods_ Exploring Bugs in Container Runtime Systems.xlsx,gvisor,
issta2024_bugs_in_pods_understanding_bugs:e00585a502ab6bca,issta2024_bugs_in_pods_understanding_bugs,containerd,19e8479837e16630685780de75ea3486f0dc777a,,,,,,,,,,,,,,,,"{""symptom_code"": ""C.3.2"", ""root_cause_code"": ""B.1.2"", ""source_sheet"": ""containerd""}",data/raw/issta2024_bugs_in_pods_understanding_bugs/SI Bugs in Pods_ Exploring Bugs in Container Runtime Systems.xlsx,containerd,
issta2024_bugs_in_pods_understanding_bugs:009f47ab1860b61b,issta2024_bugs_in_pods_understanding_bugs,gvisor,19e9ee104a7920342d25705d1bf4de24c4d3faf5,,,,,,,,,,,,,,,,"{""symptom_code"": ""D.2"", ""root_cause_code"": ""A.2"", ""source_sheet"": ""gvisor""}",data/raw/issta2024_bugs_in_pods_understanding_bugs/SI Bugs in Pods_ Exploring Bugs in Container Runtime Systems.xlsx,gvisor,
issta2024_bugs_in_pods_understanding_bugs:3cd6bc42e1a35878,issta2024_bugs_in_pods_understanding_bugs,runc,1a3ee4966ce58abd243cb6aeb55fb561dca31a56,,,,,,,,,,,,,,,,"{""symptom_code"": ""B.1.2"", ""root_cause_code"": ""A.3.1"", ""source_sheet"": ""runc""}",data/raw/issta2024_bugs_in_pods_understanding_bugs/SI Bugs in Pods_ Exploring Bugs in Container Runtime Systems.xlsx,runc,
issta2024_bugs_in_pods_understanding_bugs:c360c1b0491b3070,issta2024_bugs_in_pods_understanding_bugs,cri-o,1af1f8af2c7e23525102dffbf0899b69e34ed3d2,,,,,,,,,,,,,,,,"{""symptom_code"": ""C.3.2"", ""root_cause_code"": ""B.2.2"", ""source_sheet"": ""cri-o""}",data/raw/issta2024_bugs_in_pods_understanding_bugs/SI Bugs in Pods_ Exploring Bugs in Container Runtime Systems.xlsx,cri-o,
issta2024_bugs_in_pods_understanding_bugs:d9f6043c4b122162,issta2024_bugs_in_pods_understanding_bugs,runc,1b2adcfe5620cac8ce3e52ea066161c72431f74c,,,,,,,,,,,,,,,,"{""symptom_code"": ""C.2.3"", ""root_cause_code"": ""A.4.1"", ""source_sheet"": ""runc""}",data/raw/issta2024_bugs_in_pods_understanding_bugs/SI Bugs in Pods_ Exploring Bugs in Container Runtime Systems.xlsx,runc,
issta2024_bugs_in_pods_understanding_bugs:dcd4a48c2c0ec7a7,issta2024_bugs_in_pods_understanding_bugs,gvisor,1c220bf2a4a0a6c8cdaf3c092b1a3d22391b6e42,,,,,,,,,,,,,,,,"{""symptom_code"": ""C.2.4"", ""root_cause_code"": ""B.2.1"", ""source_sheet"": ""gvisor""}",data/raw/issta2024_bugs_in_pods_understanding_bugs/SI Bugs in Pods_ Exploring Bugs in Container Runtime Systems.xlsx,gvisor,
issta2024_bugs_in_pods_understanding_bugs:b6abf6a3b6d1b226,issta2024_bugs_in_pods_understanding_bugs,gvisor,1ca981f50f0b2ad273bbcb870bca21c4b1264504,,,,,,,,,,,,,,,,"{""symptom_code"": ""B.1.3"", ""root_cause_code"": ""A.4.2"", ""source_sheet"": ""gvisor""}",data/raw/issta2024_bugs_in_pods_understanding_bugs/SI Bugs in Pods_ Exploring Bugs in Container Runtime Systems.xlsx,gvisor,
issta2024_bugs_in_pods_understanding_bugs:c21baeb638a3be61,issta2024_bugs_in_pods_understanding_bugs,runc,1d18743f9e6767580a4276108e0c977d64fd03b6,,,,,,,,,,,,,,,,"{""symptom_code"": ""C.2.2"", ""root_cause_code"": ""A.3.2"", ""source_sheet"": ""runc""}",data/raw/issta2024_bugs_in_pods_understanding_bugs/SI Bugs in Pods_ Exploring Bugs in Container Runtime Systems.xlsx,runc,
issta2024_bugs_in_pods_understanding_bugs:26c6d15db984c6af,issta2024_bugs_in_pods_understanding_bugs,cri-o,1e277b8364eb8ece18a0c6d1fe1d7f4a5933d6d8,,,,,,,,,,,,,,,,"{""symptom_code"": ""D.2"", ""root_cause_code"": ""A.4.1"", ""source_sheet"": ""cri-o""}",data/raw/issta2024_bugs_in_pods_understanding_bugs/SI Bugs in Pods_ Exploring Bugs in Container Runtime Systems.xlsx,cri-o,
issta2024_bugs_in_pods_understanding_bugs:f5fdd5af564e4c85,issta2024_bugs_in_pods_understanding_bugs,gvisor,1e472a85729b723c0d737d5e1c68c875a158d6a6,,,,,,,,,,,,,,,,"{""symptom_code"": ""D.2"", ""root_cause_code"": ""A.3.2"", ""source_sheet"": ""gvisor""}",data/raw/issta2024_bugs_in_pods_understanding_bugs/SI Bugs in Pods_ Exploring Bugs in Container Runtime Systems.xlsx,gvisor,
issta2024_bugs_in_pods_understanding_bugs:c33c1b3a18928a86,issta2024_bugs_in_pods_understanding_bugs,gvisor,1e5014d65723a8dc535f985525cceddf02088d11,,,,,,,,,,,,,,,,"{""symptom_code"": ""D.3.1"", ""root_cause_code"": ""A.4.1"", ""source_sheet"": ""gvisor""}",data/raw/issta2024_bugs_in_pods_understanding_bugs/SI Bugs in Pods_ Exploring Bugs in Container Runtime Systems.xlsx,gvisor,
issta2024_bugs_in_pods_understanding_bugs:171c28ea9d73ed22,issta2024_bugs_in_pods_understanding_bugs,containerd,1ee2bff0e02136099cb49c08dab25830e7778535,,,,,,,,,,,,,,,,"{""symptom_code"": ""A"", ""root_cause_code"": ""B.3"", ""source_sheet"": ""containerd""}",data/raw/issta2024_bugs_in_pods_understanding_bugs/SI Bugs in Pods_ Exploring Bugs in Container Runtime Systems.xlsx,containerd,
issta2024_bugs_in_pods_understanding_bugs:5ac706a38ce79ca3,issta2024_bugs_in_pods_understanding_bugs,gvisor,1f101ba738bf38cb5bc9b021d18c5023081c6c4f,,,,,,,,,,,,,,,,"{""symptom_code"": ""D.3.1"", ""root_cause_code"": ""A.2"", ""source_sheet"": ""gvisor""}",data/raw/issta2024_bugs_in_pods_understanding_bugs/SI Bugs in Pods_ Exploring Bugs in Container Runtime Systems.xlsx,gvisor,
issta2024_bugs_in_pods_understanding_bugs:8fc226d14654c20a,issta2024_bugs_in_pods_understanding_bugs,containerd,1f8db2467be53d88fbae6e2335a269b6b515a20d,,,,,,,,,,,,,,,,"{""symptom_code"": ""B.1.3"", ""root_cause_code"": ""B.4"", ""source_sheet"": ""containerd""}",data/raw/issta2024_bugs_in_pods_understanding_bugs/SI Bugs in Pods_ Exploring Bugs in Container Runtime Systems.xlsx,containerd,
issta2024_bugs_in_pods_understanding_bugs:055fb48f3fe715d4,issta2024_bugs_in_pods_understanding_bugs,cri-o,1fb1771bde8c352116d17627e4f58f47105c4846,,,,,,,,,,,,,,,,"{""symptom_code"": ""B.1.1"", ""root_cause_code"": ""A.2"", ""source_sheet"": ""cri-o""}",data/raw/issta2024_bugs_in_pods_understanding_bugs/SI Bugs in Pods_ Exploring Bugs in Container Runtime Systems.xlsx,cri-o,
issta2024_bugs_in_pods_understanding_bugs:9862ca6cd9b7fd9e,issta2024_bugs_in_pods_understanding_bugs,gvisor,1fc7a9eac2f27053ed4ca138c6568b14ef520648,,,,,,,,,,,,,,,,"{""symptom_code"": ""B.1.2"", ""root_cause_code"": ""A.4.1"", ""source_sheet"": ""gvisor""}",data/raw/issta2024_bugs_in_pods_understanding_bugs/SI Bugs in Pods_ Exploring Bugs in Container Runtime Systems.xlsx,gvisor,
issta2024_bugs_in_pods_understanding_bugs:8c6f330b9a3aab96,issta2024_bugs_in_pods_understanding_bugs,containerd,2019a1e68f7488bdc0975062cbbd933b53595714,,,,,,,,,,,,,,,,"{""symptom_code"": ""A"", ""root_cause_code"": ""B.3"", ""source_sheet"": ""containerd""}",data/raw/issta2024_bugs_in_pods_understanding_bugs/SI Bugs in Pods_ Exploring Bugs in Container Runtime Systems.xlsx,containerd,
issta2024_bugs_in_pods_understanding_bugs:38ece4c8bc7395b4,issta2024_bugs_in_pods_understanding_bugs,cri-o,20e962381d2c5c28d590fc07fde62505027485fd,,,,,,,,,,,,,,,,"{""symptom_code"": ""A"", ""root_cause_code"": ""B.3"", ""source_sheet"": ""cri-o""}",data/raw/issta2024_bugs_in_pods_understanding_bugs/SI Bugs in Pods_ Exploring Bugs in Container Runtime Systems.xlsx,cri-o,
issta2024_bugs_in_pods_understanding_bugs:6839f6ed62f4eead,issta2024_bugs_in_pods_understanding_bugs,containerd,22cd13b3702753b4b28a731a7d8a5c4794307a16,,,,,,,,,,,,,,,,"{""symptom_code"": ""C.1"", ""root_cause_code"": ""A.3.1"", ""source_sheet"": ""containerd""}",data/raw/issta2024_bugs_in_pods_understanding_bugs/SI Bugs in Pods_ Exploring Bugs in Container Runtime Systems.xlsx,containerd,
issta2024_bugs_in_pods_understanding_bugs:2354910b81894ac4,issta2024_bugs_in_pods_understanding_bugs,containerd,241563be06a3de8b6a849414c4e805b68d3bb295,,,,,,,,,,,,,,,,"{""symptom_code"": ""D.3.2"", ""root_cause_code"": ""A.4.1"", ""source_sheet"": ""containerd""}",data/raw/issta2024_bugs_in_pods_understanding_bugs/SI Bugs in Pods_ Exploring Bugs in Container Runtime Systems.xlsx,containerd,
issta2024_bugs_in_pods_understanding_bugs:06f89d86b3795d06,issta2024_bugs_in_pods_understanding_bugs,cri-o,249c340d31b1f0d801f6d94e42dc3de2e522c130,,,,,,,,,,,,,,,,"{""symptom_code"": ""A"", ""root_cause_code"": ""B.2.1"", ""source_sheet"": ""cri-o""}",data/raw/issta2024_bugs_in_pods_understanding_bugs/SI Bugs in Pods_ Exploring Bugs in Container Runtime Systems.xlsx,cri-o,
issta2024_bugs_in_pods_understanding_bugs:12cf288e577ed4c6,issta2024_bugs_in_pods_understanding_bugs,runc,24d5daf54d0b009e4d1a3c72ee72e308e148471b,,,,,,,,,,,,,,,,"{""symptom_code"": ""C.2.3"", ""root_cause_code"": ""A.2"", ""source_sheet"": ""runc""}",data/raw/issta2024_bugs_in_pods_understanding_bugs/SI Bugs in Pods_ Exploring Bugs in Container Runtime Systems.xlsx,runc,
issta2024_bugs_in_pods_understanding_bugs:01daec6cb94d3719,issta2024_bugs_in_pods_understanding_bugs,gvisor,2572af38860ed8a5aa37f0ad705a360628a4ed10,,,,,,,,,,,,,,,,"{""symptom_code"": ""C.2.3"", ""root_cause_code"": ""A.2"", ""source_sheet"": ""gvisor""}",data/raw/issta2024_bugs_in_pods_understanding_bugs/SI Bugs in Pods_ Exploring Bugs in Container Runtime Systems.xlsx,gvisor,
issta2024_bugs_in_pods_understanding_bugs:ef548cc42fa430e4,issta2024_bugs_in_pods_understanding_bugs,containerd,25858d621fc200b8ce7f2cfa0f1b2e4147102fc9,,,,,,,,,,,,,,,,"{""symptom_code"": ""C.3.2"", ""root_cause_code"": ""A.4.1"", ""source_sheet"": ""containerd""}",data/raw/issta2024_bugs_in_pods_understanding_bugs/SI Bugs in Pods_ Exploring Bugs in Container Runtime Systems.xlsx,containerd,
issta2024_bugs_in_pods_understanding_bugs:695813372b1cea98,issta2024_bugs_in_pods_understanding_bugs,cri-o,25a2eec40065dc30d2a961a6064854df3dc96c82,,,,,,,,,,,,,,,,"{""symptom_code"": ""C.2.1"", ""root_cause_code"": ""A.2"", ""source_sheet"": ""cri-o""}",data/raw/issta2024_bugs_in_pods_understanding_bugs/SI Bugs in Pods_ Exploring Bugs in Container Runtime Systems.xlsx,cri-o,
issta2024_bugs_in_pods_understanding_bugs:714c94c6edb6165b,issta2024_bugs_in_pods_understanding_bugs,gvisor,283b80a456aaf4d8881301bd3bceb65fe7300185,,,,,,,,,,,,,,,,"{""symptom_code"": ""C.3.2"", ""root_cause_code"": ""A.4.1"", ""source_sheet"": ""gvisor""}",data/raw/issta2024_bugs_in_pods_understanding_bugs/SI Bugs in Pods_ Exploring Bugs in Container Runtime Systems.xlsx,gvisor,
issta2024_bugs_in_pods_understanding_bugs:975d8be9a3588925,issta2024_bugs_in_pods_understanding_bugs,cri-o,2877425dd57959a0a059733b1cae787936891d0e,,,,,,,,,,,,,,,,"{""symptom_code"": ""D.2"", ""root_cause_code"": ""A.1"", ""source_sheet"": ""cri-o""}",data/raw/issta2024_bugs_in_pods_understanding_bugs/SI Bugs in Pods_ Exploring Bugs in Container Runtime Systems.xlsx,cri-o,
issta2024_bugs_in_pods_understanding_bugs:90aed88e5e7fed52,issta2024_bugs_in_pods_understanding_bugs,gvisor,28cf71cc61c58f07554cab2b3724d2cb3c560b21,,,,,,,,,,,,,,,,"{""symptom_code"": ""C.2.1"", ""root_cause_code"": ""A.2"", ""source_sheet"": ""gvisor""}",data/raw/issta2024_bugs_in_pods_understanding_bugs/SI Bugs in Pods_ Exploring Bugs in Container Runtime Systems.xlsx,gvisor,
issta2024_bugs_in_pods_understanding_bugs:a12177414c78dd91,issta2024_bugs_in_pods_understanding_bugs,gvisor,2936774db630fc1499f86a297c8ab652872b7709,,,,,,,,,,,,,,,,"{""symptom_code"": ""B.1.3"", ""root_cause_code"": ""A.3.2"", ""source_sheet"": ""gvisor""}",data/raw/issta2024_bugs_in_pods_understanding_bugs/SI Bugs in Pods_ Exploring Bugs in Container Runtime Systems.xlsx,gvisor,
issta2024_bugs_in_pods_understanding_bugs:ed81044ca1a265f1,issta2024_bugs_in_pods_understanding_bugs,runc,29a56b5206a3fc7b2f5fe4b43c09c8ba09b25495,,,,,,,,,,,,,,,,"{""symptom_code"": ""A"", ""root_cause_code"": ""A.2"", ""source_sheet"": ""runc""}",data/raw/issta2024_bugs_in_pods_understanding_bugs/SI Bugs in Pods_ Exploring Bugs in Container Runtime Systems.xlsx,runc,
issta2024_bugs_in_pods_understanding_bugs:d83848d5a694ead1,issta2024_bugs_in_pods_understanding_bugs,cri-o,29ce5a7b2a8b74de8ee511866cac411cd8d9c06d,,,,,,,,,,,,,,,,"{""symptom_code"": ""A"", ""root_cause_code"": ""B.3"", ""source_sheet"": ""cri-o""}",data/raw/issta2024_bugs_in_pods_understanding_bugs/SI Bugs in Pods_ Exploring Bugs in Container Runtime Systems.xlsx,cri-o,
issta2024_bugs_in_pods_understanding_bugs:beb66d520fac6a33,issta2024_bugs_in_pods_understanding_bugs,containerd,2a0b2ee9ebc11dc8d707064749564b666e10fe7a,,,,,,,,,,,,,,,,"{""symptom_code"": ""C.3.2"", ""root_cause_code"": ""A.3.2"", ""source_sheet"": ""containerd""}",data/raw/issta2024_bugs_in_pods_understanding_bugs/SI Bugs in Pods_ Exploring Bugs in Container Runtime Systems.xlsx,containerd,
issta2024_bugs_in_pods_understanding_bugs:c15af3847bf68114,issta2024_bugs_in_pods_understanding_bugs,containerd,2a425990cf16650c7acb1d44e0d03578e60e91d5,,,,,,,,,,,,,,,,"{""symptom_code"": ""C.2.3"", ""root_cause_code"": ""B.4"", ""source_sheet"": ""containerd""}",data/raw/issta2024_bugs_in_pods_understanding_bugs/SI Bugs in Pods_ Exploring Bugs in Container Runtime Systems.xlsx,containerd,
issta2024_bugs_in_pods_understanding_bugs:76442260e5f7961c,issta2024_bugs_in_pods_understanding_bugs,runc,2a7dcbbb4039f51c21b2051124ff2ac40a785b46,,,,,,,,,,,,,,,,"{""symptom_code"": ""C.2.1"", ""root_cause_code"": ""A.4.1"", ""source_sheet"": ""runc""}",data/raw/issta2024_bugs_in_pods_understanding_bugs/SI Bugs in Pods_ Exploring Bugs in Container Runtime Systems.xlsx,runc,
issta2024_bugs_in_pods_understanding_bugs:b63c3557d175a353,issta2024_bugs_in_pods_understanding_bugs,containerd,2ac996840187b2e42fdbe4e4c9b6b55a7c775c43,,,,,,,,,,,,,,,,"{""symptom_code"": ""C.3.2"", ""root_cause_code"": ""A.3.1"", ""source_sheet"": ""containerd""}",data/raw/issta2024_bugs_in_pods_understanding_bugs/SI Bugs in Pods_ Exploring Bugs in Container Runtime Systems.xlsx,containerd,
issta2024_bugs_in_pods_understanding_bugs:468a5ad441d867b1,issta2024_bugs_in_pods_understanding_bugs,runc,2adeb6f9525d2444277c10a14e613b9ee536d291,,,,,,,,,,,,,,,,"{""symptom_code"": ""C.2.4"", ""root_cause_code"": ""A.4.1"", ""source_sheet"": ""runc""}",data/raw/issta2024_bugs_in_pods_understanding_bugs/SI Bugs in Pods_ Exploring Bugs in Container Runtime Systems.xlsx,runc,
issta2024_bugs_in_pods_understanding_bugs:f8c32bf619604893,issta2024_bugs_in_pods_understanding_bugs,gvisor,2b0615c76c8acf88de1add9bad1758384fecb9e5,,,,,,,,,,,,,,,,"{""symptom_code"": ""C.3.2"", ""root_cause_code"": ""B.1.2"", ""source_sheet"": ""gvisor""}",data/raw/issta2024_bugs_in_pods_understanding_bugs/SI Bugs in Pods_ Exploring Bugs in Container Runtime Systems.xlsx,gvisor,
issta2024_bugs_in_pods_understanding_bugs:54c0c136a0f5a6ee,issta2024_bugs_in_pods_understanding_bugs,gvisor,2ba23ca96c2c1d0e561490da8ae36ba8f1bc59d9,,,,,,,,,,,,,,,,"{""symptom_code"": ""C.2.2"", ""root_cause_code"": ""A.2"", ""source_sheet"": ""gvisor""}",data/raw/issta2024_bugs_in_pods_understanding_bugs/SI Bugs in Pods_ Exploring Bugs in Container Runtime Systems.xlsx,gvisor,
issta2024_bugs_in_pods_understanding_bugs:8226653003a3f077,issta2024_bugs_in_pods_understanding_bugs,runc,2bab4a56f14b544ac6c680a7a8ef2acc6dde0b57,,,,,,,,,,,,,,,,"{""symptom_code"": ""C.1"", ""root_cause_code"": ""A.1"", ""source_sheet"": ""runc""}",data/raw/issta2024_bugs_in_pods_understanding_bugs/SI Bugs in Pods_ Exploring Bugs in Container Runtime Systems.xlsx,runc,
issta2024_bugs_in_pods_understanding_bugs:7ca4c39a99c86cc9,issta2024_bugs_in_pods_understanding_bugs,containerd,2bffb5f9b234bff72739f48f7d027b47a178a9ae,,,,,,,,,,,,,,,,"{""symptom_code"": ""C.2.1"", ""root_cause_code"": ""A.4.1"", ""source_sheet"": ""containerd""}",data/raw/issta2024_bugs_in_pods_understanding_bugs/SI Bugs in Pods_ Exploring Bugs in Container Runtime Systems.xlsx,containerd,
issta2024_bugs_in_pods_understanding_bugs:1fcaefa5f391ae3b,issta2024_bugs_in_pods_understanding_bugs,runc,2e0ceaa9352fb0f2399c1622fc814dcb87bc7b0b,,,,,,,,,,,,,,,,"{""symptom_code"": ""C.2.3"", ""root_cause_code"": ""B.2.1"", ""source_sheet"": ""runc""}",data/raw/issta2024_bugs_in_pods_understanding_bugs/SI Bugs in Pods_ Exploring Bugs in Container Runtime Systems.xlsx,runc,
issta2024_bugs_in_pods_understanding_bugs:13855e86198a6d3f,issta2024_bugs_in_pods_understanding_bugs,runc,2e44a2028077685cde67d7988f95ce66110be5ae,,,,,,,,,,,,,,,,"{""symptom_code"": ""C.2.3"", ""root_cause_code"": ""A.4.2"", ""source_sheet"": ""runc""}",data/raw/issta2024_bugs_in_pods_understanding_bugs/SI Bugs in Pods_ Exploring Bugs in Container Runtime Systems.xlsx,runc,
issta2024_bugs_in_pods_understanding_bugs:fa5c9933e45ea882,issta2024_bugs_in_pods_understanding_bugs,containerd,2eabcf7026816c46cfc5be03402716138f4c3332,,,,,,,,,,,,,,,,"{""symptom_code"": ""B.1.2"", ""root_cause_code"": ""A.4.2"", ""source_sheet"": ""containerd""}",data/raw/issta2024_bugs_in_pods_understanding_bugs/SI Bugs in Pods_ Exploring Bugs in Container Runtime Systems.xlsx,containerd,
issta2024_bugs_in_pods_understanding_bugs:3bc05a4e6fd623b8,issta2024_bugs_in_pods_understanding_bugs,runc,30d83d4d2fa046349bfe4fac7ae9ce6d7549d638,,,,,,,,,,,,,,,,"{""symptom_code"": ""C.2.1"", ""root_cause_code"": ""A.4.1"", ""source_sheet"": ""runc""}",data/raw/issta2024_bugs_in_pods_understanding_bugs/SI Bugs in Pods_ Exploring Bugs in Container Runtime Systems.xlsx,runc,
issta2024_bugs_in_pods_understanding_bugs:79907229e9c135c6,issta2024_bugs_in_pods_understanding_bugs,cri-o,30ddd6d89ba636aae8eb36d89cf91f0d0791e930,,,,,,,,,,,,,,,,"{""symptom_code"": ""C.1"", ""root_cause_code"": ""A.3.2"", ""source_sheet"": ""cri-o""}",data/raw/issta2024_bugs_in_pods_understanding_bugs/SI Bugs in Pods_ Exploring Bugs in Container Runtime Systems.xlsx,cri-o,
issta2024_bugs_in_pods_understanding_bugs:4acb1082a4d22244,issta2024_bugs_in_pods_understanding_bugs,gvisor,31310e800e963f46869383ce62b6664c29230997,,,,,,,,,,,,,,,,"{""symptom_code"": ""B.2"", ""root_cause_code"": ""B.2.1"", ""source_sheet"": ""gvisor""}",data/raw/issta2024_bugs_in_pods_understanding_bugs/SI Bugs in Pods_ Exploring Bugs in Container Runtime Systems.xlsx,gvisor,
issta2024_bugs_in_pods_understanding_bugs:6fa1d584611d7963,issta2024_bugs_in_pods_understanding_bugs,containerd,3193650f130b67471afb58252a7d422c848b9bdd,,,,,,,,,,,,,,,,"{""symptom_code"": ""C.2.1"", ""root_cause_code"": ""A.1"", ""source_sheet"": ""containerd""}",data/raw/issta2024_bugs_in_pods_understanding_bugs/SI Bugs in Pods_ Exploring Bugs in Container Runtime Systems.xlsx,containerd,
issta2024_bugs_in_pods_understanding_bugs:0eee48bb89e3870d,issta2024_bugs_in_pods_understanding_bugs,containerd,31a710c492ecb225ecbc4d43fddc2c36ec962f16,,,,,,,,,,,,,,,,"{""symptom_code"": ""B.2"", ""root_cause_code"": ""A.1"", ""source_sheet"": ""containerd""}",data/raw/issta2024_bugs_in_pods_understanding_bugs/SI Bugs in Pods_ Exploring Bugs in Container Runtime Systems.xlsx,containerd,
issta2024_bugs_in_pods_understanding_bugs:e99e9e6f64aae149,issta2024_bugs_in_pods_understanding_bugs,cri-o,33fbbcde1f1f47c4d90c41f52387f7b2e9f3e2f5,,,,,,,,,,,,,,,,"{""symptom_code"": ""B.1.2"", ""root_cause_code"": ""A.2"", ""source_sheet"": ""cri-o""}",data/raw/issta2024_bugs_in_pods_understanding_bugs/SI Bugs in Pods_ Exploring Bugs in Container Runtime Systems.xlsx,cri-o,
issta2024_bugs_in_pods_understanding_bugs:584b1c3d5ef3cfaf,issta2024_bugs_in_pods_understanding_bugs,runc,343951a22b58c38feb044a5cea501dae92f8540e,,,,,,,,,,,,,,,,"{""symptom_code"": ""C.2.2"", ""root_cause_code"": ""A.1"", ""source_sheet"": ""runc""}",data/raw/issta2024_bugs_in_pods_understanding_bugs/SI Bugs in Pods_ Exploring Bugs in Container Runtime Systems.xlsx,runc,
issta2024_bugs_in_pods_understanding_bugs:19be1a470d34ce25,issta2024_bugs_in_pods_understanding_bugs,containerd,344431cdd48ec19b73fdc5d36f056eb7bee5154b,,,,,,,,,,,,,,,,"{""symptom_code"": ""C.2.2"", ""root_cause_code"": ""A.4.1"", ""source_sheet"": ""containerd""}",data/raw/issta2024_bugs_in_pods_understanding_bugs/SI Bugs in Pods_ Exploring Bugs in Container Runtime Systems.xlsx,containerd,
issta2024_bugs_in_pods_understanding_bugs:9ad7c8f972141d61,issta2024_bugs_in_pods_understanding_bugs,containerd,34c4abc341bd1fb24a37458caaab59716c6cd395,,,,,,,,,,,,,,,,"{""symptom_code"": ""A"", ""root_cause_code"": ""B.3"", ""source_sheet"": ""containerd""}",data/raw/issta2024_bugs_in_pods_understanding_bugs/SI Bugs in Pods_ Exploring Bugs in Container Runtime Systems.xlsx,containerd,
issta2024_bugs_in_pods_understanding_bugs:99f6a3430c798189,issta2024_bugs_in_pods_understanding_bugs,containerd,34f7173491c45cca5c19643b54cc6f9fe0f92f04,,,,,,,,,,,,,,,,"{""symptom_code"": ""C.3.1"", ""root_cause_code"": ""B.1.2"", ""source_sheet"": ""containerd""}",data/raw/issta2024_bugs_in_pods_understanding_bugs/SI Bugs in Pods_ Exploring Bugs in Container Runtime Systems.xlsx,containerd,
issta2024_bugs_in_pods_understanding_bugs:576744b2cd67b61a,issta2024_bugs_in_pods_understanding_bugs,cri-o,35c02b56ea307d90c5375e35888bf12174ea5148,,,,,,,,,,,,,,,,"{""symptom_code"": ""C.1"", ""root_cause_code"": ""B.1.2"", ""source_sheet"": ""cri-o""}",data/raw/issta2024_bugs_in_pods_understanding_bugs/SI Bugs in Pods_ Exploring Bugs in Container Runtime Systems.xlsx,cri-o,
issta2024_bugs_in_pods_understanding_bugs:f609af40d9386bf4,issta2024_bugs_in_pods_understanding_bugs,runc,376c988618108040679ee9413353e0da07fae404,,,,,,,,,,,,,,,,"{""symptom_code"": ""D.2"", ""root_cause_code"": ""A.4.1"", ""source_sheet"": ""runc""}",data/raw/issta2024_bugs_in_pods_understanding_bugs/SI Bugs in Pods_ Exploring Bugs in Container Runtime Systems.xlsx,runc,
issta2024_bugs_in_pods_understanding_bugs:7105e3b126335a7e,issta2024_bugs_in_pods_understanding_bugs,gvisor,37d64d348f5d81aedf6fdfcd2931f64a9a83cece,,,,,,,,,,,,,,,,"{""symptom_code"": ""C.3.2"", ""root_cause_code"": ""B.1.1"", ""source_sheet"": ""gvisor""}",data/raw/issta2024_bugs_in_pods_understanding_bugs/SI Bugs in Pods_ Exploring Bugs in Container Runtime Systems.xlsx,gvisor,
issta2024_bugs_in_pods_understanding_bugs:cb6a729a5847f09b,issta2024_bugs_in_pods_understanding_bugs,runc,382eba4354d764aaffec82720c23ef429496acf9,,,,,,,,,,,,,,,,"{""symptom_code"": ""C.3.2"", ""root_cause_code"": ""A.4.2"", ""source_sheet"": ""runc""}",data/raw/issta2024_bugs_in_pods_understanding_bugs/SI Bugs in Pods_ Exploring Bugs in Container Runtime Systems.xlsx,runc,
issta2024_bugs_in_pods_understanding_bugs:d1bc884a7a5d49b1,issta2024_bugs_in_pods_understanding_bugs,gvisor,38d2b048fd78fb09fc30f5a01c22950e89dc4b2c,,,,,,,,,,,,,,,,"{""symptom_code"": ""C.2.2"", ""root_cause_code"": ""A.4.2"", ""source_sheet"": ""gvisor""}",data/raw/issta2024_bugs_in_pods_understanding_bugs/SI Bugs in Pods_ Exploring Bugs in Container Runtime Systems.xlsx,gvisor,
issta2024_bugs_in_pods_understanding_bugs:3e371b2b0c65aa0f,issta2024_bugs_in_pods_understanding_bugs,containerd,39158629f7b7913e14b94409bf205ee8be965254,,,,,,,,,,,,,,,,"{""symptom_code"": ""B.1.2"", ""root_cause_code"": ""A.3.1"", ""source_sheet"": ""containerd""}",data/raw/issta2024_bugs_in_pods_understanding_bugs/SI Bugs in Pods_ Exploring Bugs in Container Runtime Systems.xlsx,containerd,
issta2024_bugs_in_pods_understanding_bugs:351acb180a46b97c,issta2024_bugs_in_pods_understanding_bugs,runc,39914db679b008d7400a165b974f5d7ceec19e1f,,,,,,,,,,,,,,,,"{""symptom_code"": ""C.2.2"", ""root_cause_code"": ""A.4.2"", ""source_sheet"": ""runc""}",data/raw/issta2024_bugs_in_pods_understanding_bugs/SI Bugs in Pods_ Exploring Bugs in Container Runtime Systems.xlsx,runc,
issta2024_bugs_in_pods_understanding_bugs:1fcc12805621beae,issta2024_bugs_in_pods_understanding_bugs,runc,39d0ee18e9d90da2ac876a6aa58e43041938eb7d,,,,,,,,,,,,,,,,"{""symptom_code"": ""A"", ""root_cause_code"": ""B.3"", ""source_sheet"": ""runc""}",data/raw/issta2024_bugs_in_pods_understanding_bugs/SI Bugs in Pods_ Exploring Bugs in Container Runtime Systems.xlsx,runc,
issta2024_bugs_in_pods_understanding_bugs:ef64eb8db4167eba,issta2024_bugs_in_pods_understanding_bugs,containerd,3b71cfd407bdf0b0e5a8c576dff02cd3d33c89ab,,,,,,,,,,,,,,,,"{""symptom_code"": ""C.2.2"", ""root_cause_code"": ""A.3.2"", ""source_sheet"": ""containerd""}",data/raw/issta2024_bugs_in_pods_understanding_bugs/SI Bugs in Pods_ Exploring Bugs in Container Runtime Systems.xlsx,containerd,
issta2024_bugs_in_pods_understanding_bugs:c8ee20283e25332b,issta2024_bugs_in_pods_understanding_bugs,gvisor,3b917921d7feab08a94d54f29af5a57f35c9fc5e,,,,,,,,,,,,,,,,"{""symptom_code"": ""C.2.2"", ""root_cause_code"": ""A.3.2"", ""source_sheet"": ""gvisor""}",data/raw/issta2024_bugs_in_pods_understanding_bugs/SI Bugs in Pods_ Exploring Bugs in Container Runtime Systems.xlsx,gvisor,
issta2024_bugs_in_pods_understanding_bugs:a8959524544d5ff4,issta2024_bugs_in_pods_understanding_bugs,containerd,3d9dd2022d82c235306b87a1b36bb69a02647c9a,,,,,,,,,,,,,,,,"{""symptom_code"": ""C.1"", ""root_cause_code"": ""A.1"", ""source_sheet"": ""containerd""}",data/raw/issta2024_bugs_in_pods_understanding_bugs/SI Bugs in Pods_ Exploring Bugs in Container Runtime Systems.xlsx,containerd,
issta2024_bugs_in_pods_understanding_bugs:bc50afe629481b39,issta2024_bugs_in_pods_understanding_bugs,gvisor,3e2e74279a92b372d6f271272c4a3d421a6b42f7,,,,,,,,,,,,,,,,"{""symptom_code"": ""C.2.1"", ""root_cause_code"": ""A.2"", ""source_sheet"": ""gvisor""}",data/raw/issta2024_bugs_in_pods_understanding_bugs/SI Bugs in Pods_ Exploring Bugs in Container Runtime Systems.xlsx,gvisor,
issta2024_bugs_in_pods_understanding_bugs:d1560f994ee11c62,issta2024_bugs_in_pods_understanding_bugs,containerd,3e51312a61ea9d727d082818e487b76a7739385a,,,,,,,,,,,,,,,,"{""symptom_code"": ""C.2.2"", ""root_cause_code"": ""B.4"", ""source_sheet"": ""containerd""}",data/raw/issta2024_bugs_in_pods_understanding_bugs/SI Bugs in Pods_ Exploring Bugs in Container Runtime Systems.xlsx,containerd,
issta2024_bugs_in_pods_understanding_bugs:5679d6315bc44a9f,issta2024_bugs_in_pods_understanding_bugs,containerd,3eda46af12b1deedab3d0802adb2e81cb3521950,,,,,,,,,,,,,,,,"{""symptom_code"": ""C.2.2"", ""root_cause_code"": ""A.4.1"", ""source_sheet"": ""containerd""}",data/raw/issta2024_bugs_in_pods_understanding_bugs/SI Bugs in Pods_ Exploring Bugs in Container Runtime Systems.xlsx,containerd,
issta2024_bugs_in_pods_understanding_bugs:a78504ae7039d2b3,issta2024_bugs_in_pods_understanding_bugs,gvisor,3fcbad509300ac7249156d49d2ec20f30aa1a16d,,,,,,,,,,,,,,,,"{""symptom_code"": ""D.2"", ""root_cause_code"": ""A.3.2"", ""source_sheet"": ""gvisor""}",data/raw/issta2024_bugs_in_pods_understanding_bugs/SI Bugs in Pods_ Exploring Bugs in Container Runtime Systems.xlsx,gvisor,
issta2024_bugs_in_pods_understanding_bugs:f0c3344472125cde,issta2024_bugs_in_pods_understanding_bugs,cri-o,406f367cbb7bdc5e24edf7c116f031acb6e2de0b,,,,,,,,,,,,,,,,"{""symptom_code"": ""C.3.2"", ""root_cause_code"": ""A.3.2"", ""source_sheet"": ""cri-o""}",data/raw/issta2024_bugs_in_pods_understanding_bugs/SI Bugs in Pods_ Exploring Bugs in Container Runtime Systems.xlsx,cri-o,
issta2024_bugs_in_pods_understanding_bugs:009a840cdab34e16,issta2024_bugs_in_pods_understanding_bugs,gvisor,4076153be6840c50ade746087b221a12d7bd2b3b,,,,,,,,,,,,,,,,"{""symptom_code"": ""D.2"", ""root_cause_code"": ""A.2"", ""source_sheet"": ""gvisor""}",data/raw/issta2024_bugs_in_pods_understanding_bugs/SI Bugs in Pods_ Exploring Bugs in Container Runtime Systems.xlsx,gvisor,
issta2024_bugs_in_pods_understanding_bugs:16e9aa1e73740fdd,issta2024_bugs_in_pods_understanding_bugs,runc,41043673b711d9f442ef23d11a67b073914e78f8,,,,,,,,,,,,,,,,"{""symptom_code"": ""C.2.2"", ""root_cause_code"": ""A.3.2"", ""source_sheet"": ""runc""}",data/raw/issta2024_bugs_in_pods_understanding_bugs/SI Bugs in Pods_ Exploring Bugs in Container Runtime Systems.xlsx,runc,
issta2024_bugs_in_pods_understanding_bugs:c720c9523c5234fe,issta2024_bugs_in_pods_understanding_bugs,containerd,41575038819551c255ea2385dfe6c63cb7048dca,,,,,,,,,,,,,,,,"{""symptom_code"": ""B.1.1"", ""root_cause_code"": ""A.4.1"", ""source_sheet"": ""containerd""}",data/raw/issta2024_bugs_in_pods_understanding_bugs/SI Bugs in Pods_ Exploring Bugs in Container Runtime Systems.xlsx,containerd,
issta2024_bugs_in_pods_understanding_bugs:b33c3c26f80666ec,issta2024_bugs_in_pods_understanding_bugs,containerd,42584167b765180c83a3d4456882ce8237e27dad,,,,,,,,,,,,,,,,"{""symptom_code"": ""A"", ""root_cause_code"": ""B.3"", ""source_sheet"": ""containerd""}",data/raw/issta2024_bugs_in_pods_understanding_bugs/SI Bugs in Pods_ Exploring Bugs in Container Runtime Systems.xlsx,containerd,
issta2024_bugs_in_pods_understanding_bugs:7f615ca88c7beb59,issta2024_bugs_in_pods_understanding_bugs,gvisor,426deb60fd255ee6f96fb20ff0c4996f721da2d8,,,,,,,,,,,,,,,,"{""symptom_code"": ""C.2.2"", ""root_cause_code"": ""A.3.2"", ""source_sheet"": ""gvisor""}",data/raw/issta2024_bugs_in_pods_understanding_bugs/SI Bugs in Pods_ Exploring Bugs in Container Runtime Systems.xlsx,gvisor,
issta2024_bugs_in_pods_understanding_bugs:6c10cc5844d1268f,issta2024_bugs_in_pods_understanding_bugs,containerd,426fcfbc5281b0f1912584f086f9de04682c583a,,,,,,,,,,,,,,,,"{""symptom_code"": ""A"", ""root_cause_code"": ""C"", ""source_sheet"": ""containerd""}",data/raw/issta2024_bugs_in_pods_understanding_bugs/SI Bugs in Pods_ Exploring Bugs in Container Runtime Systems.xlsx,containerd,
issta2024_bugs_in_pods_understanding_bugs:3a19f765b12a163b,issta2024_bugs_in_pods_understanding_bugs,containerd,42a386c8164bef16d59590c61ab00806f854d8fd,,,,,,,,,,,,,,,,"{""symptom_code"": ""C.3.1"", ""root_cause_code"": ""B.1.1"", ""source_sheet"": ""containerd""}",data/raw/issta2024_bugs_in_pods_understanding_bugs/SI Bugs in Pods_ Exploring Bugs in Container Runtime Systems.xlsx,containerd,
issta2024_bugs_in_pods_understanding_bugs:a9c45e582dd47bb3,issta2024_bugs_in_pods_understanding_bugs,runc,42dffaaa4ebeabda38d14967836128042226c35f,,,,,,,,,,,,,,,,"{""symptom_code"": ""A"", ""root_cause_code"": ""B.3"", ""source_sheet"": ""runc""}",data/raw/issta2024_bugs_in_pods_understanding_bugs/SI Bugs in Pods_ Exploring Bugs in Container Runtime Systems.xlsx,runc,
issta2024_bugs_in_pods_understanding_bugs:f306087a3e67308e,issta2024_bugs_in_pods_understanding_bugs,containerd,42eedc0bc733f579b37874a86ce9f72d41b355a4,,,,,,,,,,,,,,,,"{""symptom_code"": ""C.3.2"", ""root_cause_code"": ""A.3.1"", ""source_sheet"": ""containerd""}",data/raw/issta2024_bugs_in_pods_understanding_bugs/SI Bugs in Pods_ Exploring Bugs in Container Runtime Systems.xlsx,containerd,
issta2024_bugs_in_pods_understanding_bugs:9f0f97cafd6bc080,issta2024_bugs_in_pods_understanding_bugs,containerd,4333e6a6d6471f4058d46928d4f117a814ed3bc8,,,,,,,,,,,,,,,,"{""symptom_code"": ""B.1.3"", ""root_cause_code"": ""B.4"", ""source_sheet"": ""containerd""}",data/raw/issta2024_bugs_in_pods_understanding_bugs/SI Bugs in Pods_ Exploring Bugs in Container Runtime Systems.xlsx,containerd,
issta2024_bugs_in_pods_understanding_bugs:69f6f3231976d639,issta2024_bugs_in_pods_understanding_bugs,gvisor,43c2313098c405f1fbb3a4160747a13f696fd691,,,,,,,,,,,,,,,,"{""symptom_code"": ""C.2.2"", ""root_cause_code"": ""A.4.1"", ""source_sheet"": ""gvisor""}",data/raw/issta2024_bugs_in_pods_understanding_bugs/SI Bugs in Pods_ Exploring Bugs in Container Runtime Systems.xlsx,gvisor,
issta2024_bugs_in_pods_understanding_bugs:835ceb21045ce663,issta2024_bugs_in_pods_understanding_bugs,gvisor,4503ba3f5efdf74079a9dba2242a38d51d0cf58d,,,,,,,,,,,,,,,,"{""symptom_code"": ""C.2.2"", ""root_cause_code"": ""A.2"", ""source_sheet"": ""gvisor""}",data/raw/issta2024_bugs_in_pods_understanding_bugs/SI Bugs in Pods_ Exploring Bugs in Container Runtime Systems.xlsx,gvisor,
issta2024_bugs_in_pods_understanding_bugs:a07aa2b7fa26fb55,issta2024_bugs_in_pods_understanding_bugs,runc,462e719cae227a990ed793241062a8d2d6145332,,,,,,,,,,,,,,,,"{""symptom_code"": ""B.1.2"", ""root_cause_code"": ""A.1"", ""source_sheet"": ""runc""}",data/raw/issta2024_bugs_in_pods_understanding_bugs/SI Bugs in Pods_ Exploring Bugs in Container Runtime Systems.xlsx,runc,
issta2024_bugs_in_pods_understanding_bugs:062765c9a5d887ed,issta2024_bugs_in_pods_understanding_bugs,containerd,46773c341796748a7057e4f03826e738bc6778ec,,,,,,,,,,,,,,,,"{""symptom_code"": ""D.3.2"", ""root_cause_code"": ""A.3.2"", ""source_sheet"": ""containerd""}",data/raw/issta2024_bugs_in_pods_understanding_bugs/SI Bugs in Pods_ Exploring Bugs in Container Runtime Systems.xlsx,containerd,
issta2024_bugs_in_pods_understanding_bugs:41f18d989b62d1a6,issta2024_bugs_in_pods_understanding_bugs,gvisor,4742f7d788e784aa2d86f81aecaef2039caad01c,,,,,,,,,,,,,,,,"{""symptom_code"": ""C.3.1"", ""root_cause_code"": ""A.4.1"", ""source_sheet"": ""gvisor""}",data/raw/issta2024_bugs_in_pods_understanding_bugs/SI Bugs in Pods_ Exploring Bugs in Container Runtime Systems.xlsx,gvisor,
issta2024_bugs_in_pods_understanding_bugs:cab86f18bb9400ea,issta2024_bugs_in_pods_understanding_bugs,gvisor,4761bf4537e6af9e210dcc821717c637b435f73c,,,,,,,,,,,,,,,,"{""symptom_code"": ""C.2.2"", ""root_cause_code"": ""A.4.1"", ""source_sheet"": ""gvisor""}",data/raw/issta2024_bugs_in_pods_understanding_bugs/SI Bugs in Pods_ Exploring Bugs in Container Runtime Systems.xlsx,gvisor,
issta2024_bugs_in_pods_understanding_bugs:56fbae6bbf7d4c19,issta2024_bugs_in_pods_understanding_bugs,gvisor,479fd558e12f2985878d9634c6ec93304cdc2e4b,,,,,,,,,,,,,,,,"{""symptom_code"": ""C.2.1"", ""root_cause_code"": ""C"", ""source_sheet"": ""gvisor""}",data/raw/issta2024_bugs_in_pods_understanding_bugs/SI Bugs in Pods_ Exploring Bugs in Container Runtime Systems.xlsx,gvisor,
issta2024_bugs_in_pods_understanding_bugs:1ccff8ea4f9750d4,issta2024_bugs_in_pods_understanding_bugs,cri-o,481683497c009e5a6c985f646ef6a74d882bce56,,,,,,,,,,,,,,,,"{""symptom_code"": ""B.1.3"", ""root_cause_code"": ""B.2.2"", ""source_sheet"": ""cri-o""}",data/raw/issta2024_bugs_in_pods_understanding_bugs/SI Bugs in Pods_ Exploring Bugs in Container Runtime Systems.xlsx,cri-o,
issta2024_bugs_in_pods_understanding_bugs:23fd0e0a57cd97d0,issta2024_bugs_in_pods_understanding_bugs,containerd,481fb923c591944bbaef88a94ac4da1d17552a53,,,,,,,,,,,,,,,,"{""symptom_code"": ""C.2.4"", ""root_cause_code"": ""B.3"", ""source_sheet"": ""containerd""}",data/raw/issta2024_bugs_in_pods_understanding_bugs/SI Bugs in Pods_ Exploring Bugs in Container Runtime Systems.xlsx,containerd,
issta2024_bugs_in_pods_understanding_bugs:9da551ba31f69d97,issta2024_bugs_in_pods_understanding_bugs,containerd,48c7529de2003a3b3cdfc6119796663fde32c681,,,,,,,,,,,,,,,,"{""symptom_code"": ""C.2.1"", ""root_cause_code"": ""C"", ""source_sheet"": ""containerd""}",data/raw/issta2024_bugs_in_pods_understanding_bugs/SI Bugs in Pods_ Exploring Bugs in Container Runtime Systems.xlsx,containerd,
issta2024_bugs_in_pods_understanding_bugs:b174d52d3ca8cb1d,issta2024_bugs_in_pods_understanding_bugs,containerd,48daccb4dd225784cb802b5ea3fd1d96d18eec8e,,,,,,,,,,,,,,,,"{""symptom_code"": ""C.2.3"", ""root_cause_code"": ""A.4.2"", ""source_sheet"": ""containerd""}",data/raw/issta2024_bugs_in_pods_understanding_bugs/SI Bugs in Pods_ Exploring Bugs in Container Runtime Systems.xlsx,containerd,
issta2024_bugs_in_pods_understanding_bugs:41671ca47b8732ec,issta2024_bugs_in_pods_understanding_bugs,gvisor,48e2252b3bacc60b87f7ca36cc6f0d8729b3cb4c,,,,,,,,,,,,,,,,"{""symptom_code"": ""B.1.2"", ""root_cause_code"": ""A.4.2"", ""source_sheet"": ""gvisor""}",data/raw/issta2024_bugs_in_pods_understanding_bugs/SI Bugs in Pods_ Exploring Bugs in Container Runtime Systems.xlsx,gvisor,
issta2024_bugs_in_pods_understanding_bugs:5f4507f8a4fad283,issta2024_bugs_in_pods_understanding_bugs,gvisor,49ada65f4c37a4384ce4f9dc0cf98317207d4472,,,,,,,,,,,,,,,,"{""symptom_code"": ""C.2.1"", ""root_cause_code"": ""A.4.1"", ""source_sheet"": ""gvisor""}",data/raw/issta2024_bugs_in_pods_understanding_bugs/SI Bugs in Pods_ Exploring Bugs in Container Runtime Systems.xlsx,gvisor,
issta2024_bugs_in_pods_understanding_bugs:d573bd1fe48ece46,issta2024_bugs_in_pods_understanding_bugs,containerd,4aff7431feaa0ab94ed16d36f0ed940db0ec3948,,,,,,,,,,,,,,,,"{""symptom_code"": ""B.2"", ""root_cause_code"": ""A.4.2"", ""source_sheet"": ""containerd""}",data/raw/issta2024_bugs_in_pods_understanding_bugs/SI Bugs in Pods_ Exploring Bugs in Container Runtime Systems.xlsx,containerd,
issta2024_bugs_in_pods_understanding_bugs:c619c9ff480709b7,issta2024_bugs_in_pods_understanding_bugs,gvisor,4b63ff222d437f70369f08e486e59d7dec10b4d4,,,,,,,,,,,,,,,,"{""symptom_code"": ""B.1.2"", ""root_cause_code"": ""A.1"", ""source_sheet"": ""gvisor""}",data/raw/issta2024_bugs_in_pods_understanding_bugs/SI Bugs in Pods_ Exploring Bugs in Container Runtime Systems.xlsx,gvisor,
issta2024_bugs_in_pods_understanding_bugs:3d2d0d0cffb72554,issta2024_bugs_in_pods_understanding_bugs,cri-o,4cf3d37742f639a674cfb88e73d36904e95f8000,,,,,,,,,,,,,,,,"{""symptom_code"": ""B.1.1"", ""root_cause_code"": ""B.4"", ""source_sheet"": ""cri-o""}",data/raw/issta2024_bugs_in_pods_understanding_bugs/SI Bugs in Pods_ Exploring Bugs in Container Runtime Systems.xlsx,cri-o,
issta2024_bugs_in_pods_understanding_bugs:5f4ea84d0b4b4e31,issta2024_bugs_in_pods_understanding_bugs,gvisor,4d29819e13a14f0d14e79586851364a4939f0ffe,,,,,,,,,,,,,,,,"{""symptom_code"": ""D.1"", ""root_cause_code"": ""A.2"", ""source_sheet"": ""gvisor""}",data/raw/issta2024_bugs_in_pods_understanding_bugs/SI Bugs in Pods_ Exploring Bugs in Container Runtime Systems.xlsx,gvisor,
issta2024_bugs_in_pods_understanding_bugs:83f5ddcb2757ea96,issta2024_bugs_in_pods_understanding_bugs,containerd,4f39b164f3a52b121a11e2ac91f5fa147ca39ca0,,,,,,,,,,,,,,,,"{""symptom_code"": ""C.2.1"", ""root_cause_code"": ""B.2.1"", ""source_sheet"": ""containerd""}",data/raw/issta2024_bugs_in_pods_understanding_bugs/SI Bugs in Pods_ Exploring Bugs in Container Runtime Systems.xlsx,containerd,
issta2024_bugs_in_pods_understanding_bugs:285d5bae33ddae43,issta2024_bugs_in_pods_understanding_bugs,runc,4ff490460377d1be0075e57598723d7206e555c5,,,,,,,,,,,,,,,,"{""symptom_code"": ""C.1"", ""root_cause_code"": ""B.3"", ""source_sheet"": ""runc""}",data/raw/issta2024_bugs_in_pods_understanding_bugs/SI Bugs in Pods_ Exploring Bugs in Container Runtime Systems.xlsx,runc,
issta2024_bugs_in_pods_understanding_bugs:3227478d59f7deb6,issta2024_bugs_in_pods_understanding_bugs,runc,515082102e08250f13df90426b80d58221f0636e,,,,,,,,,,,,,,,,"{""symptom_code"": ""D.3.1"", ""root_cause_code"": ""A.4.1"", ""source_sheet"": ""runc""}",data/raw/issta2024_bugs_in_pods_understanding_bugs/SI Bugs in Pods_ Exploring Bugs in Container Runtime Systems.xlsx,runc,
issta2024_bugs_in_pods_understanding_bugs:3227478d59f7deb6,issta2024_bugs_in_pods_understanding_bugs,runc,515082102e08250f13df90426b80d58221f0636e,,,,,,,,,,,,,,,,"{""symptom_code"": ""C.2.1"", ""root_cause_code"": ""A.1"", ""source_sheet"": ""runc""}",data/raw/issta2024_bugs_in_pods_understanding_bugs/SI Bugs in Pods_ Exploring Bugs in Container Runtime Systems.xlsx,runc,
issta2024_bugs_in_pods_understanding_bugs:a99fe8546efac5de,issta2024_bugs_in_pods_understanding_bugs,cri-o,51a800af0fe72b2524b7755167e57892044e7c3f,,,,,,,,,,,,,,,,"{""symptom_code"": ""B.1.1"", ""root_cause_code"": ""A.2"", ""source_sheet"": ""cri-o""}",data/raw/issta2024_bugs_in_pods_understanding_bugs/SI Bugs in Pods_ Exploring Bugs in Container Runtime Systems.xlsx,cri-o,
issta2024_bugs_in_pods_understanding_bugs:a380459364c11dba,issta2024_bugs_in_pods_understanding_bugs,containerd,51a8f969bd5b4e5759ad11327820536648153cfd,,,,,,,,,,,,,,,,"{""symptom_code"": ""C.3.1"", ""root_cause_code"": ""A.4.2"", ""source_sheet"": ""containerd""}",data/raw/issta2024_bugs_in_pods_understanding_bugs/SI Bugs in Pods_ Exploring Bugs in Container Runtime Systems.xlsx,containerd,
issta2024_bugs_in_pods_understanding_bugs:e7c2d11103dfb799,issta2024_bugs_in_pods_understanding_bugs,cri-o,53431c68a34650a4b76a7f8ca2183eae65a492d6,,,,,,,,,,,,,,,,"{""symptom_code"": ""C.2.1"", ""root_cause_code"": ""A.4.1"", ""source_sheet"": ""cri-o""}",data/raw/issta2024_bugs_in_pods_understanding_bugs/SI Bugs in Pods_ Exploring Bugs in Container Runtime Systems.xlsx,cri-o,
issta2024_bugs_in_pods_understanding_bugs:0464ce2c0111bacc,issta2024_bugs_in_pods_understanding_bugs,containerd,535191abf3b3f6a41fe63fc7952f1f72690b2d70,,,,,,,,,,,,,,,,"{""symptom_code"": ""C.2.3"", ""root_cause_code"": ""A.4.2"", ""source_sheet"": ""containerd""}",data/raw/issta2024_bugs_in_pods_understanding_bugs/SI Bugs in Pods_ Exploring Bugs in Container Runtime Systems.xlsx,containerd,
issta2024_bugs_in_pods_understanding_bugs:8abac5d55e588f00,issta2024_bugs_in_pods_understanding_bugs,runc,535f25c44f7f98257590780b77937a166b653825,,,,,,,,,,,,,,,,"{""symptom_code"": ""C.2.3"", ""root_cause_code"": ""A.2"", ""source_sheet"": ""runc""}",data/raw/issta2024_bugs_in_pods_understanding_bugs/SI Bugs in Pods_ Exploring Bugs in Container Runtime Systems.xlsx,runc,
issta2024_bugs_in_pods_understanding_bugs:f5ebc2e88f5fcd67,issta2024_bugs_in_pods_understanding_bugs,gvisor,547c4ead338065e0a019538f5164d76c7760615c,,,,,,,,,,,,,,,,"{""symptom_code"": ""C.2.1"", ""root_cause_code"": ""C"", ""source_sheet"": ""gvisor""}",data/raw/issta2024_bugs_in_pods_understanding_bugs/SI Bugs in Pods_ Exploring Bugs in Container Runtime Systems.xlsx,gvisor,
issta2024_bugs_in_pods_understanding_bugs:9fd74b344eedab40,issta2024_bugs_in_pods_understanding_bugs,gvisor,54dafa76c2ea2e3bc2ed283a211ccd00d25296ee,,,,,,,,,,,,,,,,"{""symptom_code"": ""C.2.1"", ""root_cause_code"": ""A.1"", ""source_sheet"": ""gvisor""}",data/raw/issta2024_bugs_in_pods_understanding_bugs/SI Bugs in Pods_ Exploring Bugs in Container Runtime Systems.xlsx,gvisor,
issta2024_bugs_in_pods_understanding_bugs:8bdfa65f6f0e8c10,issta2024_bugs_in_pods_understanding_bugs,containerd,54e95e6b880912e489529be120d4ecead80dbd90,,,,,,,,,,,,,,,,"{""symptom_code"": ""D.3.1"", ""root_cause_code"": ""A.4.1"", ""source_sheet"": ""containerd""}",data/raw/issta2024_bugs_in_pods_understanding_bugs/SI Bugs in Pods_ Exploring Bugs in Container Runtime Systems.xlsx,containerd,
issta2024_bugs_in_pods_understanding_bugs:0656c4095d18c2cf,issta2024_bugs_in_pods_understanding_bugs,containerd,551516a18d0a60c4afbc85e7588af356191eaead,,,,,,,,,,,,,,,,"{""symptom_code"": ""C.3.2"", ""root_cause_code"": ""A.3.2"", ""source_sheet"": ""containerd""}",data/raw/issta2024_bugs_in_pods_understanding_bugs/SI Bugs in Pods_ Exploring Bugs in Container Runtime Systems.xlsx,containerd,
issta2024_bugs_in_pods_understanding_bugs:4686f144cd58890e,issta2024_bugs_in_pods_understanding_bugs,containerd,55923daa9f56c8a890875f1e111201d918b382e2,,,,,,,,,,,,,,,,"{""symptom_code"": ""B.1.2"", ""root_cause_code"": ""B.2.2"", ""source_sheet"": ""containerd""}",data/raw/issta2024_bugs_in_pods_understanding_bugs/SI Bugs in Pods_ Exploring Bugs in Container Runtime Systems.xlsx,containerd,
issta2024_bugs_in_pods_understanding_bugs:d3de0d64df9eaffb,issta2024_bugs_in_pods_understanding_bugs,containerd,55faa5e93d7fdacc7d9b28ee79a0972ec18e3471,,,,,,,,,,,,,,,,"{""symptom_code"": ""D.2"", ""root_cause_code"": ""A.3.2"", ""source_sheet"": ""containerd""}",data/raw/issta2024_bugs_in_pods_understanding_bugs/SI Bugs in Pods_ Exploring Bugs in Container Runtime Systems.xlsx,containerd,
issta2024_bugs_in_pods_understanding_bugs:68835291b2e484e2,issta2024_bugs_in_pods_understanding_bugs,gvisor,570ca571805d6939c4c24b6a88660eefaf558ae7,,,,,,,,,,,,,,,,"{""symptom_code"": ""C.2.3"", ""root_cause_code"": ""A.2"", ""source_sheet"": ""gvisor""}",data/raw/issta2024_bugs_in_pods_understanding_bugs/SI Bugs in Pods_ Exploring Bugs in Container Runtime Systems.xlsx,gvisor,
issta2024_bugs_in_pods_understanding_bugs:774e0a4b01a3c85a,issta2024_bugs_in_pods_understanding_bugs,gvisor,57da3c7ddd50f9a909d9b0022fe63eb201a2ca0e,,,,,,,,,,,,,,,,"{""symptom_code"": ""C.2.1"", ""root_cause_code"": ""A.1"", ""source_sheet"": ""gvisor""}",data/raw/issta2024_bugs_in_pods_understanding_bugs/SI Bugs in Pods_ Exploring Bugs in Container Runtime Systems.xlsx,gvisor,
issta2024_bugs_in_pods_understanding_bugs:4ca20df29a523e0b,issta2024_bugs_in_pods_understanding_bugs,containerd,57e10439d9d1d66492ae55e48af713d9a7a4c6f8,,,,,,,,,,,,,,,,"{""symptom_code"": ""C.2.1"", ""root_cause_code"": ""A.4.1"", ""source_sheet"": ""containerd""}",data/raw/issta2024_bugs_in_pods_understanding_bugs/SI Bugs in Pods_ Exploring Bugs in Container Runtime Systems.xlsx,containerd,
issta2024_bugs_in_pods_understanding_bugs:b2fb6e8eefffa00d,issta2024_bugs_in_pods_understanding_bugs,cri-o,5849ed8badca4ce20f1cd81f0b82bdeb64b9d93c,,,,,,,,,,,,,,,,"{""symptom_code"": ""B.1.2"", ""root_cause_code"": ""A.4.1"", ""source_sheet"": ""cri-o""}",data/raw/issta2024_bugs_in_pods_understanding_bugs/SI Bugs in Pods_ Exploring Bugs in Container Runtime Systems.xlsx,cri-o,
issta2024_bugs_in_pods_understanding_bugs:8e238d9ef0533e8a,issta2024_bugs_in_pods_understanding_bugs,runc,58b1374f0ad98cc9390adc43dc22ddbb4f84d72e,,,,,,,,,,,,,,,,"{""symptom_code"": ""B.1.2"", ""root_cause_code"": ""A.4.1"", ""source_sheet"": ""runc""}",data/raw/issta2024_bugs_in_pods_understanding_bugs/SI Bugs in Pods_ Exploring Bugs in Container Runtime Systems.xlsx,runc,
issta2024_bugs_in_pods_understanding_bugs:6077eda3641e5edd,issta2024_bugs_in_pods_understanding_bugs,runc,58c1ff39a549636621de02ac32eb4a40d7665047,,,,,,,,,,,,,,,,"{""symptom_code"": ""C.2.1"", ""root_cause_code"": ""A.1"", ""source_sheet"": ""runc""}",data/raw/issta2024_bugs_in_pods_understanding_bugs/SI Bugs in Pods_ Exploring Bugs in Container Runtime Systems.xlsx,runc,
issta2024_bugs_in_pods_understanding_bugs:992d215579edaa06,issta2024_bugs_in_pods_understanding_bugs,containerd,5a3a9baec96cb674406eeecf93da6e5e1fb201d6,,,,,,,,,,,,,,,,"{""symptom_code"": ""B.1.2"", ""root_cause_code"": ""A.2"", ""source_sheet"": ""containerd""}",data/raw/issta2024_bugs_in_pods_understanding_bugs/SI Bugs in Pods_ Exploring Bugs in Container Runtime Systems.xlsx,containerd,
issta2024_bugs_in_pods_understanding_bugs:1ee87c975fe28d5b,issta2024_bugs_in_pods_understanding_bugs,gvisor,5a52fcc5466a7da26994ac168d56ee5e9cd21ae9,,,,,,,,,,,,,,,,"{""symptom_code"": ""C.3.2"", ""root_cause_code"": ""A.4.1"", ""source_sheet"": ""gvisor""}",data/raw/issta2024_bugs_in_pods_understanding_bugs/SI Bugs in Pods_ Exploring Bugs in Container Runtime Systems.xlsx,gvisor,
issta2024_bugs_in_pods_understanding_bugs:60610ee19aae878c,issta2024_bugs_in_pods_understanding_bugs,containerd,5b46e404f6b9f661a205e28d59c982d3634148f8,,,,,,,,,,,,,,,,"{""symptom_code"": ""C.3.2"", ""root_cause_code"": ""B.1.2"", ""source_sheet"": ""containerd""}",data/raw/issta2024_bugs_in_pods_understanding_bugs/SI Bugs in Pods_ Exploring Bugs in Container Runtime Systems.xlsx,containerd,
issta2024_bugs_in_pods_understanding_bugs:77d31a2a705c8941,issta2024_bugs_in_pods_understanding_bugs,gvisor,5b7274a1fc081f038613583e82d17fdb68af6dc3,,,,,,,,,,,,,,,,"{""symptom_code"": ""D.3.1"", ""root_cause_code"": ""A.3.1"", ""source_sheet"": ""gvisor""}",data/raw/issta2024_bugs_in_pods_understanding_bugs/SI Bugs in Pods_ Exploring Bugs in Container Runtime Systems.xlsx,gvisor,
issta2024_bugs_in_pods_understanding_bugs:43705a7f2ca7df84,issta2024_bugs_in_pods_understanding_bugs,gvisor,5baf7212b778324cca324a60739e7733614425f9,,,,,,,,,,,,,,,,"{""symptom_code"": ""C.2.1"", ""root_cause_code"": ""A.2"", ""source_sheet"": ""gvisor""}",data/raw/issta2024_bugs_in_pods_understanding_bugs/SI Bugs in Pods_ Exploring Bugs in Container Runtime Systems.xlsx,gvisor,
issta2024_bugs_in_pods_understanding_bugs:d9962c4aeec2ca45,issta2024_bugs_in_pods_understanding_bugs,runc,5cdf76719ec5b5b4b76ac498c64609beaff1c191,,,,,,,,,,,,,,,,"{""symptom_code"": ""B.1.2"", ""root_cause_code"": ""A.1"", ""source_sheet"": ""runc""}",data/raw/issta2024_bugs_in_pods_understanding_bugs/SI Bugs in Pods_ Exploring Bugs in Container Runtime Systems.xlsx,runc,
issta2024_bugs_in_pods_understanding_bugs:5cd8b3c88fa5e187,issta2024_bugs_in_pods_understanding_bugs,runc,5ce511d6a65809be3fc58f8e2df585abb9c616d6,,,,,,,,,,,,,,,,"{""symptom_code"": ""C.2.2"", ""root_cause_code"": ""A.1"", ""source_sheet"": ""runc""}",data/raw/issta2024_bugs_in_pods_understanding_bugs/SI Bugs in Pods_ Exploring Bugs in Container Runtime Systems.xlsx,runc,
issta2024_bugs_in_pods_understanding_bugs:a9191d33c063078d,issta2024_bugs_in_pods_understanding_bugs,runc,5d1ef78cadaeb0708d9ea46c545c3e821517caaf,,,,,,,,,,,,,,,,"{""symptom_code"": ""B.1.3"", ""root_cause_code"": ""B.4"", ""source_sheet"": ""runc""}",data/raw/issta2024_bugs_in_pods_understanding_bugs/SI Bugs in Pods_ Exploring Bugs in Container Runtime Systems.xlsx,runc,
issta2024_bugs_in_pods_understanding_bugs:830f3284f3d78332,issta2024_bugs_in_pods_understanding_bugs,runc,5dd92fd9b454e35ee543ced670f84344de67c902,,,,,,,,,,,,,,,,"{""symptom_code"": ""B.1.2"", ""root_cause_code"": ""A.2"", ""source_sheet"": ""runc""}",data/raw/issta2024_bugs_in_pods_understanding_bugs/SI Bugs in Pods_ Exploring Bugs in Container Runtime Systems.xlsx,runc,
issta2024_bugs_in_pods_understanding_bugs:620340ef844111b2,issta2024_bugs_in_pods_understanding_bugs,cri-o,5e0334f778409f36640d8b2c1a8652fb1f299303,,,,,,,,,,,,,,,,"{""symptom_code"": ""C.2.4"", ""root_cause_code"": ""A.1"", ""source_sheet"": ""cri-o""}",data/raw/issta2024_bugs_in_pods_understanding_bugs/SI Bugs in Pods_ Exploring Bugs in Container Runtime Systems.xlsx,cri-o,
issta2024_bugs_in_pods_understanding_bugs:dccdd09ce4829904,issta2024_bugs_in_pods_understanding_bugs,cri-o,5e751fda379280b1157f046725eea63bee7609fc,,,,,,,,,,,,,,,,"{""symptom_code"": ""A"", ""root_cause_code"": ""B.3"", ""source_sheet"": ""cri-o""}",data/raw/issta2024_bugs_in_pods_understanding_bugs/SI Bugs in Pods_ Exploring Bugs in Container Runtime Systems.xlsx,cri-o,
issta2024_bugs_in_pods_understanding_bugs:ac84a872d8408a6e,issta2024_bugs_in_pods_understanding_bugs,containerd,5e84f08c4a41ba10a2b23e2b44f90ed8eb0e8e0a,,,,,,,,,,,,,,,,"{""symptom_code"": ""B.1.3"", ""root_cause_code"": ""B.2.2"", ""source_sheet"": ""containerd""}",data/raw/issta2024_bugs_in_pods_understanding_bugs/SI Bugs in Pods_ Exploring Bugs in Container Runtime Systems.xlsx,containerd,
issta2024_bugs_in_pods_understanding_bugs:181fee2c36a2fd2e,issta2024_bugs_in_pods_understanding_bugs,cri-o,5ecc82e6ffe962a489183d16be523370036e5056,,,,,,,,,,,,,,,,"{""symptom_code"": ""A"", ""root_cause_code"": ""B.3"", ""source_sheet"": ""cri-o""}",data/raw/issta2024_bugs_in_pods_understanding_bugs/SI Bugs in Pods_ Exploring Bugs in Container Runtime Systems.xlsx,cri-o,
issta2024_bugs_in_pods_understanding_bugs:a6eec07aa31aa1d2,issta2024_bugs_in_pods_understanding_bugs,gvisor,5f2b3728fc1d71d32912c57d948ba4b15c886f2a,,,,,,,,,,,,,,,,"{""symptom_code"": ""D.1"", ""root_cause_code"": ""A.1"", ""source_sheet"": ""gvisor""}",data/raw/issta2024_bugs_in_pods_understanding_bugs/SI Bugs in Pods_ Exploring Bugs in Container Runtime Systems.xlsx,gvisor,
issta2024_bugs_in_pods_understanding_bugs:c08cd85ce29e04ee,issta2024_bugs_in_pods_understanding_bugs,gvisor,603f473ada5f5cacc759c8810df01f47905ba5e9,,,,,,,,,,,,,,,,"{""symptom_code"": ""C.2.1"", ""root_cause_code"": ""B.2.1"", ""source_sheet"": ""gvisor""}",data/raw/issta2024_bugs_in_pods_understanding_bugs/SI Bugs in Pods_ Exploring Bugs in Container Runtime Systems.xlsx,gvisor,
issta2024_bugs_in_pods_understanding_bugs:8a973457c84af447,issta2024_bugs_in_pods_understanding_bugs,runc,6145628fff2fe33b8649f8a8fcc1e191c4550741,,,,,,,,,,,,,,,,"{""symptom_code"": ""C.2.1"", ""root_cause_code"": ""A.1"", ""source_sheet"": ""runc""}",data/raw/issta2024_bugs_in_pods_understanding_bugs/SI Bugs in Pods_ Exploring Bugs in Container Runtime Systems.xlsx,runc,
issta2024_bugs_in_pods_understanding_bugs:9d720822a9568acd,issta2024_bugs_in_pods_understanding_bugs,runc,62963fef9f33860eb99b2fa8b238e47bd60afcea,,,,,,,,,,,,,,,,"{""symptom_code"": ""C.2.2"", ""root_cause_code"": ""A.3.2"", ""source_sheet"": ""runc""}",data/raw/issta2024_bugs_in_pods_understanding_bugs/SI Bugs in Pods_ Exploring Bugs in Container Runtime Systems.xlsx,runc,
issta2024_bugs_in_pods_understanding_bugs:90b6936c67bc0b19,issta2024_bugs_in_pods_understanding_bugs,cri-o,62d77513b8bc0412ba0b3e1c56670eb7a7abfd46,,,,,,,,,,,,,,,,"{""symptom_code"": ""B.1.3"", ""root_cause_code"": ""B.1.1"", ""source_sheet"": ""cri-o""}",data/raw/issta2024_bugs_in_pods_understanding_bugs/SI Bugs in Pods_ Exploring Bugs in Container Runtime Systems.xlsx,cri-o,
issta2024_bugs_in_pods_understanding_bugs:a9875036afd06419,issta2024_bugs_in_pods_understanding_bugs,containerd,62df35df66f6b78908ff30acc8692ef26dcd9d12,,,,,,,,,,,,,,,,"{""symptom_code"": ""C.2.1"", ""root_cause_code"": ""A.2"", ""source_sheet"": ""containerd""}",data/raw/issta2024_bugs_in_pods_understanding_bugs/SI Bugs in Pods_ Exploring Bugs in Container Runtime Systems.xlsx,containerd,
issta2024_bugs_in_pods_understanding_bugs:f79a32fc889c3ac7,issta2024_bugs_in_pods_understanding_bugs,containerd,63a7d8a7ff291066b0684e8a62ff598684b8056e,,,,,,,,,,,,,,,,"{""symptom_code"": ""C.2.2"", ""root_cause_code"": ""A.4.1"", ""source_sheet"": ""containerd""}",data/raw/issta2024_bugs_in_pods_understanding_bugs/SI Bugs in Pods_ Exploring Bugs in Container Runtime Systems.xlsx,containerd,
issta2024_bugs_in_pods_understanding_bugs:8a8a5d0667e84fd7,issta2024_bugs_in_pods_understanding_bugs,cri-o,64270ef918a35385667a2deee7cc20ed9ff3c36c,,,,,,,,,,,,,,,,"{""symptom_code"": ""A"", ""root_cause_code"": ""B.3"", ""source_sheet"": ""cri-o""}",data/raw/issta2024_bugs_in_pods_understanding_bugs/SI Bugs in Pods_ Exploring Bugs in Container Runtime Systems.xlsx,cri-o,
issta2024_bugs_in_pods_understanding_bugs:d0a5d6a25dd0088a,issta2024_bugs_in_pods_understanding_bugs,cri-o,6449ff0d3ea43143d3c29352c849a97e139ee1d8,,,,,,,,,,,,,,,,"{""symptom_code"": ""D.3.2"", ""root_cause_code"": ""A.3.2"", ""source_sheet"": ""cri-o""}",data/raw/issta2024_bugs_in_pods_understanding_bugs/SI Bugs in Pods_ Exploring Bugs in Container Runtime Systems.xlsx,cri-o,
issta2024_bugs_in_pods_understanding_bugs:8792bd0d16f042d8,issta2024_bugs_in_pods_understanding_bugs,gvisor,662298fd588b2a844884b13646ec352956bbb130,,,,,,,,,,,,,,,,"{""symptom_code"": ""C.2.2"", ""root_cause_code"": ""A.4.1"", ""source_sheet"": ""gvisor""}",data/raw/issta2024_bugs_in_pods_understanding_bugs/SI Bugs in Pods_ Exploring Bugs in Container Runtime Systems.xlsx,gvisor,
issta2024_bugs_in_pods_understanding_bugs:c0306f4935f2b273,issta2024_bugs_in_pods_understanding_bugs,containerd,662d8a085e46749f5ebc18e8ee4466a281a2fc31,,,,,,,,,,,,,,,,"{""symptom_code"": ""D.3.2"", ""root_cause_code"": ""A.3.1"", ""source_sheet"": ""containerd""}",data/raw/issta2024_bugs_in_pods_understanding_bugs/SI Bugs in Pods_ Exploring Bugs in Container Runtime Systems.xlsx,containerd,
issta2024_bugs_in_pods_understanding_bugs:240bfbb7a29665e9,issta2024_bugs_in_pods_understanding_bugs,runc,66625701105c6b38260fa4bbe465e0615135d018,,,,,,,,,,,,,,,,"{""symptom_code"": ""C.1"", ""root_cause_code"": ""C"", ""source_sheet"": ""runc""}",data/raw/issta2024_bugs_in_pods_understanding_bugs/SI Bugs in Pods_ Exploring Bugs in Container Runtime Systems.xlsx,runc,
issta2024_bugs_in_pods_understanding_bugs:a11b1b8e9581b330,issta2024_bugs_in_pods_understanding_bugs,gvisor,66da66de302bbb1d0fe5da853055e76369abba61,,,,,,,,,,,,,,,,"{""symptom_code"": ""C.2.2"", ""root_cause_code"": ""B.2.1"", ""source_sheet"": ""gvisor""}",data/raw/issta2024_bugs_in_pods_understanding_bugs/SI Bugs in Pods_ Exploring Bugs in Container Runtime Systems.xlsx,gvisor,
issta2024_bugs_in_pods_understanding_bugs:c7f5ed6cab9199ef,issta2024_bugs_in_pods_understanding_bugs,runc,67cfd3d400b5602ae04689882c4b7231db369363,,,,,,,,,,,,,,,,"{""symptom_code"": ""D.2"", ""root_cause_code"": ""A.3.2"", ""source_sheet"": ""runc""}",data/raw/issta2024_bugs_in_pods_understanding_bugs/SI Bugs in Pods_ Exploring Bugs in Container Runtime Systems.xlsx,runc,
issta2024_bugs_in_pods_understanding_bugs:7b1aa875039cc491,issta2024_bugs_in_pods_understanding_bugs,runc,6806b2c1c43c8f48b39ee8160a61ec62112d4b20,,,,,,,,,,,,,,,,"{""symptom_code"": ""C.2.2"", ""root_cause_code"": ""A.3.2"", ""source_sheet"": ""runc""}",data/raw/issta2024_bugs_in_pods_understanding_bugs/SI Bugs in Pods_ Exploring Bugs in Container Runtime Systems.xlsx,runc,
issta2024_bugs_in_pods_understanding_bugs:644bf39b1e115b01,issta2024_bugs_in_pods_understanding_bugs,containerd,6886c6a2ec0c70dde1aa64e77b64a5ad47b983c3,,,,,,,,,,,,,,,,"{""symptom_code"": ""C.3.1"", ""root_cause_code"": ""B.1.2"", ""source_sheet"": ""containerd""}",data/raw/issta2024_bugs_in_pods_understanding_bugs/SI Bugs in Pods_ Exploring Bugs in Container Runtime Systems.xlsx,containerd,
issta2024_bugs_in_pods_understanding_bugs:46b228d29fd2eb7d,issta2024_bugs_in_pods_understanding_bugs,containerd,6906b57c721f9114377ceb069662b196876915c0,,,,,,,,,,,,,,,,"{""symptom_code"": ""C.2.3"", ""root_cause_code"": ""A.4.2"", ""source_sheet"": ""containerd""}",data/raw/issta2024_bugs_in_pods_understanding_bugs/SI Bugs in Pods_ Exploring Bugs in Container Runtime Systems.xlsx,containerd,
issta2024_bugs_in_pods_understanding_bugs:c886bad309f5ed37,issta2024_bugs_in_pods_understanding_bugs,runc,6907becaf9e124958225050eb8cf8cf32f0050e1,,,,,,,,,,,,,,,,"{""symptom_code"": ""D.2"", ""root_cause_code"": ""A.4.1"", ""source_sheet"": ""runc""}",data/raw/issta2024_bugs_in_pods_understanding_bugs/SI Bugs in Pods_ Exploring Bugs in Container Runtime Systems.xlsx,runc,
issta2024_bugs_in_pods_understanding_bugs:431655e205382634,issta2024_bugs_in_pods_understanding_bugs,gvisor,69fae5353a6b71264afb3069d549e1bbdd88d643,,,,,,,,,,,,,,,,"{""symptom_code"": ""C.2.3"", ""root_cause_code"": ""A.4.2"", ""source_sheet"": ""gvisor""}",data/raw/issta2024_bugs_in_pods_understanding_bugs/SI Bugs in Pods_ Exploring Bugs in Container Runtime Systems.xlsx,gvisor,
issta2024_bugs_in_pods_understanding_bugs:8a99e71439514111,issta2024_bugs_in_pods_understanding_bugs,runc,6b16d0051fb29bb55ab9de2e989adb60c0a92622,,,,,,,,,,,,,,,,"{""symptom_code"": ""C.2.4"", ""root_cause_code"": ""B.3"", ""source_sheet"": ""runc""}",data/raw/issta2024_bugs_in_pods_understanding_bugs/SI Bugs in Pods_ Exploring Bugs in Container Runtime Systems.xlsx,runc,
issta2024_bugs_in_pods_understanding_bugs:5bb611f4608d0ede,issta2024_bugs_in_pods_understanding_bugs,containerd,6b4b6956e3a0a7943782a5ea4ccbaa39a54ea749,,,,,,,,,,,,,,,,"{""symptom_code"": ""C.1"", ""root_cause_code"": ""A.1"", ""source_sheet"": ""containerd""}",data/raw/issta2024_bugs_in_pods_understanding_bugs/SI Bugs in Pods_ Exploring Bugs in Container Runtime Systems.xlsx,containerd,
issta2024_bugs_in_pods_understanding_bugs:6b45fab290edde4f,issta2024_bugs_in_pods_understanding_bugs,gvisor,6c236a236c1bf338710c935c303fe994f160a758,,,,,,,,,,,,,,,,"{""symptom_code"": ""A"", ""root_cause_code"": ""A.1"", ""source_sheet"": ""gvisor""}",data/raw/issta2024_bugs_in_pods_understanding_bugs/SI Bugs in Pods_ Exploring Bugs in Container Runtime Systems.xlsx,gvisor,
issta2024_bugs_in_pods_understanding_bugs:bd7d26b7d28647f6,issta2024_bugs_in_pods_understanding_bugs,cri-o,6c3144af2d3fa3b319d8d2ae2bf738bb8342ef0c,,,,,,,,,,,,,,,,"{""symptom_code"": ""A"", ""root_cause_code"": ""B.3"", ""source_sheet"": ""cri-o""}",data/raw/issta2024_bugs_in_pods_understanding_bugs/SI Bugs in Pods_ Exploring Bugs in Container Runtime Systems.xlsx,cri-o,
issta2024_bugs_in_pods_understanding_bugs:c6dc81a9889c45da,issta2024_bugs_in_pods_understanding_bugs,runc,6d2067a4bf1ae0a9ae1c570a0d1f2004e80eb229,,,,,,,,,,,,,,,,"{""symptom_code"": ""C.2.3"", ""root_cause_code"": ""B.2.2"", ""source_sheet"": ""runc""}",data/raw/issta2024_bugs_in_pods_understanding_bugs/SI Bugs in Pods_ Exploring Bugs in Container Runtime Systems.xlsx,runc,
issta2024_bugs_in_pods_understanding_bugs:49179b920b5dd6eb,issta2024_bugs_in_pods_understanding_bugs,gvisor,6d66109a530277cb3e4864522b6401ac6b68bfa3,,,,,,,,,,,,,,,,"{""symptom_code"": ""A"", ""root_cause_code"": ""B.3"", ""source_sheet"": ""gvisor""}",data/raw/issta2024_bugs_in_pods_understanding_bugs/SI Bugs in Pods_ Exploring Bugs in Container Runtime Systems.xlsx,gvisor,
issta2024_bugs_in_pods_understanding_bugs:7602dd3cbedc1ec3,issta2024_bugs_in_pods_understanding_bugs,cri-o,6da8e46b1a54eda348b8bc95bd2ffd0f3fbba54f,,,,,,,,,,,,,,,,"{""symptom_code"": ""D.2"", ""root_cause_code"": ""A.4.2"", ""source_sheet"": ""cri-o""}",data/raw/issta2024_bugs_in_pods_understanding_bugs/SI Bugs in Pods_ Exploring Bugs in Container Runtime Systems.xlsx,cri-o,
issta2024_bugs_in_pods_understanding_bugs:dbed749d8967cd6e,issta2024_bugs_in_pods_understanding_bugs,gvisor,6f769780487e7993a894ca965e92c2dee8678f8b,,,,,,,,,,,,,,,,"{""symptom_code"": ""A"", ""root_cause_code"": ""B.3"", ""source_sheet"": ""gvisor""}",data/raw/issta2024_bugs_in_pods_understanding_bugs/SI Bugs in Pods_ Exploring Bugs in Container Runtime Systems.xlsx,gvisor,
issta2024_bugs_in_pods_understanding_bugs:c65d7ff6031fa569,issta2024_bugs_in_pods_understanding_bugs,containerd,6ff1a59345d3b3e5f6006c5a01ad9274a72722a0,,,,,,,,,,,,,,,,"{""symptom_code"": ""B.1.3"", ""root_cause_code"": ""A.4.1"", ""source_sheet"": ""containerd""}",data/raw/issta2024_bugs_in_pods_understanding_bugs/SI Bugs in Pods_ Exploring Bugs in Container Runtime Systems.xlsx,containerd,
issta2024_bugs_in_pods_understanding_bugs:ce44baffea94a026,issta2024_bugs_in_pods_understanding_bugs,gvisor,7132b9a07b55b1c2944f19bb938878d147785a72,,,,,,,,,,,,,,,,"{""symptom_code"": ""B.1.1"", ""root_cause_code"": ""C"", ""source_sheet"": ""gvisor""}",data/raw/issta2024_bugs_in_pods_understanding_bugs/SI Bugs in Pods_ Exploring Bugs in Container Runtime Systems.xlsx,gvisor,
issta2024_bugs_in_pods_understanding_bugs:a186b2dee0e48cc0,issta2024_bugs_in_pods_understanding_bugs,containerd,727b254039d0fb04183a351633a8a51b33a19620,,,,,,,,,,,,,,,,"{""symptom_code"": ""C.2.1"", ""root_cause_code"": ""A.4.1"", ""source_sheet"": ""containerd""}",data/raw/issta2024_bugs_in_pods_understanding_bugs/SI Bugs in Pods_ Exploring Bugs in Container Runtime Systems.xlsx,containerd,
issta2024_bugs_in_pods_understanding_bugs:1101f72ed066d8d5,issta2024_bugs_in_pods_understanding_bugs,runc,7563a8f06de34cbfda74e9b01a5a1c5af6ec14e1,,,,,,,,,,,,,,,,"{""symptom_code"": ""C.2.1"", ""root_cause_code"": ""A.1"", ""source_sheet"": ""runc""}",data/raw/issta2024_bugs_in_pods_understanding_bugs/SI Bugs in Pods_ Exploring Bugs in Container Runtime Systems.xlsx,runc,
issta2024_bugs_in_pods_understanding_bugs:09dc8f57e9e6b59d,issta2024_bugs_in_pods_understanding_bugs,gvisor,757e15ce22ab84bf4385a9d6c6e7cff8bc9c0651,,,,,,,,,,,,,,,,"{""symptom_code"": ""B.1.2"", ""root_cause_code"": ""A.1"", ""source_sheet"": ""gvisor""}",data/raw/issta2024_bugs_in_pods_understanding_bugs/SI Bugs in Pods_ Exploring Bugs in Container Runtime Systems.xlsx,gvisor,
issta2024_bugs_in_pods_understanding_bugs:2fb8f2bcbbf03912,issta2024_bugs_in_pods_understanding_bugs,gvisor,76d800d41013a1f9aad073a4323117c2bac95438,,,,,,,,,,,,,,,,"{""symptom_code"": ""C.2.4"", ""root_cause_code"": ""B.2.1"", ""source_sheet"": ""gvisor""}",data/raw/issta2024_bugs_in_pods_understanding_bugs/SI Bugs in Pods_ Exploring Bugs in Container Runtime Systems.xlsx,gvisor,
issta2024_bugs_in_pods_understanding_bugs:aa44ad54b1e2a2f1,issta2024_bugs_in_pods_understanding_bugs,runc,7758d3fb028d686696a263851679a5d5a7665eae,,,,,,,,,,,,,,,,"{""symptom_code"": ""C.2.2"", ""root_cause_code"": ""A.4.1"", ""source_sheet"": ""runc""}",data/raw/issta2024_bugs_in_pods_understanding_bugs/SI Bugs in Pods_ Exploring Bugs in Container Runtime Systems.xlsx,runc,
issta2024_bugs_in_pods_understanding_bugs:7b9bc1b6972a7c83,issta2024_bugs_in_pods_understanding_bugs,runc,77cae9addc0c7c9ef52513b4e46b2e6485e4e469,,,,,,,,,,,,,,,,"{""symptom_code"": ""D.3.2"", ""root_cause_code"": ""A.4.1"", ""source_sheet"": ""runc""}",data/raw/issta2024_bugs_in_pods_understanding_bugs/SI Bugs in Pods_ Exploring Bugs in Container Runtime Systems.xlsx,runc,
issta2024_bugs_in_pods_understanding_bugs:aa1a4d80bf44bd37,issta2024_bugs_in_pods_understanding_bugs,gvisor,77dc0f5bc94dff28fa23812f3ad60a8b01e91138,,,,,,,,,,,,,,,,"{""symptom_code"": ""C.2.2"", ""root_cause_code"": ""A.4.1"", ""source_sheet"": ""gvisor""}",data/raw/issta2024_bugs_in_pods_understanding_bugs/SI Bugs in Pods_ Exploring Bugs in Container Runtime Systems.xlsx,gvisor,
issta2024_bugs_in_pods_understanding_bugs:9624d868f0d5cbaa,issta2024_bugs_in_pods_understanding_bugs,runc,783f9ffeeb16ea078a7d1894743a3ade4c5ef6e5,,,,,,,,,,,,,,,,"{""symptom_code"": ""C.2.2"", ""root_cause_code"": ""A.3.2"", ""source_sheet"": ""runc""}",data/raw/issta2024_bugs_in_pods_understanding_bugs/SI Bugs in Pods_ Exploring Bugs in Container Runtime Systems.xlsx,runc,
issta2024_bugs_in_pods_understanding_bugs:57b548ca749c54c0,issta2024_bugs_in_pods_understanding_bugs,containerd,78ac0046a7af3ff5beeb53d56ba627ec0cf7b32d,,,,,,,,,,,,,,,,"{""symptom_code"": ""C.2.3"", ""root_cause_code"": ""B.2.1"", ""source_sheet"": ""containerd""}",data/raw/issta2024_bugs_in_pods_understanding_bugs/SI Bugs in Pods_ Exploring Bugs in Container Runtime Systems.xlsx,containerd,
issta2024_bugs_in_pods_understanding_bugs:21e76ea78359a387,issta2024_bugs_in_pods_understanding_bugs,containerd,791e175c79930a34cfbb2048fbcaa8493fd2c86b,,,,,,,,,,,,,,,,"{""symptom_code"": ""B.1.2"", ""root_cause_code"": ""A.4.1"", ""source_sheet"": ""containerd""}",data/raw/issta2024_bugs_in_pods_understanding_bugs/SI Bugs in Pods_ Exploring Bugs in Container Runtime Systems.xlsx,containerd,
issta2024_bugs_in_pods_understanding_bugs:ab987c723cf48160,issta2024_bugs_in_pods_understanding_bugs,runc,794cd66df87b34217fdf2f64d23afa0a7453bd0c,,,,,,,,,,,,,,,,"{""symptom_code"": ""B.1.2"", ""root_cause_code"": ""A.1"", ""source_sheet"": ""runc""}",data/raw/issta2024_bugs_in_pods_understanding_bugs/SI Bugs in Pods_ Exploring Bugs in Container Runtime Systems.xlsx,runc,
issta2024_bugs_in_pods_understanding_bugs:47d518daf5248baa,issta2024_bugs_in_pods_understanding_bugs,cri-o,79b1b5937788031d8a6d7e80fb970282532aac37,,,,,,,,,,,,,,,,"{""symptom_code"": ""C.2.2"", ""root_cause_code"": ""B.2.1"", ""source_sheet"": ""cri-o""}",data/raw/issta2024_bugs_in_pods_understanding_bugs/SI Bugs in Pods_ Exploring Bugs in Container Runtime Systems.xlsx,cri-o,
issta2024_bugs_in_pods_understanding_bugs:da4755292f5ff0ea,issta2024_bugs_in_pods_understanding_bugs,containerd,7a36efd75e8b767511e63b0a22818726d902ceec,,,,,,,,,,,,,,,,"{""symptom_code"": ""B.1.2"", ""root_cause_code"": ""A.1"", ""source_sheet"": ""containerd""}",data/raw/issta2024_bugs_in_pods_understanding_bugs/SI Bugs in Pods_ Exploring Bugs in Container Runtime Systems.xlsx,containerd,
issta2024_bugs_in_pods_understanding_bugs:09aec9294bccc095,issta2024_bugs_in_pods_understanding_bugs,containerd,7b9f1d40587343b32b478e0756e9bfbd3c684f4a,,,,,,,,,,,,,,,,"{""symptom_code"": ""C.2.2"", ""root_cause_code"": ""A.4.2"", ""source_sheet"": ""containerd""}",data/raw/issta2024_bugs_in_pods_understanding_bugs/SI Bugs in Pods_ Exploring Bugs in Container Runtime Systems.xlsx,containerd,
issta2024_bugs_in_pods_understanding_bugs:7ef540330adbbda9,issta2024_bugs_in_pods_understanding_bugs,containerd,7bc5aa74c2cf054b8e5a7982cad073c252fb5f4a,,,,,,,,,,,,,,,,"{""symptom_code"": ""B.2"", ""root_cause_code"": ""A.4.1"", ""source_sheet"": ""containerd""}",data/raw/issta2024_bugs_in_pods_understanding_bugs/SI Bugs in Pods_ Exploring Bugs in Container Runtime Systems.xlsx,containerd,
issta2024_bugs_in_pods_understanding_bugs:c1f8e47abb518bd8,issta2024_bugs_in_pods_understanding_bugs,runc,7be93a66b9f391c0bf6add035214c5622908c3d5,,,,,,,,,,,,,,,,"{""symptom_code"": ""C.2.1"", ""root_cause_code"": ""A.1"", ""source_sheet"": ""runc""}",data/raw/issta2024_bugs_in_pods_understanding_bugs/SI Bugs in Pods_ Exploring Bugs in Container Runtime Systems.xlsx,runc,
issta2024_bugs_in_pods_understanding_bugs:49b9d3fc177e286f,issta2024_bugs_in_pods_understanding_bugs,gvisor,7c5ab794f140dda031ba015d79892a79dd523d50,,,,,,,,,,,,,,,,"{""symptom_code"": ""C.1"", ""root_cause_code"": ""A.1"", ""source_sheet"": ""gvisor""}",data/raw/issta2024_bugs_in_pods_understanding_bugs/SI Bugs in Pods_ Exploring Bugs in Container Runtime Systems.xlsx,gvisor,
issta2024_bugs_in_pods_understanding_bugs:76969df099179190,issta2024_bugs_in_pods_understanding_bugs,containerd,7d56b24f1a9af82dfaa10ff55a4e3c36a7efd943,,,,,,,,,,,,,,,,"{""symptom_code"": ""C.3.2"", ""root_cause_code"": ""B.1.2"", ""source_sheet"": ""containerd""}",data/raw/issta2024_bugs_in_pods_understanding_bugs/SI Bugs in Pods_ Exploring Bugs in Container Runtime Systems.xlsx,containerd,
issta2024_bugs_in_pods_understanding_bugs:8317760af41b903f,issta2024_bugs_in_pods_understanding_bugs,runc,7e5e017dbab0f6ecb2c4b63c29c5ac44fc4e6ec6,,,,,,,,,,,,,,,,"{""symptom_code"": ""C.3.1"", ""root_cause_code"": ""A.4.1"", ""source_sheet"": ""runc""}",data/raw/issta2024_bugs_in_pods_understanding_bugs/SI Bugs in Pods_ Exploring Bugs in Container Runtime Systems.xlsx,runc,
issta2024_bugs_in_pods_understanding_bugs:e72cc44bbd803323,issta2024_bugs_in_pods_understanding_bugs,gvisor,801f45ab4b33e4e2089705821e230be3b0937f3b,,,,,,,,,,,,,,,,"{""symptom_code"": ""C.1"", ""root_cause_code"": ""B.2.2"", ""source_sheet"": ""gvisor""}",data/raw/issta2024_bugs_in_pods_understanding_bugs/SI Bugs in Pods_ Exploring Bugs in Container Runtime Systems.xlsx,gvisor,
issta2024_bugs_in_pods_understanding_bugs:a89dc985ea67e19a,issta2024_bugs_in_pods_understanding_bugs,containerd,80839f11e2ea6759eed4b5e616d65cb59258a5f3,,,,,,,,,,,,,,,,"{""symptom_code"": ""C.2.2"", ""root_cause_code"": ""A.3.2"", ""source_sheet"": ""containerd""}",data/raw/issta2024_bugs_in_pods_understanding_bugs/SI Bugs in Pods_ Exploring Bugs in Container Runtime Systems.xlsx,containerd,
issta2024_bugs_in_pods_understanding_bugs:87237bb707637e32,issta2024_bugs_in_pods_understanding_bugs,containerd,80b825ca2ce0f4e9c1618303cbbc043448fe9515,,,,,,,,,,,,,,,,"{""symptom_code"": ""A"", ""root_cause_code"": ""B.3"", ""source_sheet"": ""containerd""}",data/raw/issta2024_bugs_in_pods_understanding_bugs/SI Bugs in Pods_ Exploring Bugs in Container Runtime Systems.xlsx,containerd,
issta2024_bugs_in_pods_understanding_bugs:e351c38e43532e75,issta2024_bugs_in_pods_understanding_bugs,containerd,813a061fe13998dfaaceec6173448d0c12434e7b,,,,,,,,,,,,,,,,"{""symptom_code"": ""D.1"", ""root_cause_code"": ""B.1.1"", ""source_sheet"": ""containerd""}",data/raw/issta2024_bugs_in_pods_understanding_bugs/SI Bugs in Pods_ Exploring Bugs in Container Runtime Systems.xlsx,containerd,
issta2024_bugs_in_pods_understanding_bugs:cb2d13618b1cb467,issta2024_bugs_in_pods_understanding_bugs,containerd,821c961c86f370d06bdb6ae3f8bb797821a390c0,,,,,,,,,,,,,,,,"{""symptom_code"": ""B.2"", ""root_cause_code"": ""A.1"", ""source_sheet"": ""containerd""}",data/raw/issta2024_bugs_in_pods_understanding_bugs/SI Bugs in Pods_ Exploring Bugs in Container Runtime Systems.xlsx,containerd,
issta2024_bugs_in_pods_understanding_bugs:8ecabe8f35dee1f9,issta2024_bugs_in_pods_understanding_bugs,runc,825335b2b7da9622877a54a029f71e231fd3ec48,,,,,,,,,,,,,,,,"{""symptom_code"": ""C.2.1"", ""root_cause_code"": ""A.1"", ""source_sheet"": ""runc""}",data/raw/issta2024_bugs_in_pods_understanding_bugs/SI Bugs in Pods_ Exploring Bugs in Container Runtime Systems.xlsx,runc,
issta2024_bugs_in_pods_understanding_bugs:d2d2861fe5de98fe,issta2024_bugs_in_pods_understanding_bugs,gvisor,82793c5e9056547c20ddbfa1190a65585a420d1e,,,,,,,,,,,,,,,,"{""symptom_code"": ""A"", ""root_cause_code"": ""B.3"", ""source_sheet"": ""gvisor""}",data/raw/issta2024_bugs_in_pods_understanding_bugs/SI Bugs in Pods_ Exploring Bugs in Container Runtime Systems.xlsx,gvisor,
issta2024_bugs_in_pods_understanding_bugs:dcb8ffc3e9881b92,issta2024_bugs_in_pods_understanding_bugs,cri-o,828ad0200b30bf063e435316c7657684f5299806,,,,,,,,,,,,,,,,"{""symptom_code"": ""B.1.2"", ""root_cause_code"": ""A.1"", ""source_sheet"": ""cri-o""}",data/raw/issta2024_bugs_in_pods_understanding_bugs/SI Bugs in Pods_ Exploring Bugs in Container Runtime Systems.xlsx,cri-o,
issta2024_bugs_in_pods_understanding_bugs:eb044cd09df946b1,issta2024_bugs_in_pods_understanding_bugs,runc,82bc89cd10eb5fa5fdb5d77e41b7ea3c07f9d834,,,,,,,,,,,,,,,,"{""symptom_code"": ""C.2.3"", ""root_cause_code"": ""A.1"", ""source_sheet"": ""runc""}",data/raw/issta2024_bugs_in_pods_understanding_bugs/SI Bugs in Pods_ Exploring Bugs in Container Runtime Systems.xlsx,runc,
issta2024_bugs_in_pods_understanding_bugs:3edd68baedf2445d,issta2024_bugs_in_pods_understanding_bugs,containerd,82ec62b8658259eb29635045c5e190df26833da2,,,,,,,,,,,,,,,,"{""symptom_code"": ""D.3.2"", ""root_cause_code"": ""A.3.1"", ""source_sheet"": ""containerd""}",data/raw/issta2024_bugs_in_pods_understanding_bugs/SI Bugs in Pods_ Exploring Bugs in Container Runtime Systems.xlsx,containerd,
issta2024_bugs_in_pods_understanding_bugs:687ae0838d0e18c2,issta2024_bugs_in_pods_understanding_bugs,runc,83776dd8b30eb3771bbd0207e30d08f30943cc64,,,,,,,,,,,,,,,,"{""symptom_code"": ""C.1"", ""root_cause_code"": ""A.4.2"", ""source_sheet"": ""runc""}",data/raw/issta2024_bugs_in_pods_understanding_bugs/SI Bugs in Pods_ Exploring Bugs in Container Runtime Systems.xlsx,runc,
issta2024_bugs_in_pods_understanding_bugs:afeebd9c92afceac,issta2024_bugs_in_pods_understanding_bugs,runc,8491d33482a4cfd37bad86b75a02c8f63464f427,,,,,,,,,,,,,,,,"{""symptom_code"": ""C.3.1"", ""root_cause_code"": ""B.1.2"", ""source_sheet"": ""runc""}",data/raw/issta2024_bugs_in_pods_understanding_bugs/SI Bugs in Pods_ Exploring Bugs in Container Runtime Systems.xlsx,runc,
issta2024_bugs_in_pods_understanding_bugs:fc76d5aa86fb7e19,issta2024_bugs_in_pods_understanding_bugs,gvisor,84ae86471514eaa39d3a21aa706a1d9974561368,,,,,,,,,,,,,,,,"{""symptom_code"": ""C.2.1"", ""root_cause_code"": ""A.4.1"", ""source_sheet"": ""gvisor""}",data/raw/issta2024_bugs_in_pods_understanding_bugs/SI Bugs in Pods_ Exploring Bugs in Container Runtime Systems.xlsx,gvisor,
issta2024_bugs_in_pods_understanding_bugs:b2bcf18ff10e92bf,issta2024_bugs_in_pods_understanding_bugs,gvisor,85f261dd1eb299be5b82ce7808069c379275b87d,,,,,,,,,,,,,,,,"{""symptom_code"": ""C.2.1"", ""root_cause_code"": ""A.2"", ""source_sheet"": ""gvisor""}",data/raw/issta2024_bugs_in_pods_understanding_bugs/SI Bugs in Pods_ Exploring Bugs in Container Runtime Systems.xlsx,gvisor,
issta2024_bugs_in_pods_understanding_bugs:955694118896c34c,issta2024_bugs_in_pods_understanding_bugs,containerd,89eebc4c0fcbdef9b75440de25ce51b1cece6dc6,,,,,,,,,,,,,,,,"{""symptom_code"": ""C.2.1"", ""root_cause_code"": ""A.1"", ""source_sheet"": ""containerd""}",data/raw/issta2024_bugs_in_pods_understanding_bugs/SI Bugs in Pods_ Exploring Bugs in Container Runtime Systems.xlsx,containerd,
issta2024_bugs_in_pods_understanding_bugs:5710d3d701d3101c,issta2024_bugs_in_pods_understanding_bugs,containerd,8a1280b2b604f4eff856b8ac6d0d717f2ccc0550,,,,,,,,,,,,,,,,"{""symptom_code"": ""D.2"", ""root_cause_code"": ""A.4.1"", ""source_sheet"": ""containerd""}",data/raw/issta2024_bugs_in_pods_understanding_bugs/SI Bugs in Pods_ Exploring Bugs in Container Runtime Systems.xlsx,containerd,
issta2024_bugs_in_pods_understanding_bugs:b0ec7b3bf02a7a33,issta2024_bugs_in_pods_understanding_bugs,containerd,8a25fa584f0a0f116db82c3cedcc38c629e9effa,,,,,,,,,,,,,,,,"{""symptom_code"": ""C.2.1"", ""root_cause_code"": ""A.4.1"", ""source_sheet"": ""containerd""}",data/raw/issta2024_bugs_in_pods_understanding_bugs/SI Bugs in Pods_ Exploring Bugs in Container Runtime Systems.xlsx,containerd,
issta2024_bugs_in_pods_understanding_bugs:76a938b4851ecfed,issta2024_bugs_in_pods_understanding_bugs,containerd,8aca314ddb4feb71072f1a8fa76d144026dd7939,,,,,,,,,,,,,,,,"{""symptom_code"": ""C.1"", ""root_cause_code"": ""B.2.1"", ""source_sheet"": ""containerd""}",data/raw/issta2024_bugs_in_pods_understanding_bugs/SI Bugs in Pods_ Exploring Bugs in Container Runtime Systems.xlsx,containerd,
issta2024_bugs_in_pods_understanding_bugs:6f45f382a6bda6bb,issta2024_bugs_in_pods_understanding_bugs,containerd,8acbb276477c8353ddb7551b58cb3fdeb0b13caa,,,,,,,,,,,,,,,,"{""symptom_code"": ""C.3.2"", ""root_cause_code"": ""A.4.2"", ""source_sheet"": ""containerd""}",data/raw/issta2024_bugs_in_pods_understanding_bugs/SI Bugs in Pods_ Exploring Bugs in Container Runtime Systems.xlsx,containerd,
issta2024_bugs_in_pods_understanding_bugs:bc6cc1dcac3d4cc5,issta2024_bugs_in_pods_understanding_bugs,containerd,8b9571e348da88a59afcabc4d687c1414ffc0c0f,,,,,,,,,,,,,,,,"{""symptom_code"": ""B.1.2"", ""root_cause_code"": ""A.4.1"", ""source_sheet"": ""containerd""}",data/raw/issta2024_bugs_in_pods_understanding_bugs/SI Bugs in Pods_ Exploring Bugs in Container Runtime Systems.xlsx,containerd,
issta2024_bugs_in_pods_understanding_bugs:6ec4323d078cbd99,issta2024_bugs_in_pods_understanding_bugs,containerd,8ba285f6b257867bdb05a3c4e2ddeaa6817872bb,,,,,,,,,,,,,,,,"{""symptom_code"": ""C.2.2"", ""root_cause_code"": ""A.2"", ""source_sheet"": ""containerd""}",data/raw/issta2024_bugs_in_pods_understanding_bugs/SI Bugs in Pods_ Exploring Bugs in Container Runtime Systems.xlsx,containerd,
issta2024_bugs_in_pods_understanding_bugs:ddce4b55a715ebd3,issta2024_bugs_in_pods_understanding_bugs,containerd,8ce3e4e159ffe5b98272836a33e5c6c5657fdb87,,,,,,,,,,,,,,,,"{""symptom_code"": ""B.2"", ""root_cause_code"": ""A.4.1"", ""source_sheet"": ""containerd""}",data/raw/issta2024_bugs_in_pods_understanding_bugs/SI Bugs in Pods_ Exploring Bugs in Container Runtime Systems.xlsx,containerd,
issta2024_bugs_in_pods_understanding_bugs:5fa6cf18208c7e88,issta2024_bugs_in_pods_understanding_bugs,cri-o,8d11fc6910587e03b3ceccfc56d90ba8bb3a34ea,,,,,,,,,,,,,,,,"{""symptom_code"": ""C.2.2"", ""root_cause_code"": ""A.4.2"", ""source_sheet"": ""cri-o""}",data/raw/issta2024_bugs_in_pods_understanding_bugs/SI Bugs in Pods_ Exploring Bugs in Container Runtime Systems.xlsx,cri-o,
issta2024_bugs_in_pods_understanding_bugs:f98070e8607a54ae,issta2024_bugs_in_pods_understanding_bugs,containerd,8d69c041c52ac688430df7fd540018bf74f341c2,,,,,,,,,,,,,,,,"{""symptom_code"": ""C.2.2"", ""root_cause_code"": ""B.2.2"", ""source_sheet"": ""containerd""}",data/raw/issta2024_bugs_in_pods_understanding_bugs/SI Bugs in Pods_ Exploring Bugs in Container Runtime Systems.xlsx,containerd,
issta2024_bugs_in_pods_understanding_bugs:adc5b18f67206378,issta2024_bugs_in_pods_understanding_bugs,containerd,8d868dadb746aabfd3583d834510109afe9b1919,,,,,,,,,,,,,,,,"{""symptom_code"": ""C.3.2"", ""root_cause_code"": ""B.2.1"", ""source_sheet"": ""containerd""}",data/raw/issta2024_bugs_in_pods_understanding_bugs/SI Bugs in Pods_ Exploring Bugs in Container Runtime Systems.xlsx,containerd,
issta2024_bugs_in_pods_understanding_bugs:abd5bbefbf2c2418,issta2024_bugs_in_pods_understanding_bugs,gvisor,8ebc4d767a432c7a4a97e25e048a1380b2a2e442,,,,,,,,,,,,,,,,"{""symptom_code"": ""B.1.2"", ""root_cause_code"": ""A.1"", ""source_sheet"": ""gvisor""}",data/raw/issta2024_bugs_in_pods_understanding_bugs/SI Bugs in Pods_ Exploring Bugs in Container Runtime Systems.xlsx,gvisor,
issta2024_bugs_in_pods_understanding_bugs:eb5b52dddeba87bc,issta2024_bugs_in_pods_understanding_bugs,gvisor,8fb66eb28944668c56d9aa8df961c91ec344f876,,,,,,,,,,,,,,,,"{""symptom_code"": ""C.2.1"", ""root_cause_code"": ""A.2"", ""source_sheet"": ""gvisor""}",data/raw/issta2024_bugs_in_pods_understanding_bugs/SI Bugs in Pods_ Exploring Bugs in Container Runtime Systems.xlsx,gvisor,
issta2024_bugs_in_pods_understanding_bugs:4504e9c983c3a1f7,issta2024_bugs_in_pods_understanding_bugs,runc,916c6a15397451e8d39f8d3f0134d9cfc776cb96,,,,,,,,,,,,,,,,"{""symptom_code"": ""B.1.2"", ""root_cause_code"": ""A.2"", ""source_sheet"": ""runc""}",data/raw/issta2024_bugs_in_pods_understanding_bugs/SI Bugs in Pods_ Exploring Bugs in Container Runtime Systems.xlsx,runc,
issta2024_bugs_in_pods_understanding_bugs:a606c81233a76c4c,issta2024_bugs_in_pods_understanding_bugs,containerd,927b34e41e2ed0050dbeccbc7c3dffaeb2969949,,,,,,,,,,,,,,,,"{""symptom_code"": ""B.1.2"", ""root_cause_code"": ""B.2.1"", ""source_sheet"": ""containerd""}",data/raw/issta2024_bugs_in_pods_understanding_bugs/SI Bugs in Pods_ Exploring Bugs in Container Runtime Systems.xlsx,containerd,
issta2024_bugs_in_pods_understanding_bugs:ecd07405e26b457e,issta2024_bugs_in_pods_understanding_bugs,runc,92a4ccb84ebfe239e1a62a147ac3c36c72b703ae,,,,,,,,,,,,,,,,"{""symptom_code"": ""C.2.3"", ""root_cause_code"": ""B.1.1"", ""source_sheet"": ""runc""}",data/raw/issta2024_bugs_in_pods_understanding_bugs/SI Bugs in Pods_ Exploring Bugs in Container Runtime Systems.xlsx,runc,
issta2024_bugs_in_pods_understanding_bugs:6ff92e02249abb47,issta2024_bugs_in_pods_understanding_bugs,containerd,92b7bc9edcb429ba2c242b7d70b73c6b188581ae,,,,,,,,,,,,,,,,"{""symptom_code"": ""C.2.3"", ""root_cause_code"": ""A.2"", ""source_sheet"": ""containerd""}",data/raw/issta2024_bugs_in_pods_understanding_bugs/SI Bugs in Pods_ Exploring Bugs in Container Runtime Systems.xlsx,containerd,
issta2024_bugs_in_pods_understanding_bugs:5c320b52e6e008d5,issta2024_bugs_in_pods_understanding_bugs,containerd,933ddaa6f870e10b1164d7a4a442c0e026ba7975,,,,,,,,,,,,,,,,"{""symptom_code"": ""C.2.1"", ""root_cause_code"": ""C"", ""source_sheet"": ""containerd""}",data/raw/issta2024_bugs_in_pods_understanding_bugs/SI Bugs in Pods_ Exploring Bugs in Container Runtime Systems.xlsx,containerd,
issta2024_bugs_in_pods_understanding_bugs:dd5f7388899dc112,issta2024_bugs_in_pods_understanding_bugs,gvisor,9357b4f7eb51b78311cb7d6478d5ac3bfcf79948,,,,,,,,,,,,,,,,"{""symptom_code"": ""C.2.2"", ""root_cause_code"": ""A.3.2"", ""source_sheet"": ""gvisor""}",data/raw/issta2024_bugs_in_pods_understanding_bugs/SI Bugs in Pods_ Exploring Bugs in Container Runtime Systems.xlsx,gvisor,
issta2024_bugs_in_pods_understanding_bugs:505855c47a174de4,issta2024_bugs_in_pods_understanding_bugs,containerd,94462d8f5d9d2537e82762234365df78f2c6fb56,,,,,,,,,,,,,,,,"{""symptom_code"": ""C.1"", ""root_cause_code"": ""A.1"", ""source_sheet"": ""containerd""}",data/raw/issta2024_bugs_in_pods_understanding_bugs/SI Bugs in Pods_ Exploring Bugs in Container Runtime Systems.xlsx,containerd,
issta2024_bugs_in_pods_understanding_bugs:a74ba4468ac08a2d,issta2024_bugs_in_pods_understanding_bugs,cri-o,94be3040f324a8958890e1bd86bb0bbd27a10a0f,,,,,,,,,,,,,,,,"{""symptom_code"": ""D.3.2"", ""root_cause_code"": ""A.1"", ""source_sheet"": ""cri-o""}",data/raw/issta2024_bugs_in_pods_understanding_bugs/SI Bugs in Pods_ Exploring Bugs in Container Runtime Systems.xlsx,cri-o,
issta2024_bugs_in_pods_understanding_bugs:cd35990e120f9616,issta2024_bugs_in_pods_understanding_bugs,containerd,94c68aa0019dcca11eae8b075b21849f418dadb7,,,,,,,,,,,,,,,,"{""symptom_code"": ""C.2.4"", ""root_cause_code"": ""C"", ""source_sheet"": ""containerd""}",data/raw/issta2024_bugs_in_pods_understanding_bugs/SI Bugs in Pods_ Exploring Bugs in Container Runtime Systems.xlsx,containerd,
issta2024_bugs_in_pods_understanding_bugs:1c7c69218c27d69e,issta2024_bugs_in_pods_understanding_bugs,containerd,94f0af3ece002c2c49b02b868844b0f6fec74d7d,,,,,,,,,,,,,,,,"{""symptom_code"": ""C.2.4"", ""root_cause_code"": ""A.1"", ""source_sheet"": ""containerd""}",data/raw/issta2024_bugs_in_pods_understanding_bugs/SI Bugs in Pods_ Exploring Bugs in Container Runtime Systems.xlsx,containerd,
issta2024_bugs_in_pods_understanding_bugs:df7736bd4a71139a,issta2024_bugs_in_pods_understanding_bugs,runc,957d97bcf43f41beef9670fe22ec78ccb5c5c101,,,,,,,,,,,,,,,,"{""symptom_code"": ""C.2.2"", ""root_cause_code"": ""A.3.2"", ""source_sheet"": ""runc""}",data/raw/issta2024_bugs_in_pods_understanding_bugs/SI Bugs in Pods_ Exploring Bugs in Container Runtime Systems.xlsx,runc,
issta2024_bugs_in_pods_understanding_bugs:62e151b517f467e4,issta2024_bugs_in_pods_understanding_bugs,runc,9583b3d1c297021109081872c52302316ede15b1,,,,,,,,,,,,,,,,"{""symptom_code"": ""C.2.2"", ""root_cause_code"": ""A.4.1"", ""source_sheet"": ""runc""}",data/raw/issta2024_bugs_in_pods_understanding_bugs/SI Bugs in Pods_ Exploring Bugs in Container Runtime Systems.xlsx,runc,
issta2024_bugs_in_pods_understanding_bugs:8dcdf7098c349cb4,issta2024_bugs_in_pods_understanding_bugs,gvisor,95fe4fea19f30281a3ff53f62c9fcda533c4e04a,,,,,,,,,,,,,,,,"{""symptom_code"": ""B.1.1"", ""root_cause_code"": ""B.2.1"", ""source_sheet"": ""gvisor""}",data/raw/issta2024_bugs_in_pods_understanding_bugs/SI Bugs in Pods_ Exploring Bugs in Container Runtime Systems.xlsx,gvisor,
issta2024_bugs_in_pods_understanding_bugs:56687af6be056f47,issta2024_bugs_in_pods_understanding_bugs,gvisor,96bc3756b0554d5af0d6264dcea22f2833b3e6ca,,,,,,,,,,,,,,,,"{""symptom_code"": ""C.1"", ""root_cause_code"": ""A.1"", ""source_sheet"": ""gvisor""}",data/raw/issta2024_bugs_in_pods_understanding_bugs/SI Bugs in Pods_ Exploring Bugs in Container Runtime Systems.xlsx,gvisor,
issta2024_bugs_in_pods_understanding_bugs:65b92a0a8b38915f,issta2024_bugs_in_pods_understanding_bugs,gvisor,9768009a797ae71013befe05f8a989d7568eb4a1,,,,,,,,,,,,,,,,"{""symptom_code"": ""D.2"", ""root_cause_code"": ""A.1"", ""source_sheet"": ""gvisor""}",data/raw/issta2024_bugs_in_pods_understanding_bugs/SI Bugs in Pods_ Exploring Bugs in Container Runtime Systems.xlsx,gvisor,
issta2024_bugs_in_pods_understanding_bugs:713d032bbaf14b50,issta2024_bugs_in_pods_understanding_bugs,containerd,978ff393d2544f729284cd2dfb70e497c4038a7c,,,,,,,,,,,,,,,,"{""symptom_code"": ""B.1.1"", ""root_cause_code"": ""B.2.1"", ""source_sheet"": ""containerd""}",data/raw/issta2024_bugs_in_pods_understanding_bugs/SI Bugs in Pods_ Exploring Bugs in Container Runtime Systems.xlsx,containerd,
issta2024_bugs_in_pods_understanding_bugs:f5232f2c403371b4,issta2024_bugs_in_pods_understanding_bugs,containerd,98cb6d7eb8c95de40e8d908a3285e94fb16a44e3,,,,,,,,,,,,,,,,"{""symptom_code"": ""B.1.1"", ""root_cause_code"": ""A.1"", ""source_sheet"": ""containerd""}",data/raw/issta2024_bugs_in_pods_understanding_bugs/SI Bugs in Pods_ Exploring Bugs in Container Runtime Systems.xlsx,containerd,
issta2024_bugs_in_pods_understanding_bugs:75fe3bbcbfb10d19,issta2024_bugs_in_pods_understanding_bugs,cri-o,9a051dede1d09fd72243a2963c871fc5db496fe8,,,,,,,,,,,,,,,,"{""symptom_code"": ""C.2.1"", ""root_cause_code"": ""A.4.1"", ""source_sheet"": ""cri-o""}",data/raw/issta2024_bugs_in_pods_understanding_bugs/SI Bugs in Pods_ Exploring Bugs in Container Runtime Systems.xlsx,cri-o,
issta2024_bugs_in_pods_understanding_bugs:5b1eb4901aaf769f,issta2024_bugs_in_pods_understanding_bugs,runc,9a2146fa3de5c50bf5c6c02fdbf2e0e3014948e7,,,,,,,,,,,,,,,,"{""symptom_code"": ""B.1.2"", ""root_cause_code"": ""A.3.2"", ""source_sheet"": ""runc""}",data/raw/issta2024_bugs_in_pods_understanding_bugs/SI Bugs in Pods_ Exploring Bugs in Container Runtime Systems.xlsx,runc,
issta2024_bugs_in_pods_understanding_bugs:1c28724845d28252,issta2024_bugs_in_pods_understanding_bugs,containerd,9aadef1bee81d9377d481cfa53703d51bbaa7eca,,,,,,,,,,,,,,,,"{""symptom_code"": ""C.2.2"", ""root_cause_code"": ""B.3"", ""source_sheet"": ""containerd""}",data/raw/issta2024_bugs_in_pods_understanding_bugs/SI Bugs in Pods_ Exploring Bugs in Container Runtime Systems.xlsx,containerd,
issta2024_bugs_in_pods_understanding_bugs:ba4c05b09f438ccb,issta2024_bugs_in_pods_understanding_bugs,containerd,9b1fb82584b6bb780e91fab3ab56282affbb272d,,,,,,,,,,,,,,,,"{""symptom_code"": ""C.2.3"", ""root_cause_code"": ""A.1"", ""source_sheet"": ""containerd""}",data/raw/issta2024_bugs_in_pods_understanding_bugs/SI Bugs in Pods_ Exploring Bugs in Container Runtime Systems.xlsx,containerd,
issta2024_bugs_in_pods_understanding_bugs:46ce9f90dd024d0d,issta2024_bugs_in_pods_understanding_bugs,gvisor,9db00e178e8917227fdbff326bffc6079a7db544,,,,,,,,,,,,,,,,"{""symptom_code"": ""A"", ""root_cause_code"": ""B.3"", ""source_sheet"": ""gvisor""}",data/raw/issta2024_bugs_in_pods_understanding_bugs/SI Bugs in Pods_ Exploring Bugs in Container Runtime Systems.xlsx,gvisor,
issta2024_bugs_in_pods_understanding_bugs:8254846d85c3ef0a,issta2024_bugs_in_pods_understanding_bugs,gvisor,9dfa65ebdb74f35c3bfbdebf6ee87af6073733c0,,,,,,,,,,,,,,,,"{""symptom_code"": ""B.1.1"", ""root_cause_code"": ""B.2.1"", ""source_sheet"": ""gvisor""}",data/raw/issta2024_bugs_in_pods_understanding_bugs/SI Bugs in Pods_ Exploring Bugs in Container Runtime Systems.xlsx,gvisor,
issta2024_bugs_in_pods_understanding_bugs:3191b6f33d5f700f,issta2024_bugs_in_pods_understanding_bugs,containerd,9f6058d029ebffdcd6a8a954143cd4070f62f720,,,,,,,,,,,,,,,,"{""symptom_code"": ""C.2.2"", ""root_cause_code"": ""A.1"", ""source_sheet"": ""containerd""}",data/raw/issta2024_bugs_in_pods_understanding_bugs/SI Bugs in Pods_ Exploring Bugs in Container Runtime Systems.xlsx,containerd,
issta2024_bugs_in_pods_understanding_bugs:c4cc0a66788e20e4,issta2024_bugs_in_pods_understanding_bugs,cri-o,9f6a6724d1d34f77700a91e1b6bef5bd830b8289,,,,,,,,,,,,,,,,"{""symptom_code"": ""C.1"", ""root_cause_code"": ""A.2"", ""source_sheet"": ""cri-o""}",data/raw/issta2024_bugs_in_pods_understanding_bugs/SI Bugs in Pods_ Exploring Bugs in Container Runtime Systems.xlsx,cri-o,
issta2024_bugs_in_pods_understanding_bugs:4410f3f19b815370,issta2024_bugs_in_pods_understanding_bugs,containerd,9f9ebbd99103bb60b0b0b45be8d9520b8c047b44,,,,,,,,,,,,,,,,"{""symptom_code"": ""B.1.1"", ""root_cause_code"": ""A.4.1"", ""source_sheet"": ""containerd""}",data/raw/issta2024_bugs_in_pods_understanding_bugs/SI Bugs in Pods_ Exploring Bugs in Container Runtime Systems.xlsx,containerd,
issta2024_bugs_in_pods_understanding_bugs:108eced5abe552b8,issta2024_bugs_in_pods_understanding_bugs,containerd,a113737ccf2014581811039b61b68f27fa9347f1,,,,,,,,,,,,,,,,"{""symptom_code"": ""C.2.2"", ""root_cause_code"": ""A.4.1"", ""source_sheet"": ""containerd""}",data/raw/issta2024_bugs_in_pods_understanding_bugs/SI Bugs in Pods_ Exploring Bugs in Container Runtime Systems.xlsx,containerd,
issta2024_bugs_in_pods_understanding_bugs:05e906a528da5db2,issta2024_bugs_in_pods_understanding_bugs,gvisor,a15231dabe4702f166529f5e360358562caeeebc,,,,,,,,,,,,,,,,"{""symptom_code"": ""C.2.1"", ""root_cause_code"": ""A.4.1"", ""source_sheet"": ""gvisor""}",data/raw/issta2024_bugs_in_pods_understanding_bugs/SI Bugs in Pods_ Exploring Bugs in Container Runtime Systems.xlsx,gvisor,
issta2024_bugs_in_pods_understanding_bugs:079341e3b26fee09,issta2024_bugs_in_pods_understanding_bugs,gvisor,a2c88252c84839550bef1543ed5cc904340a8a3e,,,,,,,,,,,,,,,,"{""symptom_code"": ""B.1.2"", ""root_cause_code"": ""A.4.2"", ""source_sheet"": ""gvisor""}",data/raw/issta2024_bugs_in_pods_understanding_bugs/SI Bugs in Pods_ Exploring Bugs in Container Runtime Systems.xlsx,gvisor,
issta2024_bugs_in_pods_understanding_bugs:5f4b09252aae3c5c,issta2024_bugs_in_pods_understanding_bugs,containerd,a2df12d1a374990606ef91c04ebd346a439d1e27,,,,,,,,,,,,,,,,"{""symptom_code"": ""C.2.2"", ""root_cause_code"": ""A.4.1"", ""source_sheet"": ""containerd""}",data/raw/issta2024_bugs_in_pods_understanding_bugs/SI Bugs in Pods_ Exploring Bugs in Container Runtime Systems.xlsx,containerd,
issta2024_bugs_in_pods_understanding_bugs:a7156619a6358bfd,issta2024_bugs_in_pods_understanding_bugs,containerd,a3265102d9318fac00c2425f46b2d532bacc3afb,,,,,,,,,,,,,,,,"{""symptom_code"": ""C.2.2"", ""root_cause_code"": ""B.2.2"", ""source_sheet"": ""containerd""}",data/raw/issta2024_bugs_in_pods_understanding_bugs/SI Bugs in Pods_ Exploring Bugs in Container Runtime Systems.xlsx,containerd,
issta2024_bugs_in_pods_understanding_bugs:d0d393f350ec7a88,issta2024_bugs_in_pods_understanding_bugs,containerd,a35ead5b9d1eb21ccc923b097777c44137628264,,,,,,,,,,,,,,,,"{""symptom_code"": ""D.3.2"", ""root_cause_code"": ""A.3.1"", ""source_sheet"": ""containerd""}",data/raw/issta2024_bugs_in_pods_understanding_bugs/SI Bugs in Pods_ Exploring Bugs in Container Runtime Systems.xlsx,containerd,
issta2024_bugs_in_pods_understanding_bugs:e7948aeefa97d0c6,issta2024_bugs_in_pods_understanding_bugs,containerd,a3a2d14ecc5b0e50efa15c67cfa46e0cb917b02d,,,,,,,,,,,,,,,,"{""symptom_code"": ""A"", ""root_cause_code"": ""B.3"", ""source_sheet"": ""containerd""}",data/raw/issta2024_bugs_in_pods_understanding_bugs/SI Bugs in Pods_ Exploring Bugs in Container Runtime Systems.xlsx,containerd,
issta2024_bugs_in_pods_understanding_bugs:eb761e53cb6e87b0,issta2024_bugs_in_pods_understanding_bugs,gvisor,a3a57724912c54d4c464c329452ff789471b408f,,,,,,,,,,,,,,,,"{""symptom_code"": ""B.1.3"", ""root_cause_code"": ""A.4.2"", ""source_sheet"": ""gvisor""}",data/raw/issta2024_bugs_in_pods_understanding_bugs/SI Bugs in Pods_ Exploring Bugs in Container Runtime Systems.xlsx,gvisor,
issta2024_bugs_in_pods_understanding_bugs:52a99264d35bf51d,issta2024_bugs_in_pods_understanding_bugs,gvisor,a42d3fd0aeb6c67c3fd2fb851845a1f88a298972,,,,,,,,,,,,,,,,"{""symptom_code"": ""C.2.3"", ""root_cause_code"": ""B.2.1"", ""source_sheet"": ""gvisor""}",data/raw/issta2024_bugs_in_pods_understanding_bugs/SI Bugs in Pods_ Exploring Bugs in Container Runtime Systems.xlsx,gvisor,
issta2024_bugs_in_pods_understanding_bugs:05cfe477d5eccd55,issta2024_bugs_in_pods_understanding_bugs,gvisor,a4fb3b200fdc05ac14aedcfc3d5b1b0c89a8a372,,,,,,,,,,,,,,,,"{""symptom_code"": ""B.1.2"", ""root_cause_code"": ""A.1"", ""source_sheet"": ""gvisor""}",data/raw/issta2024_bugs_in_pods_understanding_bugs/SI Bugs in Pods_ Exploring Bugs in Container Runtime Systems.xlsx,gvisor,
issta2024_bugs_in_pods_understanding_bugs:aa245d8c4511fb26,issta2024_bugs_in_pods_understanding_bugs,containerd,a62a95789c14cc09727bd18a3ceb987b9f438868,,,,,,,,,,,,,,,,"{""symptom_code"": ""C.2.3"", ""root_cause_code"": ""B.1.1"", ""source_sheet"": ""containerd""}",data/raw/issta2024_bugs_in_pods_understanding_bugs/SI Bugs in Pods_ Exploring Bugs in Container Runtime Systems.xlsx,containerd,
issta2024_bugs_in_pods_understanding_bugs:fe2e8637b41c6af9,issta2024_bugs_in_pods_understanding_bugs,containerd,a6cd5e3f4f83988c46f0a1963b6d4eae039f2710,,,,,,,,,,,,,,,,"{""symptom_code"": ""C.3.1"", ""root_cause_code"": ""A.2"", ""source_sheet"": ""containerd""}",data/raw/issta2024_bugs_in_pods_understanding_bugs/SI Bugs in Pods_ Exploring Bugs in Container Runtime Systems.xlsx,containerd,
issta2024_bugs_in_pods_understanding_bugs:a89b23236be28862,issta2024_bugs_in_pods_understanding_bugs,containerd,a776a27af54a803657d002e7574a4425b3949f56,,,,,,,,,,,,,,,,"{""symptom_code"": ""C.2.3"", ""root_cause_code"": ""A.4.2"", ""source_sheet"": ""containerd""}",data/raw/issta2024_bugs_in_pods_understanding_bugs/SI Bugs in Pods_ Exploring Bugs in Container Runtime Systems.xlsx,containerd,
issta2024_bugs_in_pods_understanding_bugs:9c50fb96f11fd3aa,issta2024_bugs_in_pods_understanding_bugs,containerd,a81f05f3602a2b1eee9bff12ce9b985d16aadb60,,,,,,,,,,,,,,,,"{""symptom_code"": ""C.2.2"", ""root_cause_code"": ""B.4"", ""source_sheet"": ""containerd""}",data/raw/issta2024_bugs_in_pods_understanding_bugs/SI Bugs in Pods_ Exploring Bugs in Container Runtime Systems.xlsx,containerd,
issta2024_bugs_in_pods_understanding_bugs:0234af98f2e9f02d,issta2024_bugs_in_pods_understanding_bugs,cri-o,a86fbb63eb684be2cc58f8eba62d032dddc3c1c7,,,,,,,,,,,,,,,,"{""symptom_code"": ""A"", ""root_cause_code"": ""B.3"", ""source_sheet"": ""cri-o""}",data/raw/issta2024_bugs_in_pods_understanding_bugs/SI Bugs in Pods_ Exploring Bugs in Container Runtime Systems.xlsx,cri-o,
issta2024_bugs_in_pods_understanding_bugs:d38e6d57b96216ed,issta2024_bugs_in_pods_understanding_bugs,containerd,a97564411cf8f306983915f75de774828ebbd712,,,,,,,,,,,,,,,,"{""symptom_code"": ""C.2.2"", ""root_cause_code"": ""A.3.2"", ""source_sheet"": ""containerd""}",data/raw/issta2024_bugs_in_pods_understanding_bugs/SI Bugs in Pods_ Exploring Bugs in Container Runtime Systems.xlsx,containerd,
issta2024_bugs_in_pods_understanding_bugs:177a71ae5065684e,issta2024_bugs_in_pods_understanding_bugs,runc,ab5c60d02fcd9a4b7e870bcd631c3673e5b7dd2a,,,,,,,,,,,,,,,,"{""symptom_code"": ""A"", ""root_cause_code"": ""B.3"", ""source_sheet"": ""runc""}",data/raw/issta2024_bugs_in_pods_understanding_bugs/SI Bugs in Pods_ Exploring Bugs in Container Runtime Systems.xlsx,runc,
issta2024_bugs_in_pods_understanding_bugs:ae7d3ca8fd62ec3d,issta2024_bugs_in_pods_understanding_bugs,gvisor,ac4e0320bd8e586303c9a9fe27636f4884fa1f73,,,,,,,,,,,,,,,,"{""symptom_code"": ""D.3.2"", ""root_cause_code"": ""A.3.2"", ""source_sheet"": ""gvisor""}",data/raw/issta2024_bugs_in_pods_understanding_bugs/SI Bugs in Pods_ Exploring Bugs in Container Runtime Systems.xlsx,gvisor,
issta2024_bugs_in_pods_understanding_bugs:21d480153fdbe406,issta2024_bugs_in_pods_understanding_bugs,containerd,ad8b87ba234e0a4993fe84983ff4e45a3e47a58f,,,,,,,,,,,,,,,,"{""symptom_code"": ""C.2.2"", ""root_cause_code"": ""A.4.1"", ""source_sheet"": ""containerd""}",data/raw/issta2024_bugs_in_pods_understanding_bugs/SI Bugs in Pods_ Exploring Bugs in Container Runtime Systems.xlsx,containerd,
issta2024_bugs_in_pods_understanding_bugs:a0a9f5fa4eb51b72,issta2024_bugs_in_pods_understanding_bugs,containerd,ad8e5980606c5e4bc1bc1a140ddc24f2a626969c,,,,,,,,,,,,,,,,"{""symptom_code"": ""B.1.1"", ""root_cause_code"": ""B.1.1"", ""source_sheet"": ""containerd""}",data/raw/issta2024_bugs_in_pods_understanding_bugs/SI Bugs in Pods_ Exploring Bugs in Container Runtime Systems.xlsx,containerd,
issta2024_bugs_in_pods_understanding_bugs:42d2f9daf0bb560b,issta2024_bugs_in_pods_understanding_bugs,containerd,adee2c797433f8de084e6500bf901b6ade75c24f,,,,,,,,,,,,,,,,"{""symptom_code"": ""C.3.1"", ""root_cause_code"": ""B.2.2"", ""source_sheet"": ""containerd""}",data/raw/issta2024_bugs_in_pods_understanding_bugs/SI Bugs in Pods_ Exploring Bugs in Container Runtime Systems.xlsx,containerd,
issta2024_bugs_in_pods_understanding_bugs:095adbae2f196220,issta2024_bugs_in_pods_understanding_bugs,gvisor,ae508f406429537e77252fcc7336460a7a653a87,,,,,,,,,,,,,,,,"{""symptom_code"": ""C.2.2"", ""root_cause_code"": ""B.2.1"", ""source_sheet"": ""gvisor""}",data/raw/issta2024_bugs_in_pods_understanding_bugs/SI Bugs in Pods_ Exploring Bugs in Container Runtime Systems.xlsx,gvisor,
issta2024_bugs_in_pods_understanding_bugs:4a20526ed72f1586,issta2024_bugs_in_pods_understanding_bugs,runc,ae6cb653f4250a9d4c2f190613241c85b5a1c125,,,,,,,,,,,,,,,,"{""symptom_code"": ""C.2.4"", ""root_cause_code"": ""B.2.2"", ""source_sheet"": ""runc""}",data/raw/issta2024_bugs_in_pods_understanding_bugs/SI Bugs in Pods_ Exploring Bugs in Container Runtime Systems.xlsx,runc,
issta2024_bugs_in_pods_understanding_bugs:c1d07d9bdf0e561d,issta2024_bugs_in_pods_understanding_bugs,gvisor,aeabb7852781e764655feeca8f67c46be14b0bc0,,,,,,,,,,,,,,,,"{""symptom_code"": ""C.2.1"", ""root_cause_code"": ""A.1"", ""source_sheet"": ""gvisor""}",data/raw/issta2024_bugs_in_pods_understanding_bugs/SI Bugs in Pods_ Exploring Bugs in Container Runtime Systems.xlsx,gvisor,
issta2024_bugs_in_pods_understanding_bugs:1e225f89bddc8d2b,issta2024_bugs_in_pods_understanding_bugs,containerd,af39d2ad71a599b2873ee657c5caf9f9d8203354,,,,,,,,,,,,,,,,"{""symptom_code"": ""C.2.2"", ""root_cause_code"": ""B.4"", ""source_sheet"": ""containerd""}",data/raw/issta2024_bugs_in_pods_understanding_bugs/SI Bugs in Pods_ Exploring Bugs in Container Runtime Systems.xlsx,containerd,
issta2024_bugs_in_pods_understanding_bugs:be1606b99519e21e,issta2024_bugs_in_pods_understanding_bugs,containerd,af83e9af10cb7c0b0aa116914b6e58592b8c0f05,,,,,,,,,,,,,,,,"{""symptom_code"": ""C.2.3"", ""root_cause_code"": ""A.4.2"", ""source_sheet"": ""containerd""}",data/raw/issta2024_bugs_in_pods_understanding_bugs/SI Bugs in Pods_ Exploring Bugs in Container Runtime Systems.xlsx,containerd,
issta2024_bugs_in_pods_understanding_bugs:7a8663073be67f94,issta2024_bugs_in_pods_understanding_bugs,gvisor,aff351f684cc0f5ee9b12a67e74caafa054b780e,,,,,,,,,,,,,,,,"{""symptom_code"": ""C.2.3"", ""root_cause_code"": ""A.4.2"", ""source_sheet"": ""gvisor""}",data/raw/issta2024_bugs_in_pods_understanding_bugs/SI Bugs in Pods_ Exploring Bugs in Container Runtime Systems.xlsx,gvisor,
issta2024_bugs_in_pods_understanding_bugs:5b80567168ace5a5,issta2024_bugs_in_pods_understanding_bugs,containerd,b0dd5065533378b7a4bd32789fdd7de087432e80,,,,,,,,,,,,,,,,"{""symptom_code"": ""B.1.2"", ""root_cause_code"": ""A.4.2"", ""source_sheet"": ""containerd""}",data/raw/issta2024_bugs_in_pods_understanding_bugs/SI Bugs in Pods_ Exploring Bugs in Container Runtime Systems.xlsx,containerd,
issta2024_bugs_in_pods_understanding_bugs:cdeef9cb952732f0,issta2024_bugs_in_pods_understanding_bugs,containerd,b10536d64f8dc5d424d8bc048bae73f02d81a942,,,,,,,,,,,,,,,,"{""symptom_code"": ""C.2.4"", ""root_cause_code"": ""A.1"", ""source_sheet"": ""containerd""}",data/raw/issta2024_bugs_in_pods_understanding_bugs/SI Bugs in Pods_ Exploring Bugs in Container Runtime Systems.xlsx,containerd,
issta2024_bugs_in_pods_understanding_bugs:4efab25e1de35b6c,issta2024_bugs_in_pods_understanding_bugs,cri-o,b106fcd7106bc348267e35b5d3f1fe4f898c74df,,,,,,,,,,,,,,,,"{""symptom_code"": ""D.3.1"", ""root_cause_code"": ""A.3.2"", ""source_sheet"": ""cri-o""}",data/raw/issta2024_bugs_in_pods_understanding_bugs/SI Bugs in Pods_ Exploring Bugs in Container Runtime Systems.xlsx,cri-o,
issta2024_bugs_in_pods_understanding_bugs:a9ca701055424cb0,issta2024_bugs_in_pods_understanding_bugs,runc,b247cd392a833b26751b946c4dec35126c40ec8b,,,,,,,,,,,,,,,,"{""symptom_code"": ""C.3.1"", ""root_cause_code"": ""B.1.1"", ""source_sheet"": ""runc""}",data/raw/issta2024_bugs_in_pods_understanding_bugs/SI Bugs in Pods_ Exploring Bugs in Container Runtime Systems.xlsx,runc,
issta2024_bugs_in_pods_understanding_bugs:a9ca701055424cb0,issta2024_bugs_in_pods_understanding_bugs,runc,b247cd392a833b26751b946c4dec35126c40ec8b,,,,,,,,,,,,,,,,"{""symptom_code"": ""C.2.2"", ""root_cause_code"": ""B.1.1"", ""source_sheet"": ""runc""}",data/raw/issta2024_bugs_in_pods_understanding_bugs/SI Bugs in Pods_ Exploring Bugs in Container Runtime Systems.xlsx,runc,
issta2024_bugs_in_pods_understanding_bugs:f705a1e1ab1e345a,issta2024_bugs_in_pods_understanding_bugs,containerd,b297775eafd81e4036845652a722dbfbfb054fae,,,,,,,,,,,,,,,,"{""symptom_code"": ""C.1"", ""root_cause_code"": ""A.1"", ""source_sheet"": ""containerd""}",data/raw/issta2024_bugs_in_pods_understanding_bugs/SI Bugs in Pods_ Exploring Bugs in Container Runtime Systems.xlsx,containerd,
issta2024_bugs_in_pods_understanding_bugs:664efdad7166d563,issta2024_bugs_in_pods_understanding_bugs,runc,b2d28c5df2c34c987b4c4c3025aa7657a2dcd3b4,,,,,,,,,,,,,,,,"{""symptom_code"": ""C.2.2"", ""root_cause_code"": ""A.4.2"", ""source_sheet"": ""runc""}",data/raw/issta2024_bugs_in_pods_understanding_bugs/SI Bugs in Pods_ Exploring Bugs in Container Runtime Systems.xlsx,runc,
issta2024_bugs_in_pods_understanding_bugs:502424d448de1019,issta2024_bugs_in_pods_understanding_bugs,runc,b2fc0a589cd03a254e2965796a0ab034ba0e0172,,,,,,,,,,,,,,,,"{""symptom_code"": ""A"", ""root_cause_code"": ""A.2"", ""source_sheet"": ""runc""}",data/raw/issta2024_bugs_in_pods_understanding_bugs/SI Bugs in Pods_ Exploring Bugs in Container Runtime Systems.xlsx,runc,
issta2024_bugs_in_pods_understanding_bugs:1cc4d1171284f145,issta2024_bugs_in_pods_understanding_bugs,containerd,b572a82ad8b2daec351b5f2ee909b1a2102b9cf4,,,,,,,,,,,,,,,,"{""symptom_code"": ""C.1"", ""root_cause_code"": ""A.1"", ""source_sheet"": ""containerd""}",data/raw/issta2024_bugs_in_pods_understanding_bugs/SI Bugs in Pods_ Exploring Bugs in Container Runtime Systems.xlsx,containerd,
issta2024_bugs_in_pods_understanding_bugs:41a62d712d2d662c,issta2024_bugs_in_pods_understanding_bugs,runc,b76b6b9338917bcdb258d512a582d613a477e58d,,,,,,,,,,,,,,,,"{""symptom_code"": ""C.3.1"", ""root_cause_code"": ""B.1.1"", ""source_sheet"": ""runc""}",data/raw/issta2024_bugs_in_pods_understanding_bugs/SI Bugs in Pods_ Exploring Bugs in Container Runtime Systems.xlsx,runc,
issta2024_bugs_in_pods_understanding_bugs:24664b297b9f3c50,issta2024_bugs_in_pods_understanding_bugs,runc,b7fdb688483a628a1484248ff5b7f4c559f17950,,,,,,,,,,,,,,,,"{""symptom_code"": ""C.2.1"", ""root_cause_code"": ""A.1"", ""source_sheet"": ""runc""}",data/raw/issta2024_bugs_in_pods_understanding_bugs/SI Bugs in Pods_ Exploring Bugs in Container Runtime Systems.xlsx,runc,
issta2024_bugs_in_pods_understanding_bugs:21f2cefcd12c1b68,issta2024_bugs_in_pods_understanding_bugs,containerd,b8bb33b92d80dbd6444b052b4dca6340999a55b7,,,,,,,,,,,,,,,,"{""symptom_code"": ""C.3.1"", ""root_cause_code"": ""A.4.1"", ""source_sheet"": ""containerd""}",data/raw/issta2024_bugs_in_pods_understanding_bugs/SI Bugs in Pods_ Exploring Bugs in Container Runtime Systems.xlsx,containerd,
issta2024_bugs_in_pods_understanding_bugs:ecab123e9dcd5cc0,issta2024_bugs_in_pods_understanding_bugs,cri-o,b8d8ff14b2e806d8d95efef27397b2b5ab653858,,,,,,,,,,,,,,,,"{""symptom_code"": ""C.2.1"", ""root_cause_code"": ""A.2"", ""source_sheet"": ""cri-o""}",data/raw/issta2024_bugs_in_pods_understanding_bugs/SI Bugs in Pods_ Exploring Bugs in Container Runtime Systems.xlsx,cri-o,
issta2024_bugs_in_pods_understanding_bugs:21bd35c6f5124f32,issta2024_bugs_in_pods_understanding_bugs,containerd,b9cf0d75a9f4a8a09ab55caa1983a8988ba4834d,,,,,,,,,,,,,,,,"{""symptom_code"": ""B.1.2"", ""root_cause_code"": ""A.4.1"", ""source_sheet"": ""containerd""}",data/raw/issta2024_bugs_in_pods_understanding_bugs/SI Bugs in Pods_ Exploring Bugs in Container Runtime Systems.xlsx,containerd,
issta2024_bugs_in_pods_understanding_bugs:618b1a22bc6d4d5f,issta2024_bugs_in_pods_understanding_bugs,gvisor,bb36c43e97fdece0505d4a7df382af0fc4582b6d,,,,,,,,,,,,,,,,"{""symptom_code"": ""C.2.2"", ""root_cause_code"": ""B.2.1"", ""source_sheet"": ""gvisor""}",data/raw/issta2024_bugs_in_pods_understanding_bugs/SI Bugs in Pods_ Exploring Bugs in Container Runtime Systems.xlsx,gvisor,
issta2024_bugs_in_pods_understanding_bugs:53bf1ed59c34b508,issta2024_bugs_in_pods_understanding_bugs,gvisor,bc80e774c050fefc1e9bf56d2c76e3e87f146d4b,,,,,,,,,,,,,,,,"{""symptom_code"": ""A"", ""root_cause_code"": ""B.3"", ""source_sheet"": ""gvisor""}",data/raw/issta2024_bugs_in_pods_understanding_bugs/SI Bugs in Pods_ Exploring Bugs in Container Runtime Systems.xlsx,gvisor,
issta2024_bugs_in_pods_understanding_bugs:fc3d41637b08d8f1,issta2024_bugs_in_pods_understanding_bugs,cri-o,bcf069b123d4480d8e5c6eb5532d091bf7244171,,,,,,,,,,,,,,,,"{""symptom_code"": ""C.2.2"", ""root_cause_code"": ""B.2.1"", ""source_sheet"": ""cri-o""}",data/raw/issta2024_bugs_in_pods_understanding_bugs/SI Bugs in Pods_ Exploring Bugs in Container Runtime Systems.xlsx,cri-o,
issta2024_bugs_in_pods_understanding_bugs:e5b6afe28be433dc,issta2024_bugs_in_pods_understanding_bugs,runc,bd50e7c420457a25212ddb02cb91996a714a8237,,,,,,,,,,,,,,,,"{""symptom_code"": ""C.3.1"", ""root_cause_code"": ""A.4.1"", ""source_sheet"": ""runc""}",data/raw/issta2024_bugs_in_pods_understanding_bugs/SI Bugs in Pods_ Exploring Bugs in Container Runtime Systems.xlsx,runc,
issta2024_bugs_in_pods_understanding_bugs:a4fc739284236fca,issta2024_bugs_in_pods_understanding_bugs,runc,bd8e070109cd893f4d9a858c97f4b18a6b8d703b,,,,,,,,,,,,,,,,"{""symptom_code"": ""C.2.2"", ""root_cause_code"": ""A.4.1"", ""source_sheet"": ""runc""}",data/raw/issta2024_bugs_in_pods_understanding_bugs/SI Bugs in Pods_ Exploring Bugs in Container Runtime Systems.xlsx,runc,
issta2024_bugs_in_pods_understanding_bugs:30c085e1a20c8f31,issta2024_bugs_in_pods_understanding_bugs,runc,be6488a5a9a62088176d8220356b1d2650f301df,,,,,,,,,,,,,,,,"{""symptom_code"": ""C.2.1"", ""root_cause_code"": ""B.2.2"", ""source_sheet"": ""runc""}",data/raw/issta2024_bugs_in_pods_understanding_bugs/SI Bugs in Pods_ Exploring Bugs in Container Runtime Systems.xlsx,runc,
issta2024_bugs_in_pods_understanding_bugs:ed748c5514cd466f,issta2024_bugs_in_pods_understanding_bugs,containerd,c040f83825c532cf6bbe2b5f7518d266489c6c7f,,,,,,,,,,,,,,,,"{""symptom_code"": ""A"", ""root_cause_code"": ""B.3"", ""source_sheet"": ""containerd""}",data/raw/issta2024_bugs_in_pods_understanding_bugs/SI Bugs in Pods_ Exploring Bugs in Container Runtime Systems.xlsx,containerd,
issta2024_bugs_in_pods_understanding_bugs:ae9629eee3929480,issta2024_bugs_in_pods_understanding_bugs,containerd,c0e00f19abe3aabe04769b75fea51b7b5cb69ee7,,,,,,,,,,,,,,,,"{""symptom_code"": ""C.2.1"", ""root_cause_code"": ""A.4.1"", ""source_sheet"": ""containerd""}",data/raw/issta2024_bugs_in_pods_understanding_bugs/SI Bugs in Pods_ Exploring Bugs in Container Runtime Systems.xlsx,containerd,
issta2024_bugs_in_pods_understanding_bugs:e8d755d357e6f663,issta2024_bugs_in_pods_understanding_bugs,containerd,c15d8e15607a269b00aef2ee56d30f8e50309ae6,,,,,,,,,,,,,,,,"{""symptom_code"": ""B.1.2"", ""root_cause_code"": ""B.4"", ""source_sheet"": ""containerd""}",data/raw/issta2024_bugs_in_pods_understanding_bugs/SI Bugs in Pods_ Exploring Bugs in Container Runtime Systems.xlsx,containerd,
issta2024_bugs_in_pods_understanding_bugs:8a7996d6eabaaf67,issta2024_bugs_in_pods_understanding_bugs,gvisor,c18ec0b53cf2ef47ae5660bd2ae392c48047229f,,,,,,,,,,,,,,,,"{""symptom_code"": ""A"", ""root_cause_code"": ""B.3"", ""source_sheet"": ""gvisor""}",data/raw/issta2024_bugs_in_pods_understanding_bugs/SI Bugs in Pods_ Exploring Bugs in Container Runtime Systems.xlsx,gvisor,
issta2024_bugs_in_pods_understanding_bugs:2ee897df89bb19c0,issta2024_bugs_in_pods_understanding_bugs,containerd,c1bcabb4541930f643aa36a2b38655e131346382,,,,,,,,,,,,,,,,"{""symptom_code"": ""D.3.2"", ""root_cause_code"": ""A.3.1"", ""source_sheet"": ""containerd""}",data/raw/issta2024_bugs_in_pods_understanding_bugs/SI Bugs in Pods_ Exploring Bugs in Container Runtime Systems.xlsx,containerd,
issta2024_bugs_in_pods_understanding_bugs:53c10be07712f67b,issta2024_bugs_in_pods_understanding_bugs,cri-o,c1c52191dc75caed0931afd59a5b6d0623a6ba9e,,,,,,,,,,,,,,,,"{""symptom_code"": ""C.2.1"", ""root_cause_code"": ""B.2.1"", ""source_sheet"": ""cri-o""}",data/raw/issta2024_bugs_in_pods_understanding_bugs/SI Bugs in Pods_ Exploring Bugs in Container Runtime Systems.xlsx,cri-o,
issta2024_bugs_in_pods_understanding_bugs:688f437e74bd10eb,issta2024_bugs_in_pods_understanding_bugs,containerd,c245347e96547adfd8e5df8d90d54485a152f611,,,,,,,,,,,,,,,,"{""symptom_code"": ""B.1.2"", ""root_cause_code"": ""A.4.1"", ""source_sheet"": ""containerd""}",data/raw/issta2024_bugs_in_pods_understanding_bugs/SI Bugs in Pods_ Exploring Bugs in Container Runtime Systems.xlsx,containerd,
issta2024_bugs_in_pods_understanding_bugs:c7b87a8a82c3dacb,issta2024_bugs_in_pods_understanding_bugs,runc,c2533420613be63ac9a84fc4363b8ddd46568985,,,,,,,,,,,,,,,,"{""symptom_code"": ""C.2.4"", ""root_cause_code"": ""B.2.2"", ""source_sheet"": ""runc""}",data/raw/issta2024_bugs_in_pods_understanding_bugs/SI Bugs in Pods_ Exploring Bugs in Container Runtime Systems.xlsx,runc,
issta2024_bugs_in_pods_understanding_bugs:a6d34ce066ade842,issta2024_bugs_in_pods_understanding_bugs,runc,c2d9668cc587fe2314e5329550d4cf5e97aea958,,,,,,,,,,,,,,,,"{""symptom_code"": ""C.3.2"", ""root_cause_code"": ""A.4.1"", ""source_sheet"": ""runc""}",data/raw/issta2024_bugs_in_pods_understanding_bugs/SI Bugs in Pods_ Exploring Bugs in Container Runtime Systems.xlsx,runc,
issta2024_bugs_in_pods_understanding_bugs:c513dd1a2a6f08e9,issta2024_bugs_in_pods_understanding_bugs,gvisor,c40f8e36517d0c5ffef5fb37af4eb667c76def47,,,,,,,,,,,,,,,,"{""symptom_code"": ""C.2.1"", ""root_cause_code"": ""A.4.1"", ""source_sheet"": ""gvisor""}",data/raw/issta2024_bugs_in_pods_understanding_bugs/SI Bugs in Pods_ Exploring Bugs in Container Runtime Systems.xlsx,gvisor,
issta2024_bugs_in_pods_understanding_bugs:223c5037d03a594d,issta2024_bugs_in_pods_understanding_bugs,containerd,c56f54aa1ea89f3207e3effe1b5d50ed4e6f1908,,,,,,,,,,,,,,,,"{""symptom_code"": ""C.1"", ""root_cause_code"": ""A.4.2"", ""source_sheet"": ""containerd""}",data/raw/issta2024_bugs_in_pods_understanding_bugs/SI Bugs in Pods_ Exploring Bugs in Container Runtime Systems.xlsx,containerd,
issta2024_bugs_in_pods_understanding_bugs:079c1f781f670c5c,issta2024_bugs_in_pods_understanding_bugs,cri-o,c5bdf6f88cae3f80591e404228e38f39c196fceb,,,,,,,,,,,,,,,,"{""symptom_code"": ""B.1.3"", ""root_cause_code"": ""B.1.2"", ""source_sheet"": ""cri-o""}",data/raw/issta2024_bugs_in_pods_understanding_bugs/SI Bugs in Pods_ Exploring Bugs in Container Runtime Systems.xlsx,cri-o,
issta2024_bugs_in_pods_understanding_bugs:ce46a347d56f1f57,issta2024_bugs_in_pods_understanding_bugs,runc,c6e8cb79260cdfc435ceecc797efb92cc5977632,,,,,,,,,,,,,,,,"{""symptom_code"": ""D.2"", ""root_cause_code"": ""A.1"", ""source_sheet"": ""runc""}",data/raw/issta2024_bugs_in_pods_understanding_bugs/SI Bugs in Pods_ Exploring Bugs in Container Runtime Systems.xlsx,runc,
issta2024_bugs_in_pods_understanding_bugs:db305ede6828c105,issta2024_bugs_in_pods_understanding_bugs,gvisor,c7ac581049cf623067ff143b76ca20401077ab5f,,,,,,,,,,,,,,,,"{""symptom_code"": ""C.1"", ""root_cause_code"": ""A.4.1"", ""source_sheet"": ""gvisor""}",data/raw/issta2024_bugs_in_pods_understanding_bugs/SI Bugs in Pods_ Exploring Bugs in Container Runtime Systems.xlsx,gvisor,
issta2024_bugs_in_pods_understanding_bugs:eaaadab660462160,issta2024_bugs_in_pods_understanding_bugs,runc,c7dc8b1fedc67c65b12d51fd98a27b547c4f3b93,,,,,,,,,,,,,,,,"{""symptom_code"": ""C.1"", ""root_cause_code"": ""A.4.2"", ""source_sheet"": ""runc""}",data/raw/issta2024_bugs_in_pods_understanding_bugs/SI Bugs in Pods_ Exploring Bugs in Container Runtime Systems.xlsx,runc,
issta2024_bugs_in_pods_understanding_bugs:6887aaae1e272f92,issta2024_bugs_in_pods_understanding_bugs,cri-o,c80ae0acddeb92534dfe412b2c6c075ea910f0df,,,,,,,,,,,,,,,,"{""symptom_code"": ""C.1"", ""root_cause_code"": ""A.4.1"", ""source_sheet"": ""cri-o""}",data/raw/issta2024_bugs_in_pods_understanding_bugs/SI Bugs in Pods_ Exploring Bugs in Container Runtime Systems.xlsx,cri-o,
issta2024_bugs_in_pods_understanding_bugs:b4e337788b28ab68,issta2024_bugs_in_pods_understanding_bugs,cri-o,c9bb988d1adf4af2c094509071372c14f51ae23c,,,,,,,,,,,,,,,,"{""symptom_code"": ""A"", ""root_cause_code"": ""B.3"", ""source_sheet"": ""cri-o""}",data/raw/issta2024_bugs_in_pods_understanding_bugs/SI Bugs in Pods_ Exploring Bugs in Container Runtime Systems.xlsx,cri-o,
issta2024_bugs_in_pods_understanding_bugs:430d4dc574a8a8ed,issta2024_bugs_in_pods_understanding_bugs,containerd,ca35f4e820b11d329e1824314480b15a2be0d08d,,,,,,,,,,,,,,,,"{""symptom_code"": ""C.2.1"", ""root_cause_code"": ""C"", ""source_sheet"": ""containerd""}",data/raw/issta2024_bugs_in_pods_understanding_bugs/SI Bugs in Pods_ Exploring Bugs in Container Runtime Systems.xlsx,containerd,
issta2024_bugs_in_pods_understanding_bugs:162af579945401a4,issta2024_bugs_in_pods_understanding_bugs,gvisor,caf6f8d1527007eea582c54e5a52a7a8445790a5,,,,,,,,,,,,,,,,"{""symptom_code"": ""C.2.1"", ""root_cause_code"": ""A.4.2"", ""source_sheet"": ""gvisor""}",data/raw/issta2024_bugs_in_pods_understanding_bugs/SI Bugs in Pods_ Exploring Bugs in Container Runtime Systems.xlsx,gvisor,
issta2024_bugs_in_pods_understanding_bugs:66394ac9872dd8ff,issta2024_bugs_in_pods_understanding_bugs,cri-o,cbfab09d5801bf94f6e2ec3d85cf30f33f59c3b0,,,,,,,,,,,,,,,,"{""symptom_code"": ""D.3.1"", ""root_cause_code"": ""A.4.2"", ""source_sheet"": ""cri-o""}",data/raw/issta2024_bugs_in_pods_understanding_bugs/SI Bugs in Pods_ Exploring Bugs in Container Runtime Systems.xlsx,cri-o,
issta2024_bugs_in_pods_understanding_bugs:9d987d70cdbfdfab,issta2024_bugs_in_pods_understanding_bugs,cri-o,cd2b0028a6abeed6d9a71545d0969324bc9c36a7,,,,,,,,,,,,,,,,"{""symptom_code"": ""C.3.1"", ""root_cause_code"": ""B.1.2"", ""source_sheet"": ""cri-o""}",data/raw/issta2024_bugs_in_pods_understanding_bugs/SI Bugs in Pods_ Exploring Bugs in Container Runtime Systems.xlsx,cri-o,
issta2024_bugs_in_pods_understanding_bugs:8c2c8c507ff5f7af,issta2024_bugs_in_pods_understanding_bugs,containerd,ce437864b2e7e2f9b94e02ba564e010a5ea2248d,,,,,,,,,,,,,,,,"{""symptom_code"": ""B.1.2"", ""root_cause_code"": ""B.2.1"", ""source_sheet"": ""containerd""}",data/raw/issta2024_bugs_in_pods_understanding_bugs/SI Bugs in Pods_ Exploring Bugs in Container Runtime Systems.xlsx,containerd,
issta2024_bugs_in_pods_understanding_bugs:abb330d19e9111e4,issta2024_bugs_in_pods_understanding_bugs,gvisor,ce4f4283badb6b07baf9f8e6d99e7a5fd15c92db,,,,,,,,,,,,,,,,"{""symptom_code"": ""B.1.2"", ""root_cause_code"": ""A.3.1"", ""source_sheet"": ""gvisor""}",data/raw/issta2024_bugs_in_pods_understanding_bugs/SI Bugs in Pods_ Exploring Bugs in Container Runtime Systems.xlsx,gvisor,
issta2024_bugs_in_pods_understanding_bugs:6b5ef58f4fab1cd0,issta2024_bugs_in_pods_understanding_bugs,runc,cecb039d24d9cef17cc37df9d7cd338b83436138,,,,,,,,,,,,,,,,"{""symptom_code"": ""B.1.3"", ""root_cause_code"": ""A.2"", ""source_sheet"": ""runc""}",data/raw/issta2024_bugs_in_pods_understanding_bugs/SI Bugs in Pods_ Exploring Bugs in Container Runtime Systems.xlsx,runc,
issta2024_bugs_in_pods_understanding_bugs:c3846bacf92b79ba,issta2024_bugs_in_pods_understanding_bugs,cri-o,cf30845e7df7653cefcebe089816dbe6502317d9,,,,,,,,,,,,,,,,"{""symptom_code"": ""C.2.1"", ""root_cause_code"": ""A.2"", ""source_sheet"": ""cri-o""}",data/raw/issta2024_bugs_in_pods_understanding_bugs/SI Bugs in Pods_ Exploring Bugs in Container Runtime Systems.xlsx,cri-o,
issta2024_bugs_in_pods_understanding_bugs:8d2dbdfabab57dff,issta2024_bugs_in_pods_understanding_bugs,gvisor,d00ef10456cd0fcf142864d6bfc5d8f8bc88e684,,,,,,,,,,,,,,,,"{""symptom_code"": ""D.3.2"", ""root_cause_code"": ""B.2.1"", ""source_sheet"": ""gvisor""}",data/raw/issta2024_bugs_in_pods_understanding_bugs/SI Bugs in Pods_ Exploring Bugs in Container Runtime Systems.xlsx,gvisor,
issta2024_bugs_in_pods_understanding_bugs:2651460bebab1d4e,issta2024_bugs_in_pods_understanding_bugs,runc,d04de3a9b72d7a2455c1885fc75eb36d02cd17b5,,,,,,,,,,,,,,,,"{""symptom_code"": ""C.2.3"", ""root_cause_code"": ""A.3.2"", ""source_sheet"": ""runc""}",data/raw/issta2024_bugs_in_pods_understanding_bugs/SI Bugs in Pods_ Exploring Bugs in Container Runtime Systems.xlsx,runc,
issta2024_bugs_in_pods_understanding_bugs:4ed3f82b2a931ecb,issta2024_bugs_in_pods_understanding_bugs,gvisor,d057161dc81a0359e92fa86b4038fe72740020fe,,,,,,,,,,,,,,,,"{""symptom_code"": ""C.2.1"", ""root_cause_code"": ""B.2.1"", ""source_sheet"": ""gvisor""}",data/raw/issta2024_bugs_in_pods_understanding_bugs/SI Bugs in Pods_ Exploring Bugs in Container Runtime Systems.xlsx,gvisor,
issta2024_bugs_in_pods_understanding_bugs:bcef2b7cba6fa181,issta2024_bugs_in_pods_understanding_bugs,containerd,d063597e80080730de4e1ccc76979deda655d897,,,,,,,,,,,,,,,,"{""symptom_code"": ""B.1.1"", ""root_cause_code"": ""B.2.1"", ""source_sheet"": ""containerd""}",data/raw/issta2024_bugs_in_pods_understanding_bugs/SI Bugs in Pods_ Exploring Bugs in Container Runtime Systems.xlsx,containerd,
issta2024_bugs_in_pods_understanding_bugs:196fcb01293760b3,issta2024_bugs_in_pods_understanding_bugs,runc,d06bda60c55cca15a4053ef4c953dbff329c5ec5,,,,,,,,,,,,,,,,"{""symptom_code"": ""C.2.2"", ""root_cause_code"": ""B.2.2"", ""source_sheet"": ""runc""}",data/raw/issta2024_bugs_in_pods_understanding_bugs/SI Bugs in Pods_ Exploring Bugs in Container Runtime Systems.xlsx,runc,
issta2024_bugs_in_pods_understanding_bugs:09dd418ead803dde,issta2024_bugs_in_pods_understanding_bugs,runc,d08bc0c1b3bb2bd3370b80ecc2ace934ce7496c0,,,,,,,,,,,,,,,,"{""symptom_code"": ""C.2.2"", ""root_cause_code"": ""A.4.2"", ""source_sheet"": ""runc""}",data/raw/issta2024_bugs_in_pods_understanding_bugs/SI Bugs in Pods_ Exploring Bugs in Container Runtime Systems.xlsx,runc,
issta2024_bugs_in_pods_understanding_bugs:9038a19bd9c89f6a,issta2024_bugs_in_pods_understanding_bugs,runc,d0c89dfac3d4892f35ba7ba4156a694d3cefcc06,,,,,,,,,,,,,,,,"{""symptom_code"": ""B.2"", ""root_cause_code"": ""A.1"", ""source_sheet"": ""runc""}",data/raw/issta2024_bugs_in_pods_understanding_bugs/SI Bugs in Pods_ Exploring Bugs in Container Runtime Systems.xlsx,runc,
issta2024_bugs_in_pods_understanding_bugs:9be222b01b4d98e0,issta2024_bugs_in_pods_understanding_bugs,runc,d1fca8e599837a694ea4e9a6892b018456e6e1ae,,,,,,,,,,,,,,,,"{""symptom_code"": ""C.2.1"", ""root_cause_code"": ""A.4.1"", ""source_sheet"": ""runc""}",data/raw/issta2024_bugs_in_pods_understanding_bugs/SI Bugs in Pods_ Exploring Bugs in Container Runtime Systems.xlsx,runc,
issta2024_bugs_in_pods_understanding_bugs:7b39fdc6cf487135,issta2024_bugs_in_pods_understanding_bugs,containerd,d2588b3fa423851ce20cf19b760837bf37f5f2d9,,,,,,,,,,,,,,,,"{""symptom_code"": ""B.1.3"", ""root_cause_code"": ""B.1.1"", ""source_sheet"": ""containerd""}",data/raw/issta2024_bugs_in_pods_understanding_bugs/SI Bugs in Pods_ Exploring Bugs in Container Runtime Systems.xlsx,containerd,
issta2024_bugs_in_pods_understanding_bugs:901b75d8ec653fd1,issta2024_bugs_in_pods_understanding_bugs,containerd,d26587c725d1e27aa973e411079c433ac1445956,,,,,,,,,,,,,,,,"{""symptom_code"": ""C.1"", ""root_cause_code"": ""A.2"", ""source_sheet"": ""containerd""}",data/raw/issta2024_bugs_in_pods_understanding_bugs/SI Bugs in Pods_ Exploring Bugs in Container Runtime Systems.xlsx,containerd,
issta2024_bugs_in_pods_understanding_bugs:92e4d7f52fbb18a9,issta2024_bugs_in_pods_understanding_bugs,gvisor,d2b48375709b96fb2e353aeb393b48bea271ea80,,,,,,,,,,,,,,,,"{""symptom_code"": ""B.1.1"", ""root_cause_code"": ""A.2"", ""source_sheet"": ""gvisor""}",data/raw/issta2024_bugs_in_pods_understanding_bugs/SI Bugs in Pods_ Exploring Bugs in Container Runtime Systems.xlsx,gvisor,
issta2024_bugs_in_pods_understanding_bugs:8af118b45ea786e9,issta2024_bugs_in_pods_understanding_bugs,runc,d370e3c04660201e72ba6968342ce964c31a2d7f,,,,,,,,,,,,,,,,"{""symptom_code"": ""C.2.3"", ""root_cause_code"": ""A.4.2"", ""source_sheet"": ""runc""}",data/raw/issta2024_bugs_in_pods_understanding_bugs/SI Bugs in Pods_ Exploring Bugs in Container Runtime Systems.xlsx,runc,
issta2024_bugs_in_pods_understanding_bugs:7aa611fa2a32d87a,issta2024_bugs_in_pods_understanding_bugs,gvisor,d393d696b25b94d712404a7a2f0f683518ba2ef0,,,,,,,,,,,,,,,,"{""symptom_code"": ""C.2.1"", ""root_cause_code"": ""A.2"", ""source_sheet"": ""gvisor""}",data/raw/issta2024_bugs_in_pods_understanding_bugs/SI Bugs in Pods_ Exploring Bugs in Container Runtime Systems.xlsx,gvisor,
issta2024_bugs_in_pods_understanding_bugs:856b968f954afea1,issta2024_bugs_in_pods_understanding_bugs,gvisor,d5eafb28757c79c8ef077c964add7a26a763ba0f,,,,,,,,,,,,,,,,"{""symptom_code"": ""C.2.2"", ""root_cause_code"": ""A.4.1"", ""source_sheet"": ""gvisor""}",data/raw/issta2024_bugs_in_pods_understanding_bugs/SI Bugs in Pods_ Exploring Bugs in Container Runtime Systems.xlsx,gvisor,
issta2024_bugs_in_pods_understanding_bugs:51e755dcdd0a2943,issta2024_bugs_in_pods_understanding_bugs,gvisor,d62190f8b521fa1b4cc7fc26b24b3f821f198bf7,,,,,,,,,,,,,,,,"{""symptom_code"": ""C.2.1"", ""root_cause_code"": ""C"", ""source_sheet"": ""gvisor""}",data/raw/issta2024_bugs_in_pods_understanding_bugs/SI Bugs in Pods_ Exploring Bugs in Container Runtime Systems.xlsx,gvisor,
issta2024_bugs_in_pods_understanding_bugs:3156b7413c894048,issta2024_bugs_in_pods_understanding_bugs,runc,d66498e7716732a478b40c8136a9fcf4642673fe,,,,,,,,,,,,,,,,"{""symptom_code"": ""C.2.4"", ""root_cause_code"": ""B.2.2"", ""source_sheet"": ""runc""}",data/raw/issta2024_bugs_in_pods_understanding_bugs/SI Bugs in Pods_ Exploring Bugs in Container Runtime Systems.xlsx,runc,
issta2024_bugs_in_pods_understanding_bugs:cc54d9cd8af53f97,issta2024_bugs_in_pods_understanding_bugs,runc,d7208f59105e079ba037aea05f9d0603ba7f779f,,,,,,,,,,,,,,,,"{""symptom_code"": ""C.3.1"", ""root_cause_code"": ""A.4.2"", ""source_sheet"": ""runc""}",data/raw/issta2024_bugs_in_pods_understanding_bugs/SI Bugs in Pods_ Exploring Bugs in Container Runtime Systems.xlsx,runc,
issta2024_bugs_in_pods_understanding_bugs:110f778157d4b90d,issta2024_bugs_in_pods_understanding_bugs,runc,d72d057ba794164c3cce9451a00b72a78b25e1ae,,,,,,,,,,,,,,,,"{""symptom_code"": ""D.3.1"", ""root_cause_code"": ""A.3.1"", ""source_sheet"": ""runc""}",data/raw/issta2024_bugs_in_pods_understanding_bugs/SI Bugs in Pods_ Exploring Bugs in Container Runtime Systems.xlsx,runc,
issta2024_bugs_in_pods_understanding_bugs:76cb84ede00acefb,issta2024_bugs_in_pods_understanding_bugs,gvisor,d9cffce328f9e2ada874cfc4df21890086bceb48,,,,,,,,,,,,,,,,"{""symptom_code"": ""C.2.3"", ""root_cause_code"": ""A.4.1"", ""source_sheet"": ""gvisor""}",data/raw/issta2024_bugs_in_pods_understanding_bugs/SI Bugs in Pods_ Exploring Bugs in Container Runtime Systems.xlsx,gvisor,
issta2024_bugs_in_pods_understanding_bugs:ec747acd1986facf,issta2024_bugs_in_pods_understanding_bugs,containerd,d9fc5f4b008e4966d07441409b662840b4f0bdb9,,,,,,,,,,,,,,,,"{""symptom_code"": ""C.3.1"", ""root_cause_code"": ""B.2.2"", ""source_sheet"": ""containerd""}",data/raw/issta2024_bugs_in_pods_understanding_bugs/SI Bugs in Pods_ Exploring Bugs in Container Runtime Systems.xlsx,containerd,
issta2024_bugs_in_pods_understanding_bugs:252139994feb2021,issta2024_bugs_in_pods_understanding_bugs,gvisor,dae3aa6eee9efcfa547f59e40232181dd24e1053,,,,,,,,,,,,,,,,"{""symptom_code"": ""C.2.1"", ""root_cause_code"": ""A.2"", ""source_sheet"": ""gvisor""}",data/raw/issta2024_bugs_in_pods_understanding_bugs/SI Bugs in Pods_ Exploring Bugs in Container Runtime Systems.xlsx,gvisor,
issta2024_bugs_in_pods_understanding_bugs:2b9951c4c553a189,issta2024_bugs_in_pods_understanding_bugs,cri-o,db3b399a8d7dabf7f073db73894bee98311d7909,,,,,,,,,,,,,,,,"{""symptom_code"": ""C.3.2"", ""root_cause_code"": ""A.4.1"", ""source_sheet"": ""cri-o""}",data/raw/issta2024_bugs_in_pods_understanding_bugs/SI Bugs in Pods_ Exploring Bugs in Container Runtime Systems.xlsx,cri-o,
issta2024_bugs_in_pods_understanding_bugs:fb9f8250de7291c4,issta2024_bugs_in_pods_understanding_bugs,runc,dc73d236eac7bd523e0bd3aa3fa38c2c7f3b7dec,,,,,,,,,,,,,,,,"{""symptom_code"": ""C.2.3"", ""root_cause_code"": ""B.2.2"", ""source_sheet"": ""runc""}",data/raw/issta2024_bugs_in_pods_understanding_bugs/SI Bugs in Pods_ Exploring Bugs in Container Runtime Systems.xlsx,runc,
issta2024_bugs_in_pods_understanding_bugs:f805d1360d2edfaa,issta2024_bugs_in_pods_understanding_bugs,runc,dd1404014538fe063c8377d8d834859c8ec04aea,,,,,,,,,,,,,,,,"{""symptom_code"": ""C.2.4"", ""root_cause_code"": ""A.4.1"", ""source_sheet"": ""runc""}",data/raw/issta2024_bugs_in_pods_understanding_bugs/SI Bugs in Pods_ Exploring Bugs in Container Runtime Systems.xlsx,runc,
issta2024_bugs_in_pods_understanding_bugs:327bacfeaf4facdd,issta2024_bugs_in_pods_understanding_bugs,runc,dde509df4e28cec33b3c99c6cda3d4fd5beafc77,,,,,,,,,,,,,,,,"{""symptom_code"": ""C.2.3"", ""root_cause_code"": ""A.4.1"", ""source_sheet"": ""runc""}",data/raw/issta2024_bugs_in_pods_understanding_bugs/SI Bugs in Pods_ Exploring Bugs in Container Runtime Systems.xlsx,runc,
issta2024_bugs_in_pods_understanding_bugs:0ca5bd7561d56a4d,issta2024_bugs_in_pods_understanding_bugs,gvisor,de29d8d415ab539195840aeba57a17cd6c89218f,,,,,,,,,,,,,,,,"{""symptom_code"": ""B.2"", ""root_cause_code"": ""B.2.2"", ""source_sheet"": ""gvisor""}",data/raw/issta2024_bugs_in_pods_understanding_bugs/SI Bugs in Pods_ Exploring Bugs in Container Runtime Systems.xlsx,gvisor,
issta2024_bugs_in_pods_understanding_bugs:fe0ed6ebfefabcc4,issta2024_bugs_in_pods_understanding_bugs,gvisor,de9090dde9d9dd3f9c5bd8c7bda831132828bc04,,,,,,,,,,,,,,,,"{""symptom_code"": ""B.1.2"", ""root_cause_code"": ""A.2"", ""source_sheet"": ""gvisor""}",data/raw/issta2024_bugs_in_pods_understanding_bugs/SI Bugs in Pods_ Exploring Bugs in Container Runtime Systems.xlsx,gvisor,
issta2024_bugs_in_pods_understanding_bugs:ba0d099a03d35660,issta2024_bugs_in_pods_understanding_bugs,runc,df4eae457b8ccffa619c659c2def5c777d8ff507,,,,,,,,,,,,,,,,"{""symptom_code"": ""C.3.2"", ""root_cause_code"": ""A.4.1"", ""source_sheet"": ""runc""}",data/raw/issta2024_bugs_in_pods_understanding_bugs/SI Bugs in Pods_ Exploring Bugs in Container Runtime Systems.xlsx,runc,
issta2024_bugs_in_pods_understanding_bugs:b073bae21486805e,issta2024_bugs_in_pods_understanding_bugs,containerd,df93940fb2a63c78791de006fb9b599a9005099e,,,,,,,,,,,,,,,,"{""symptom_code"": ""C.2.3"", ""root_cause_code"": ""B.1.1"", ""source_sheet"": ""containerd""}",data/raw/issta2024_bugs_in_pods_understanding_bugs/SI Bugs in Pods_ Exploring Bugs in Container Runtime Systems.xlsx,containerd,
issta2024_bugs_in_pods_understanding_bugs:5a15a4e99753d601,issta2024_bugs_in_pods_understanding_bugs,gvisor,dfbcb8903ae8bd0d1ff984889f1b5cf1e041865e,,,,,,,,,,,,,,,,"{""symptom_code"": ""B.1.2"", ""root_cause_code"": ""A.1"", ""source_sheet"": ""gvisor""}",data/raw/issta2024_bugs_in_pods_understanding_bugs/SI Bugs in Pods_ Exploring Bugs in Container Runtime Systems.xlsx,gvisor,
issta2024_bugs_in_pods_understanding_bugs:312269170f038f89,issta2024_bugs_in_pods_understanding_bugs,gvisor,e0aa478022f4c3fde1b9619a11421c803e0c0791,,,,,,,,,,,,,,,,"{""symptom_code"": ""B.1.2"", ""root_cause_code"": ""A.1"", ""source_sheet"": ""gvisor""}",data/raw/issta2024_bugs_in_pods_understanding_bugs/SI Bugs in Pods_ Exploring Bugs in Container Runtime Systems.xlsx,gvisor,
issta2024_bugs_in_pods_understanding_bugs:552915f2d7ad9fa8,issta2024_bugs_in_pods_understanding_bugs,cri-o,e158549386d8d040a4a6ffc44d225f4c0f2f5708,,,,,,,,,,,,,,,,"{""symptom_code"": ""C.2.2"", ""root_cause_code"": ""A.3.2"", ""source_sheet"": ""cri-o""}",data/raw/issta2024_bugs_in_pods_understanding_bugs/SI Bugs in Pods_ Exploring Bugs in Container Runtime Systems.xlsx,cri-o,
issta2024_bugs_in_pods_understanding_bugs:fba1a33032e15d3c,issta2024_bugs_in_pods_understanding_bugs,containerd,e224f77eb7b4bd062485d6b0a3b8ba7181861bca,,,,,,,,,,,,,,,,"{""symptom_code"": ""C.3.2"", ""root_cause_code"": ""B.2.1"", ""source_sheet"": ""containerd""}",data/raw/issta2024_bugs_in_pods_understanding_bugs/SI Bugs in Pods_ Exploring Bugs in Container Runtime Systems.xlsx,containerd,
issta2024_bugs_in_pods_understanding_bugs:6750e62cccb57170,issta2024_bugs_in_pods_understanding_bugs,runc,e29e57b5fcf88cca25c669360b2db10eb2cf4ec0,,,,,,,,,,,,,,,,"{""symptom_code"": ""A"", ""root_cause_code"": ""B.3"", ""source_sheet"": ""runc""}",data/raw/issta2024_bugs_in_pods_understanding_bugs/SI Bugs in Pods_ Exploring Bugs in Container Runtime Systems.xlsx,runc,
issta2024_bugs_in_pods_understanding_bugs:087f1376802f6bd4,issta2024_bugs_in_pods_understanding_bugs,gvisor,e4f093f7b1739b0872774057932704613343db77,,,,,,,,,,,,,,,,"{""symptom_code"": ""C.2.1"", ""root_cause_code"": ""A.2"", ""source_sheet"": ""gvisor""}",data/raw/issta2024_bugs_in_pods_understanding_bugs/SI Bugs in Pods_ Exploring Bugs in Container Runtime Systems.xlsx,gvisor,
issta2024_bugs_in_pods_understanding_bugs:062d42f72734f8e5,issta2024_bugs_in_pods_understanding_bugs,runc,e63186351b6eb9830c10a91b74e5ae54d9048859,,,,,,,,,,,,,,,,"{""symptom_code"": ""C.2.1"", ""root_cause_code"": ""C"", ""source_sheet"": ""runc""}",data/raw/issta2024_bugs_in_pods_understanding_bugs/SI Bugs in Pods_ Exploring Bugs in Container Runtime Systems.xlsx,runc,
issta2024_bugs_in_pods_understanding_bugs:748e763f9852e226,issta2024_bugs_in_pods_understanding_bugs,cri-o,e648fde3ae730b05f685a974d2466a18ba4741c6,,,,,,,,,,,,,,,,"{""symptom_code"": ""C.2.1"", ""root_cause_code"": ""A.1"", ""source_sheet"": ""cri-o""}",data/raw/issta2024_bugs_in_pods_understanding_bugs/SI Bugs in Pods_ Exploring Bugs in Container Runtime Systems.xlsx,cri-o,
issta2024_bugs_in_pods_understanding_bugs:a23780d723cffd92,issta2024_bugs_in_pods_understanding_bugs,cri-o,e967a178c6ac896848943753f3c7c52a8666dd79,,,,,,,,,,,,,,,,"{""symptom_code"": ""B.1.2"", ""root_cause_code"": ""A.4.1"", ""source_sheet"": ""cri-o""}",data/raw/issta2024_bugs_in_pods_understanding_bugs/SI Bugs in Pods_ Exploring Bugs in Container Runtime Systems.xlsx,cri-o,
issta2024_bugs_in_pods_understanding_bugs:923a1c3a7a1dc6f6,issta2024_bugs_in_pods_understanding_bugs,gvisor,ea792cb3e1b3c1f2c34b2ffd7dbfde5d935b8a74,,,,,,,,,,,,,,,,"{""symptom_code"": ""C.2.1"", ""root_cause_code"": ""A.2"", ""source_sheet"": ""gvisor""}",data/raw/issta2024_bugs_in_pods_understanding_bugs/SI Bugs in Pods_ Exploring Bugs in Container Runtime Systems.xlsx,gvisor,
issta2024_bugs_in_pods_understanding_bugs:d4dd61971bdeb106,issta2024_bugs_in_pods_understanding_bugs,runc,eb2f08dc4e68d794ec80c8d867d953b3f7660b67,,,,,,,,,,,,,,,,"{""symptom_code"": ""C.2.4"", ""root_cause_code"": ""A.1"", ""source_sheet"": ""runc""}",data/raw/issta2024_bugs_in_pods_understanding_bugs/SI Bugs in Pods_ Exploring Bugs in Container Runtime Systems.xlsx,runc,
issta2024_bugs_in_pods_understanding_bugs:c542a8d7b145dae0,issta2024_bugs_in_pods_understanding_bugs,containerd,ebd63adac22e6fad6f6a3e59ecf4185426a3d6ea,,,,,,,,,,,,,,,,"{""symptom_code"": ""C.2.3"", ""root_cause_code"": ""B.2.1"", ""source_sheet"": ""containerd""}",data/raw/issta2024_bugs_in_pods_understanding_bugs/SI Bugs in Pods_ Exploring Bugs in Container Runtime Systems.xlsx,containerd,
issta2024_bugs_in_pods_understanding_bugs:1428998655401b44,issta2024_bugs_in_pods_understanding_bugs,containerd,ec2bec6481d5ad53a2a21a7ad1a3c48efca3999f,,,,,,,,,,,,,,,,"{""symptom_code"": ""B.1.2"", ""root_cause_code"": ""A.4.2"", ""source_sheet"": ""containerd""}",data/raw/issta2024_bugs_in_pods_understanding_bugs/SI Bugs in Pods_ Exploring Bugs in Container Runtime Systems.xlsx,containerd,
issta2024_bugs_in_pods_understanding_bugs:5980828b5c3feb9c,issta2024_bugs_in_pods_understanding_bugs,gvisor,ecda533559da3651c3d2746b34bcef53422147f5,,,,,,,,,,,,,,,,"{""symptom_code"": ""D.3.2"", ""root_cause_code"": ""A.3.2"", ""source_sheet"": ""gvisor""}",data/raw/issta2024_bugs_in_pods_understanding_bugs/SI Bugs in Pods_ Exploring Bugs in Container Runtime Systems.xlsx,gvisor,
issta2024_bugs_in_pods_understanding_bugs:fa4f04c9f2939e3a,issta2024_bugs_in_pods_understanding_bugs,gvisor,ed528835f7530e1782a49985d074f6707fb658a6,,,,,,,,,,,,,,,,"{""symptom_code"": ""C.2.3"", ""root_cause_code"": ""A.3.2"", ""source_sheet"": ""gvisor""}",data/raw/issta2024_bugs_in_pods_understanding_bugs/SI Bugs in Pods_ Exploring Bugs in Container Runtime Systems.xlsx,gvisor,
issta2024_bugs_in_pods_understanding_bugs:1105ae248f51d9d1,issta2024_bugs_in_pods_understanding_bugs,runc,ed9651bc715b767651cc869fb880b64cf12daddb,,,,,,,,,,,,,,,,"{""symptom_code"": ""C.2.3"", ""root_cause_code"": ""A.4.2"", ""source_sheet"": ""runc""}",data/raw/issta2024_bugs_in_pods_understanding_bugs/SI Bugs in Pods_ Exploring Bugs in Container Runtime Systems.xlsx,runc,
issta2024_bugs_in_pods_understanding_bugs:b238bc83bd0bd1c0,issta2024_bugs_in_pods_understanding_bugs,gvisor,edd7fd2e6022e209c10d40eb594fc0ffb22b8bab,,,,,,,,,,,,,,,,"{""symptom_code"": ""D.2"", ""root_cause_code"": ""A.3.2"", ""source_sheet"": ""gvisor""}",data/raw/issta2024_bugs_in_pods_understanding_bugs/SI Bugs in Pods_ Exploring Bugs in Container Runtime Systems.xlsx,gvisor,
issta2024_bugs_in_pods_understanding_bugs:03688cfecc7a3404,issta2024_bugs_in_pods_understanding_bugs,containerd,edfd8d59937faeb36f40b8baeff488a6d693ef49,,,,,,,,,,,,,,,,"{""symptom_code"": ""C.2.2"", ""root_cause_code"": ""A.1"", ""source_sheet"": ""containerd""}",data/raw/issta2024_bugs_in_pods_understanding_bugs/SI Bugs in Pods_ Exploring Bugs in Container Runtime Systems.xlsx,containerd,
issta2024_bugs_in_pods_understanding_bugs:f1ea516d6794d8bd,issta2024_bugs_in_pods_understanding_bugs,cri-o,ee5d9725489c23270b070f9f9e8ff7b5a7f98978,,,,,,,,,,,,,,,,"{""symptom_code"": ""C.2.3"", ""root_cause_code"": ""B.2.2"", ""source_sheet"": ""cri-o""}",data/raw/issta2024_bugs_in_pods_understanding_bugs/SI Bugs in Pods_ Exploring Bugs in Container Runtime Systems.xlsx,cri-o,
issta2024_bugs_in_pods_understanding_bugs:8704c59774fce722,issta2024_bugs_in_pods_understanding_bugs,containerd,eec7a76ecde1549f5f3afc865c819f64a1c9b95b,,,,,,,,,,,,,,,,"{""symptom_code"": ""C.2.3"", ""root_cause_code"": ""A.4.1"", ""source_sheet"": ""containerd""}",data/raw/issta2024_bugs_in_pods_understanding_bugs/SI Bugs in Pods_ Exploring Bugs in Container Runtime Systems.xlsx,containerd,
issta2024_bugs_in_pods_understanding_bugs:a75ec71570b9dfd4,issta2024_bugs_in_pods_understanding_bugs,cri-o,ef164da82ae1f05b754d5b711332f97437949d04,,,,,,,,,,,,,,,,"{""symptom_code"": ""C.3.1"", ""root_cause_code"": ""B.1.2"", ""source_sheet"": ""cri-o""}",data/raw/issta2024_bugs_in_pods_understanding_bugs/SI Bugs in Pods_ Exploring Bugs in Container Runtime Systems.xlsx,cri-o,
issta2024_bugs_in_pods_understanding_bugs:c3f76c9679ced45f,issta2024_bugs_in_pods_understanding_bugs,gvisor,ef20c9dc1909296ee67b3cd477d3d58c30d74e16,,,,,,,,,,,,,,,,"{""symptom_code"": ""C.2.1"", ""root_cause_code"": ""B.2.2"", ""source_sheet"": ""gvisor""}",data/raw/issta2024_bugs_in_pods_understanding_bugs/SI Bugs in Pods_ Exploring Bugs in Container Runtime Systems.xlsx,gvisor,
issta2024_bugs_in_pods_understanding_bugs:6224aacb13b77264,issta2024_bugs_in_pods_understanding_bugs,cri-o,efaea10606ce6c70128c90c7d136784bcbcf2c40,,,,,,,,,,,,,,,,"{""symptom_code"": ""C.2.3"", ""root_cause_code"": ""B.4"", ""source_sheet"": ""cri-o""}",data/raw/issta2024_bugs_in_pods_understanding_bugs/SI Bugs in Pods_ Exploring Bugs in Container Runtime Systems.xlsx,cri-o,
issta2024_bugs_in_pods_understanding_bugs:cf43628c8b171a1d,issta2024_bugs_in_pods_understanding_bugs,containerd,f0036cb9dc049f1b003d770d1e6aab8bf153fa10,,,,,,,,,,,,,,,,"{""symptom_code"": ""B.1.3"", ""root_cause_code"": ""B.4"", ""source_sheet"": ""containerd""}",data/raw/issta2024_bugs_in_pods_understanding_bugs/SI Bugs in Pods_ Exploring Bugs in Container Runtime Systems.xlsx,containerd,
issta2024_bugs_in_pods_understanding_bugs:71df42bd003da41f,issta2024_bugs_in_pods_understanding_bugs,containerd,f012617edfd887a29345888d65640a7ccd7c72ce,,,,,,,,,,,,,,,,"{""symptom_code"": ""D.3.2"", ""root_cause_code"": ""A.3.1"", ""source_sheet"": ""containerd""}",data/raw/issta2024_bugs_in_pods_understanding_bugs/SI Bugs in Pods_ Exploring Bugs in Container Runtime Systems.xlsx,containerd,
issta2024_bugs_in_pods_understanding_bugs:e7d90d565d95275f,issta2024_bugs_in_pods_understanding_bugs,gvisor,f01bf248c19ffd7e0ea085d499a0b3b7404c6953,,,,,,,,,,,,,,,,"{""symptom_code"": ""C.2.1"", ""root_cause_code"": ""A.4.1"", ""source_sheet"": ""gvisor""}",data/raw/issta2024_bugs_in_pods_understanding_bugs/SI Bugs in Pods_ Exploring Bugs in Container Runtime Systems.xlsx,gvisor,
issta2024_bugs_in_pods_understanding_bugs:28c84148f7ad4483,issta2024_bugs_in_pods_understanding_bugs,cri-o,f032cf649ecc7e0c46718bd9e7814bfb317cb544,,,,,,,,,,,,,,,,"{""symptom_code"": ""D.3.2"", ""root_cause_code"": ""A.3.1"", ""source_sheet"": ""cri-o""}",data/raw/issta2024_bugs_in_pods_understanding_bugs/SI Bugs in Pods_ Exploring Bugs in Container Runtime Systems.xlsx,cri-o,
issta2024_bugs_in_pods_understanding_bugs:57eb349610abd569,issta2024_bugs_in_pods_understanding_bugs,gvisor,f14b4bb3ca988304b72b046453cf9b43a6b19c39,,,,,,,,,,,,,,,,"{""symptom_code"": ""B.1.3"", ""root_cause_code"": ""A.4.1"", ""source_sheet"": ""gvisor""}",data/raw/issta2024_bugs_in_pods_understanding_bugs/SI Bugs in Pods_ Exploring Bugs in Container Runtime Systems.xlsx,gvisor,
issta2024_bugs_in_pods_understanding_bugs:7b1c8947c4536220,issta2024_bugs_in_pods_understanding_bugs,containerd,f219f7d1ead90abede190cd74a3c5c4cdc580457,,,,,,,,,,,,,,,,"{""symptom_code"": ""C.1"", ""root_cause_code"": ""A.1"", ""source_sheet"": ""containerd""}",data/raw/issta2024_bugs_in_pods_understanding_bugs/SI Bugs in Pods_ Exploring Bugs in Container Runtime Systems.xlsx,containerd,
issta2024_bugs_in_pods_understanding_bugs:0783c7648a1a4d25,issta2024_bugs_in_pods_understanding_bugs,containerd,f25ec98d0d9528e8772bf05dee45ae9550d04f91,,,,,,,,,,,,,,,,"{""symptom_code"": ""C.2.4"", ""root_cause_code"": ""A.2"", ""source_sheet"": ""containerd""}",data/raw/issta2024_bugs_in_pods_understanding_bugs/SI Bugs in Pods_ Exploring Bugs in Container Runtime Systems.xlsx,containerd,
issta2024_bugs_in_pods_understanding_bugs:c7a1ce468110bc49,issta2024_bugs_in_pods_understanding_bugs,cri-o,f291de93a03a29e4ea8004707c341dd08bb386cc,,,,,,,,,,,,,,,,"{""symptom_code"": ""D.2"", ""root_cause_code"": ""A.1"", ""source_sheet"": ""cri-o""}",data/raw/issta2024_bugs_in_pods_understanding_bugs/SI Bugs in Pods_ Exploring Bugs in Container Runtime Systems.xlsx,cri-o,
issta2024_bugs_in_pods_understanding_bugs:91f7f78abf777b04,issta2024_bugs_in_pods_understanding_bugs,gvisor,f2a57c9dac27bd6dcd1c53156d94bdcbdb7a542e,,,,,,,,,,,,,,,,"{""symptom_code"": ""C.2.2"", ""root_cause_code"": ""C"", ""source_sheet"": ""gvisor""}",data/raw/issta2024_bugs_in_pods_understanding_bugs/SI Bugs in Pods_ Exploring Bugs in Container Runtime Systems.xlsx,gvisor,
issta2024_bugs_in_pods_understanding_bugs:38c07c3742723dd9,issta2024_bugs_in_pods_understanding_bugs,containerd,f39b3ac7eaf52bc7eeb85adb08e521f5477f25f0,,,,,,,,,,,,,,,,"{""symptom_code"": ""C.2.3"", ""root_cause_code"": ""A.2"", ""source_sheet"": ""containerd""}",data/raw/issta2024_bugs_in_pods_understanding_bugs/SI Bugs in Pods_ Exploring Bugs in Container Runtime Systems.xlsx,containerd,
issta2024_bugs_in_pods_understanding_bugs:ffd74754d1a519f7,issta2024_bugs_in_pods_understanding_bugs,containerd,f48ae222738760d96b6f488880e87bbdec6a4ac6,,,,,,,,,,,,,,,,"{""symptom_code"": ""C.1"", ""root_cause_code"": ""A.1"", ""source_sheet"": ""containerd""}",data/raw/issta2024_bugs_in_pods_understanding_bugs/SI Bugs in Pods_ Exploring Bugs in Container Runtime Systems.xlsx,containerd,
issta2024_bugs_in_pods_understanding_bugs:2db3d0a60b806e7a,issta2024_bugs_in_pods_understanding_bugs,cri-o,f59c1f72a837c2235010813b8f361bb57c8c551b,,,,,,,,,,,,,,,,"{""symptom_code"": ""C.2.2"", ""root_cause_code"": ""A.4.1"", ""source_sheet"": ""cri-o""}",data/raw/issta2024_bugs_in_pods_understanding_bugs/SI Bugs in Pods_ Exploring Bugs in Container Runtime Systems.xlsx,cri-o,
issta2024_bugs_in_pods_understanding_bugs:2990a8cafc26e0de,issta2024_bugs_in_pods_understanding_bugs,containerd,f60d447c16991a183853cce58d21d88351cb0f16,,,,,,,,,,,,,,,,"{""symptom_code"": ""C.2.3"", ""root_cause_code"": ""B.3"", ""source_sheet"": ""containerd""}",data/raw/issta2024_bugs_in_pods_understanding_bugs/SI Bugs in Pods_ Exploring Bugs in Container Runtime Systems.xlsx,containerd,
issta2024_bugs_in_pods_understanding_bugs:92e216358689dc53,issta2024_bugs_in_pods_understanding_bugs,gvisor,f62143f31fe5596241a844aead15aefe9db9c816,,,,,,,,,,,,,,,,"{""symptom_code"": ""B.1.1"", ""root_cause_code"": ""B.4"", ""source_sheet"": ""gvisor""}",data/raw/issta2024_bugs_in_pods_understanding_bugs/SI Bugs in Pods_ Exploring Bugs in Container Runtime Systems.xlsx,gvisor,
issta2024_bugs_in_pods_understanding_bugs:5d83f76e87def7b2,issta2024_bugs_in_pods_understanding_bugs,containerd,f710505f4a2760424258a4d517bc261d5bbfce1c,,,,,,,,,,,,,,,,"{""symptom_code"": ""C.1"", ""root_cause_code"": ""A.4.2"", ""source_sheet"": ""containerd""}",data/raw/issta2024_bugs_in_pods_understanding_bugs/SI Bugs in Pods_ Exploring Bugs in Container Runtime Systems.xlsx,containerd,
issta2024_bugs_in_pods_understanding_bugs:7e433292c1290ce4,issta2024_bugs_in_pods_understanding_bugs,containerd,f7658e37d94674b8bfaf3206d425f102c5d9b552,,,,,,,,,,,,,,,,"{""symptom_code"": ""B.1.1"", ""root_cause_code"": ""B.4"", ""source_sheet"": ""containerd""}",data/raw/issta2024_bugs_in_pods_understanding_bugs/SI Bugs in Pods_ Exploring Bugs in Container Runtime Systems.xlsx,containerd,
issta2024_bugs_in_pods_understanding_bugs:b5f2eb791a547e2e,issta2024_bugs_in_pods_understanding_bugs,cri-o,f83a4faba2513137ad7a18540ceaefa0ab94d3af,,,,,,,,,,,,,,,,"{""symptom_code"": ""C.2.2"", ""root_cause_code"": ""A.4.1"", ""source_sheet"": ""cri-o""}",data/raw/issta2024_bugs_in_pods_understanding_bugs/SI Bugs in Pods_ Exploring Bugs in Container Runtime Systems.xlsx,cri-o,
issta2024_bugs_in_pods_understanding_bugs:c0a8f2088982a5ef,issta2024_bugs_in_pods_understanding_bugs,runc,f95063ede4a90cc6c637591169ad87b0086e164b,,,,,,,,,,,,,,,,"{""symptom_code"": ""A"", ""root_cause_code"": ""B.3"", ""source_sheet"": ""runc""}",data/raw/issta2024_bugs_in_pods_understanding_bugs/SI Bugs in Pods_ Exploring Bugs in Container Runtime Systems.xlsx,runc,
issta2024_bugs_in_pods_understanding_bugs:49b459a3a687e061,issta2024_bugs_in_pods_understanding_bugs,gvisor,f971396c6515fc71d3cc8cdfbf60845c1d1e9e03,,,,,,,,,,,,,,,,"{""symptom_code"": ""C.2.1"", ""root_cause_code"": ""A.2"", ""source_sheet"": ""gvisor""}",data/raw/issta2024_bugs_in_pods_understanding_bugs/SI Bugs in Pods_ Exploring Bugs in Container Runtime Systems.xlsx,gvisor,
issta2024_bugs_in_pods_understanding_bugs:d0e1b689b63b42f1,issta2024_bugs_in_pods_understanding_bugs,gvisor,f9afde9b888dcc67786ea49e244c3a6dc644792a,,,,,,,,,,,,,,,,"{""symptom_code"": ""B.1.2"", ""root_cause_code"": ""A.4.1"", ""source_sheet"": ""gvisor""}",data/raw/issta2024_bugs_in_pods_understanding_bugs/SI Bugs in Pods_ Exploring Bugs in Container Runtime Systems.xlsx,gvisor,
issta2024_bugs_in_pods_understanding_bugs:9f63cf8e89f29031,issta2024_bugs_in_pods_understanding_bugs,containerd,fa4720fa16b0609c94f776a480bab496f2e3b3fe,,,,,,,,,,,,,,,,"{""symptom_code"": ""D.2"", ""root_cause_code"": ""B.1.1"", ""source_sheet"": ""containerd""}",data/raw/issta2024_bugs_in_pods_understanding_bugs/SI Bugs in Pods_ Exploring Bugs in Container Runtime Systems.xlsx,containerd,
issta2024_bugs_in_pods_understanding_bugs:9523cfc79abfd477,issta2024_bugs_in_pods_understanding_bugs,containerd,fa6759ae5378e5332f4ef5d4f2baca2bdef48115,,,,,,,,,,,,,,,,"{""symptom_code"": ""C.2.1"", ""root_cause_code"": ""A.4.1"", ""source_sheet"": ""containerd""}",data/raw/issta2024_bugs_in_pods_understanding_bugs/SI Bugs in Pods_ Exploring Bugs in Container Runtime Systems.xlsx,containerd,
issta2024_bugs_in_pods_understanding_bugs:973b49c247723117,issta2024_bugs_in_pods_understanding_bugs,cri-o,fadc73bc730674ad60150f44166e080ca83110b4,,,,,,,,,,,,,,,,"{""symptom_code"": ""A"", ""root_cause_code"": ""B.3"", ""source_sheet"": ""cri-o""}",data/raw/issta2024_bugs_in_pods_understanding_bugs/SI Bugs in Pods_ Exploring Bugs in Container Runtime Systems.xlsx,cri-o,
issta2024_bugs_in_pods_understanding_bugs:fbca0da483e068ed,issta2024_bugs_in_pods_understanding_bugs,cri-o,fd35a25b1207798aaf9ef450d75477dfff95517f,,,,,,,,,,,,,,,,"{""symptom_code"": ""B.1.3"", ""root_cause_code"": ""A.2"", ""source_sheet"": ""cri-o""}",data/raw/issta2024_bugs_in_pods_understanding_bugs/SI Bugs in Pods_ Exploring Bugs in Container Runtime Systems.xlsx,cri-o,
issta2024_bugs_in_pods_understanding_bugs:390ac27648ea990d,issta2024_bugs_in_pods_understanding_bugs,containerd,fdff11def3438382f7fb3d94291a009f64c21687,,,,,,,,,,,,,,,,"{""symptom_code"": ""B.1.2"", ""root_cause_code"": ""A.4.2"", ""source_sheet"": ""containerd""}",data/raw/issta2024_bugs_in_pods_understanding_bugs/SI Bugs in Pods_ Exploring Bugs in Container Runtime Systems.xlsx,containerd,
issta2024_bugs_in_pods_understanding_bugs:d69e10c3d47aa40c,issta2024_bugs_in_pods_understanding_bugs,runc,fe278b9caae21e048ae83b96815a985826b4c464,,,,,,,,,,,,,,,,"{""symptom_code"": ""D.2"", ""root_cause_code"": ""A.4.1"", ""source_sheet"": ""runc""}",data/raw/issta2024_bugs_in_pods_understanding_bugs/SI Bugs in Pods_ Exploring Bugs in Container Runtime Systems.xlsx,runc,
issta2024_bugs_in_pods_understanding_bugs:837cbf3004670568,issta2024_bugs_in_pods_understanding_bugs,containerd,fe426227d4ccb06fc5cbe7f11aa8eefc8d77768a,,,,,,,,,,,,,,,,"{""symptom_code"": ""C.1"", ""root_cause_code"": ""A.1"", ""source_sheet"": ""containerd""}",data/raw/issta2024_bugs_in_pods_understanding_bugs/SI Bugs in Pods_ Exploring Bugs in Container Runtime Systems.xlsx,containerd,
issta2024_bugs_in_pods_understanding_bugs:6c92cb72473b1a3d,issta2024_bugs_in_pods_understanding_bugs,runc,feff2c451ecd2d27ac176da522380a472848bd2e,,,,,,,,,,,,,,,,"{""symptom_code"": ""B.1.2"", ""root_cause_code"": ""A.4.1"", ""source_sheet"": ""runc""}",data/raw/issta2024_bugs_in_pods_understanding_bugs/SI Bugs in Pods_ Exploring Bugs in Container Runtime Systems.xlsx,runc,
issta2024_bugs_in_pods_understanding_bugs:2625e5e455e0ca22,issta2024_bugs_in_pods_understanding_bugs,gvisor,ffabadf0108addafd94f3429b3998a84d89b6c58,,,,,,,,,,,,,,,,"{""symptom_code"": ""C.2.3"", ""root_cause_code"": ""B.3"", ""source_sheet"": ""gvisor""}",data/raw/issta2024_bugs_in_pods_understanding_bugs/SI Bugs in Pods_ Exploring Bugs in Container Runtime Systems.xlsx,gvisor,
