record_id,paper_id,source_project,issue_url,title,body,comments,created_at,updated_at,state,symptom,root_cause,bug_type,component,sub_component,trigger_condition,consequence,fix_type,severity_or_impact,original_label_json,source_file,source_sheet,source_row_index
issta2024_bugs_in_pods_understanding_bugs:60b61c25d19448ec,issta2024_bugs_in_pods_understanding_bugs,runc,783f9ffeeb16ea078a7d1894743a3ade4c5ef6e5,,,,,,,Wrong Container Behavior,Inappropriate Lifecycle Organization,,runc,,,,,,"{""symptom_code"": ""C.2.2"", ""root_cause_code"": ""A.3.2"", ""source_sheet"": ""runc""}",data/raw/issta2024_bugs_in_pods_understanding_bugs/SI Bugs in Pods_ Exploring Bugs in Container Runtime Systems.xlsx,runc,
issta2024_bugs_in_pods_understanding_bugs:f928580215f74f89,issta2024_bugs_in_pods_understanding_bugs,runc,77cae9addc0c7c9ef52513b4e46b2e6485e4e469,,,,,,,Host Memory Leak,Wrong Code Logic,,runc,,,,,,"{""symptom_code"": ""D.3.2"", ""root_cause_code"": ""A.4.1"", ""source_sheet"": ""runc""}",data/raw/issta2024_bugs_in_pods_understanding_bugs/SI Bugs in Pods_ Exploring Bugs in Container Runtime Systems.xlsx,runc,
issta2024_bugs_in_pods_understanding_bugs:f89c55483a73f00d,issta2024_bugs_in_pods_understanding_bugs,runc,462e719cae227a990ed793241062a8d2d6145332,,,,,,,Runtime Daemon Crash,Improper Exception Handling,,runc,,,,,,"{""symptom_code"": ""B.1.2"", ""root_cause_code"": ""A.1"", ""source_sheet"": ""runc""}",data/raw/issta2024_bugs_in_pods_understanding_bugs/SI Bugs in Pods_ Exploring Bugs in Container Runtime Systems.xlsx,runc,
issta2024_bugs_in_pods_understanding_bugs:a3cbbfaf75e7c945,issta2024_bugs_in_pods_understanding_bugs,runc,c7dc8b1fedc67c65b12d51fd98a27b547c4f3b93,,,,,,,Logging Error,Incorrect Image or Config Parsing,,runc,,,,,,"{""symptom_code"": ""C.1"", ""root_cause_code"": ""A.4.2"", ""source_sheet"": ""runc""}",data/raw/issta2024_bugs_in_pods_understanding_bugs/SI Bugs in Pods_ Exploring Bugs in Container Runtime Systems.xlsx,runc,
issta2024_bugs_in_pods_understanding_bugs:8046c024e3ec714e,issta2024_bugs_in_pods_understanding_bugs,runc,58b1374f0ad98cc9390adc43dc22ddbb4f84d72e,,,,,,,Runtime Daemon Crash,Wrong Code Logic,,runc,,,,,,"{""symptom_code"": ""B.1.2"", ""root_cause_code"": ""A.4.1"", ""source_sheet"": ""runc""}",data/raw/issta2024_bugs_in_pods_understanding_bugs/SI Bugs in Pods_ Exploring Bugs in Container Runtime Systems.xlsx,runc,
issta2024_bugs_in_pods_understanding_bugs:86806fa00b0fd525,issta2024_bugs_in_pods_understanding_bugs,runc,957d97bcf43f41beef9670fe22ec78ccb5c5c101,,,,,,,Wrong Container Behavior,Inappropriate Lifecycle Organization,,runc,,,,,,"{""symptom_code"": ""C.2.2"", ""root_cause_code"": ""A.3.2"", ""source_sheet"": ""runc""}",data/raw/issta2024_bugs_in_pods_understanding_bugs/SI Bugs in Pods_ Exploring Bugs in Container Runtime Systems.xlsx,runc,
issta2024_bugs_in_pods_understanding_bugs:6b3a48814163ae55,issta2024_bugs_in_pods_understanding_bugs,runc,66625701105c6b38260fa4bbe465e0615135d018,,,,,,,Logging Error,Others,,runc,,,,,,"{""symptom_code"": ""C.1"", ""root_cause_code"": ""C"", ""source_sheet"": ""runc""}",data/raw/issta2024_bugs_in_pods_understanding_bugs/SI Bugs in Pods_ Exploring Bugs in Container Runtime Systems.xlsx,runc,
issta2024_bugs_in_pods_understanding_bugs:d61692afd58d6d01,issta2024_bugs_in_pods_understanding_bugs,runc,d370e3c04660201e72ba6968342ce964c31a2d7f,,,,,,,Incorrect Configuration Effect,Incorrect Image or Config Parsing,,runc,,,,,,"{""symptom_code"": ""C.2.3"", ""root_cause_code"": ""A.4.2"", ""source_sheet"": ""runc""}",data/raw/issta2024_bugs_in_pods_understanding_bugs/SI Bugs in Pods_ Exploring Bugs in Container Runtime Systems.xlsx,runc,
issta2024_bugs_in_pods_understanding_bugs:9058fdacac3951e0,issta2024_bugs_in_pods_understanding_bugs,runc,343951a22b58c38feb044a5cea501dae92f8540e,,,,,,,Wrong Container Behavior,Improper Exception Handling,,runc,,,,,,"{""symptom_code"": ""C.2.2"", ""root_cause_code"": ""A.1"", ""source_sheet"": ""runc""}",data/raw/issta2024_bugs_in_pods_understanding_bugs/SI Bugs in Pods_ Exploring Bugs in Container Runtime Systems.xlsx,runc,
issta2024_bugs_in_pods_understanding_bugs:67856cb775bdff87,issta2024_bugs_in_pods_understanding_bugs,runc,be6488a5a9a62088176d8220356b1d2650f301df,,,,,,,Incorrect Return Value,Incorrect System Config,,runc,,,,,,"{""symptom_code"": ""C.2.1"", ""root_cause_code"": ""B.2.2"", ""source_sheet"": ""runc""}",data/raw/issta2024_bugs_in_pods_understanding_bugs/SI Bugs in Pods_ Exploring Bugs in Container Runtime Systems.xlsx,runc,
issta2024_bugs_in_pods_understanding_bugs:af45a130b819a9bf,issta2024_bugs_in_pods_understanding_bugs,runc,ab5c60d02fcd9a4b7e870bcd631c3673e5b7dd2a,,,,,,,Build Failure,Build Configuration Error,,runc,,,,,,"{""symptom_code"": ""A"", ""root_cause_code"": ""B.3"", ""source_sheet"": ""runc""}",data/raw/issta2024_bugs_in_pods_understanding_bugs/SI Bugs in Pods_ Exploring Bugs in Container Runtime Systems.xlsx,runc,
issta2024_bugs_in_pods_understanding_bugs:37e7f663442c2400,issta2024_bugs_in_pods_understanding_bugs,runc,29a56b5206a3fc7b2f5fe4b43c09c8ba09b25495,,,,,,,Build Failure,Incorrect 3rd Party Library Usage,,runc,,,,,,"{""symptom_code"": ""A"", ""root_cause_code"": ""A.2"", ""source_sheet"": ""runc""}",data/raw/issta2024_bugs_in_pods_understanding_bugs/SI Bugs in Pods_ Exploring Bugs in Container Runtime Systems.xlsx,runc,
issta2024_bugs_in_pods_understanding_bugs:a1c7b621b3137e52,issta2024_bugs_in_pods_understanding_bugs,runc,b76b6b9338917bcdb258d512a582d613a477e58d,,,,,,,Access Permission Denied,Incorrect Mount Options,,runc,,,,,,"{""symptom_code"": ""C.3.1"", ""root_cause_code"": ""B.1.1"", ""source_sheet"": ""runc""}",data/raw/issta2024_bugs_in_pods_understanding_bugs/SI Bugs in Pods_ Exploring Bugs in Container Runtime Systems.xlsx,runc,
issta2024_bugs_in_pods_understanding_bugs:83859aa3fc0d907d,issta2024_bugs_in_pods_understanding_bugs,runc,ae6cb653f4250a9d4c2f190613241c85b5a1c125,,,,,,,Others,Incorrect System Config,,runc,,,,,,"{""symptom_code"": ""C.2.4"", ""root_cause_code"": ""B.2.2"", ""source_sheet"": ""runc""}",data/raw/issta2024_bugs_in_pods_understanding_bugs/SI Bugs in Pods_ Exploring Bugs in Container Runtime Systems.xlsx,runc,
issta2024_bugs_in_pods_understanding_bugs:ff38a100e2471e84,issta2024_bugs_in_pods_understanding_bugs,runc,5d1ef78cadaeb0708d9ea46c545c3e821517caaf,,,,,,,System Communication Error,Runtime Shim Config Error,,runc,,,,,,"{""symptom_code"": ""B.1.3"", ""root_cause_code"": ""B.4"", ""source_sheet"": ""runc""}",data/raw/issta2024_bugs_in_pods_understanding_bugs/SI Bugs in Pods_ Exploring Bugs in Container Runtime Systems.xlsx,runc,
issta2024_bugs_in_pods_understanding_bugs:4689bddf3d98d887,issta2024_bugs_in_pods_understanding_bugs,runc,d66498e7716732a478b40c8136a9fcf4642673fe,,,,,,,Others,Incorrect System Config,,runc,,,,,,"{""symptom_code"": ""C.2.4"", ""root_cause_code"": ""B.2.2"", ""source_sheet"": ""runc""}",data/raw/issta2024_bugs_in_pods_understanding_bugs/SI Bugs in Pods_ Exploring Bugs in Container Runtime Systems.xlsx,runc,
issta2024_bugs_in_pods_understanding_bugs:eeef023c5913644c,issta2024_bugs_in_pods_understanding_bugs,runc,dc73d236eac7bd523e0bd3aa3fa38c2c7f3b7dec,,,,,,,Incorrect Configuration Effect,Incorrect System Config,,runc,,,,,,"{""symptom_code"": ""C.2.3"", ""root_cause_code"": ""B.2.2"", ""source_sheet"": ""runc""}",data/raw/issta2024_bugs_in_pods_understanding_bugs/SI Bugs in Pods_ Exploring Bugs in Container Runtime Systems.xlsx,runc,
issta2024_bugs_in_pods_understanding_bugs:6e8594df4df06e86,issta2024_bugs_in_pods_understanding_bugs,runc,6b16d0051fb29bb55ab9de2e989adb60c0a92622,,,,,,,Others,Build Configuration Error,,runc,,,,,,"{""symptom_code"": ""C.2.4"", ""root_cause_code"": ""B.3"", ""source_sheet"": ""runc""}",data/raw/issta2024_bugs_in_pods_understanding_bugs/SI Bugs in Pods_ Exploring Bugs in Container Runtime Systems.xlsx,runc,
issta2024_bugs_in_pods_understanding_bugs:77ce0ee0c464a434,issta2024_bugs_in_pods_understanding_bugs,runc,d0c89dfac3d4892f35ba7ba4156a694d3cefcc06,,,,,,,Preset Exit Code,Improper Exception Handling,,runc,,,,,,"{""symptom_code"": ""B.2"", ""root_cause_code"": ""A.1"", ""source_sheet"": ""runc""}",data/raw/issta2024_bugs_in_pods_understanding_bugs/SI Bugs in Pods_ Exploring Bugs in Container Runtime Systems.xlsx,runc,
issta2024_bugs_in_pods_understanding_bugs:9794e9f685c8e947,issta2024_bugs_in_pods_understanding_bugs,runc,11895cd087b64e47f69fb01828c5206427e3049a,,,,,,,Escalized Privilege,Incorrect 3rd Party Library Usage,,runc,,,,,,"{""symptom_code"": ""C.3.2"", ""root_cause_code"": ""A.2"", ""source_sheet"": ""runc""}",data/raw/issta2024_bugs_in_pods_understanding_bugs/SI Bugs in Pods_ Exploring Bugs in Container Runtime Systems.xlsx,runc,
issta2024_bugs_in_pods_understanding_bugs:f16592f80a5d1422,issta2024_bugs_in_pods_understanding_bugs,runc,d1fca8e599837a694ea4e9a6892b018456e6e1ae,,,,,,,Incorrect Return Value,Wrong Code Logic,,runc,,,,,,"{""symptom_code"": ""C.2.1"", ""root_cause_code"": ""A.4.1"", ""source_sheet"": ""runc""}",data/raw/issta2024_bugs_in_pods_understanding_bugs/SI Bugs in Pods_ Exploring Bugs in Container Runtime Systems.xlsx,runc,
issta2024_bugs_in_pods_understanding_bugs:041da041c64936a8,issta2024_bugs_in_pods_understanding_bugs,runc,eb2f08dc4e68d794ec80c8d867d953b3f7660b67,,,,,,,Others,Improper Exception Handling,,runc,,,,,,"{""symptom_code"": ""C.2.4"", ""root_cause_code"": ""A.1"", ""source_sheet"": ""runc""}",data/raw/issta2024_bugs_in_pods_understanding_bugs/SI Bugs in Pods_ Exploring Bugs in Container Runtime Systems.xlsx,runc,
issta2024_bugs_in_pods_understanding_bugs:043f6fb1b6afb15b,issta2024_bugs_in_pods_understanding_bugs,runc,376c988618108040679ee9413353e0da07fae404,,,,,,,Excessive Execution Time,Wrong Code Logic,,runc,,,,,,"{""symptom_code"": ""D.2"", ""root_cause_code"": ""A.4.1"", ""source_sheet"": ""runc""}",data/raw/issta2024_bugs_in_pods_understanding_bugs/SI Bugs in Pods_ Exploring Bugs in Container Runtime Systems.xlsx,runc,
issta2024_bugs_in_pods_understanding_bugs:69b58c9e8c8b4546,issta2024_bugs_in_pods_understanding_bugs,runc,58c1ff39a549636621de02ac32eb4a40d7665047,,,,,,,Incorrect Return Value,Improper Exception Handling,,runc,,,,,,"{""symptom_code"": ""C.2.1"", ""root_cause_code"": ""A.1"", ""source_sheet"": ""runc""}",data/raw/issta2024_bugs_in_pods_understanding_bugs/SI Bugs in Pods_ Exploring Bugs in Container Runtime Systems.xlsx,runc,
issta2024_bugs_in_pods_understanding_bugs:6664344581cd611b,issta2024_bugs_in_pods_understanding_bugs,runc,1a3ee4966ce58abd243cb6aeb55fb561dca31a56,,,,,,,Runtime Daemon Crash,Unsafe API Usage,,runc,,,,,,"{""symptom_code"": ""B.1.2"", ""root_cause_code"": ""A.3.1"", ""source_sheet"": ""runc""}",data/raw/issta2024_bugs_in_pods_understanding_bugs/SI Bugs in Pods_ Exploring Bugs in Container Runtime Systems.xlsx,runc,
issta2024_bugs_in_pods_understanding_bugs:4152570a08297ad0,issta2024_bugs_in_pods_understanding_bugs,runc,146c8c0c62dc30a08eb5ff302217d91dfd29d158,,,,,,,Plugin Management Error,Improper Exception Handling,,runc,,,,,,"{""symptom_code"": ""B.1.1"", ""root_cause_code"": ""A.1"", ""source_sheet"": ""runc""}",data/raw/issta2024_bugs_in_pods_understanding_bugs/SI Bugs in Pods_ Exploring Bugs in Container Runtime Systems.xlsx,runc,
issta2024_bugs_in_pods_understanding_bugs:a2256f6853f4b2a7,issta2024_bugs_in_pods_understanding_bugs,runc,18c4760aeda1ecade2711c246d092fad2568eb90,,,,,,,Access Permission Denied,Incorrect Mount Options,,runc,,,,,,"{""symptom_code"": ""C.3.1"", ""root_cause_code"": ""B.1.1"", ""source_sheet"": ""runc""}",data/raw/issta2024_bugs_in_pods_understanding_bugs/SI Bugs in Pods_ Exploring Bugs in Container Runtime Systems.xlsx,runc,
issta2024_bugs_in_pods_understanding_bugs:406069ed16cfc23e,issta2024_bugs_in_pods_understanding_bugs,runc,b7fdb688483a628a1484248ff5b7f4c559f17950,,,,,,,Incorrect Return Value,Improper Exception Handling,,runc,,,,,,"{""symptom_code"": ""C.2.1"", ""root_cause_code"": ""A.1"", ""source_sheet"": ""runc""}",data/raw/issta2024_bugs_in_pods_understanding_bugs/SI Bugs in Pods_ Exploring Bugs in Container Runtime Systems.xlsx,runc,
issta2024_bugs_in_pods_understanding_bugs:3c1fc86893094e6f,issta2024_bugs_in_pods_understanding_bugs,runc,6d2067a4bf1ae0a9ae1c570a0d1f2004e80eb229,,,,,,,Incorrect Configuration Effect,Incorrect System Config,,runc,,,,,,"{""symptom_code"": ""C.2.3"", ""root_cause_code"": ""B.2.2"", ""source_sheet"": ""runc""}",data/raw/issta2024_bugs_in_pods_understanding_bugs/SI Bugs in Pods_ Exploring Bugs in Container Runtime Systems.xlsx,runc,
issta2024_bugs_in_pods_understanding_bugs:d843d9a372705338,issta2024_bugs_in_pods_understanding_bugs,runc,06b3fd9d19aa79b57b55e614ad747d3cc6cd914d,,,,,,,Incorrect Return Value,Others,,runc,,,,,,"{""symptom_code"": ""C.2.1"", ""root_cause_code"": ""C"", ""source_sheet"": ""runc""}",data/raw/issta2024_bugs_in_pods_understanding_bugs/SI Bugs in Pods_ Exploring Bugs in Container Runtime Systems.xlsx,runc,
issta2024_bugs_in_pods_understanding_bugs:5b11b4ebe52c26f6,issta2024_bugs_in_pods_understanding_bugs,runc,e63186351b6eb9830c10a91b74e5ae54d9048859,,,,,,,Incorrect Return Value,Others,,runc,,,,,,"{""symptom_code"": ""C.2.1"", ""root_cause_code"": ""C"", ""source_sheet"": ""runc""}",data/raw/issta2024_bugs_in_pods_understanding_bugs/SI Bugs in Pods_ Exploring Bugs in Container Runtime Systems.xlsx,runc,
issta2024_bugs_in_pods_understanding_bugs:3cebd7906dc84bc5,issta2024_bugs_in_pods_understanding_bugs,runc,515082102e08250f13df90426b80d58221f0636e,,,,,,,Out of Memory,Wrong Code Logic,,runc,,,,,,"{""symptom_code"": ""D.3.1"", ""root_cause_code"": ""A.4.1"", ""source_sheet"": ""runc""}",data/raw/issta2024_bugs_in_pods_understanding_bugs/SI Bugs in Pods_ Exploring Bugs in Container Runtime Systems.xlsx,runc,
issta2024_bugs_in_pods_understanding_bugs:88901c876c8bc04f,issta2024_bugs_in_pods_understanding_bugs,runc,dd1404014538fe063c8377d8d834859c8ec04aea,,,,,,,Others,Wrong Code Logic,,runc,,,,,,"{""symptom_code"": ""C.2.4"", ""root_cause_code"": ""A.4.1"", ""source_sheet"": ""runc""}",data/raw/issta2024_bugs_in_pods_understanding_bugs/SI Bugs in Pods_ Exploring Bugs in Container Runtime Systems.xlsx,runc,
issta2024_bugs_in_pods_understanding_bugs:23dc93610f80fa23,issta2024_bugs_in_pods_understanding_bugs,runc,18e286261ec6e94bb9ccaee2bbc91fc63bf08f89,,,,,,,Excessive Execution Time,Wrong Code Logic,,runc,,,,,,"{""symptom_code"": ""D.2"", ""root_cause_code"": ""A.4.1"", ""source_sheet"": ""runc""}",data/raw/issta2024_bugs_in_pods_understanding_bugs/SI Bugs in Pods_ Exploring Bugs in Container Runtime Systems.xlsx,runc,
issta2024_bugs_in_pods_understanding_bugs:54f359ffd9c7742a,issta2024_bugs_in_pods_understanding_bugs,runc,b247cd392a833b26751b946c4dec35126c40ec8b,,,,,,,Access Permission Denied,Incorrect Mount Options,,runc,,,,,,"{""symptom_code"": ""C.3.1"", ""root_cause_code"": ""B.1.1"", ""source_sheet"": ""runc""}",data/raw/issta2024_bugs_in_pods_understanding_bugs/SI Bugs in Pods_ Exploring Bugs in Container Runtime Systems.xlsx,runc,
issta2024_bugs_in_pods_understanding_bugs:3f798364837c0a9f,issta2024_bugs_in_pods_understanding_bugs,runc,0b74e49d4837e3f0a9948ee34ff9a6e3e242ce8b,,,,,,,Logging Error,Incorrect Image or Config Parsing,,runc,,,,,,"{""symptom_code"": ""C.1"", ""root_cause_code"": ""A.4.2"", ""source_sheet"": ""runc""}",data/raw/issta2024_bugs_in_pods_understanding_bugs/SI Bugs in Pods_ Exploring Bugs in Container Runtime Systems.xlsx,runc,
issta2024_bugs_in_pods_understanding_bugs:ab7f20ffe26a0edf,issta2024_bugs_in_pods_understanding_bugs,runc,5cdf76719ec5b5b4b76ac498c64609beaff1c191,,,,,,,Runtime Daemon Crash,Improper Exception Handling,,runc,,,,,,"{""symptom_code"": ""B.1.2"", ""root_cause_code"": ""A.1"", ""source_sheet"": ""runc""}",data/raw/issta2024_bugs_in_pods_understanding_bugs/SI Bugs in Pods_ Exploring Bugs in Container Runtime Systems.xlsx,runc,
issta2024_bugs_in_pods_understanding_bugs:037caf337f138ca0,issta2024_bugs_in_pods_understanding_bugs,runc,62963fef9f33860eb99b2fa8b238e47bd60afcea,,,,,,,Wrong Container Behavior,Inappropriate Lifecycle Organization,,runc,,,,,,"{""symptom_code"": ""C.2.2"", ""root_cause_code"": ""A.3.2"", ""source_sheet"": ""runc""}",data/raw/issta2024_bugs_in_pods_understanding_bugs/SI Bugs in Pods_ Exploring Bugs in Container Runtime Systems.xlsx,runc,
issta2024_bugs_in_pods_understanding_bugs:8be87668e6498022,issta2024_bugs_in_pods_understanding_bugs,runc,9583b3d1c297021109081872c52302316ede15b1,,,,,,,Wrong Container Behavior,Wrong Code Logic,,runc,,,,,,"{""symptom_code"": ""C.2.2"", ""root_cause_code"": ""A.4.1"", ""source_sheet"": ""runc""}",data/raw/issta2024_bugs_in_pods_understanding_bugs/SI Bugs in Pods_ Exploring Bugs in Container Runtime Systems.xlsx,runc,
issta2024_bugs_in_pods_understanding_bugs:cefdc6c25dd501ca,issta2024_bugs_in_pods_understanding_bugs,runc,2a7dcbbb4039f51c21b2051124ff2ac40a785b46,,,,,,,Incorrect Return Value,Wrong Code Logic,,runc,,,,,,"{""symptom_code"": ""C.2.1"", ""root_cause_code"": ""A.4.1"", ""source_sheet"": ""runc""}",data/raw/issta2024_bugs_in_pods_understanding_bugs/SI Bugs in Pods_ Exploring Bugs in Container Runtime Systems.xlsx,runc,
issta2024_bugs_in_pods_understanding_bugs:647b1c383474a37c,issta2024_bugs_in_pods_understanding_bugs,runc,d7208f59105e079ba037aea05f9d0603ba7f779f,,,,,,,Access Permission Denied,Incorrect Image or Config Parsing,,runc,,,,,,"{""symptom_code"": ""C.3.1"", ""root_cause_code"": ""A.4.2"", ""source_sheet"": ""runc""}",data/raw/issta2024_bugs_in_pods_understanding_bugs/SI Bugs in Pods_ Exploring Bugs in Container Runtime Systems.xlsx,runc,
issta2024_bugs_in_pods_understanding_bugs:d04f0f423caefb60,issta2024_bugs_in_pods_understanding_bugs,runc,fe278b9caae21e048ae83b96815a985826b4c464,,,,,,,Excessive Execution Time,Wrong Code Logic,,runc,,,,,,"{""symptom_code"": ""D.2"", ""root_cause_code"": ""A.4.1"", ""source_sheet"": ""runc""}",data/raw/issta2024_bugs_in_pods_understanding_bugs/SI Bugs in Pods_ Exploring Bugs in Container Runtime Systems.xlsx,runc,
issta2024_bugs_in_pods_understanding_bugs:43caa44a4d773420,issta2024_bugs_in_pods_understanding_bugs,runc,ed9651bc715b767651cc869fb880b64cf12daddb,,,,,,,Incorrect Configuration Effect,Incorrect Image or Config Parsing,,runc,,,,,,"{""symptom_code"": ""C.2.3"", ""root_cause_code"": ""A.4.2"", ""source_sheet"": ""runc""}",data/raw/issta2024_bugs_in_pods_understanding_bugs/SI Bugs in Pods_ Exploring Bugs in Container Runtime Systems.xlsx,runc,
issta2024_bugs_in_pods_understanding_bugs:75167695389f31d3,issta2024_bugs_in_pods_understanding_bugs,runc,82bc89cd10eb5fa5fdb5d77e41b7ea3c07f9d834,,,,,,,Incorrect Configuration Effect,Improper Exception Handling,,runc,,,,,,"{""symptom_code"": ""C.2.3"", ""root_cause_code"": ""A.1"", ""source_sheet"": ""runc""}",data/raw/issta2024_bugs_in_pods_understanding_bugs/SI Bugs in Pods_ Exploring Bugs in Container Runtime Systems.xlsx,runc,
issta2024_bugs_in_pods_understanding_bugs:7ec7020c48ea1d73,issta2024_bugs_in_pods_understanding_bugs,runc,1d18743f9e6767580a4276108e0c977d64fd03b6,,,,,,,Wrong Container Behavior,Inappropriate Lifecycle Organization,,runc,,,,,,"{""symptom_code"": ""C.2.2"", ""root_cause_code"": ""A.3.2"", ""source_sheet"": ""runc""}",data/raw/issta2024_bugs_in_pods_understanding_bugs/SI Bugs in Pods_ Exploring Bugs in Container Runtime Systems.xlsx,runc,
issta2024_bugs_in_pods_understanding_bugs:679638fe611a9ecb,issta2024_bugs_in_pods_understanding_bugs,runc,c2533420613be63ac9a84fc4363b8ddd46568985,,,,,,,Others,Incorrect System Config,,runc,,,,,,"{""symptom_code"": ""C.2.4"", ""root_cause_code"": ""B.2.2"", ""source_sheet"": ""runc""}",data/raw/issta2024_bugs_in_pods_understanding_bugs/SI Bugs in Pods_ Exploring Bugs in Container Runtime Systems.xlsx,runc,
issta2024_bugs_in_pods_understanding_bugs:4df29109233b1703,issta2024_bugs_in_pods_understanding_bugs,runc,c6e8cb79260cdfc435ceecc797efb92cc5977632,,,,,,,Excessive Execution Time,Improper Exception Handling,,runc,,,,,,"{""symptom_code"": ""D.2"", ""root_cause_code"": ""A.1"", ""source_sheet"": ""runc""}",data/raw/issta2024_bugs_in_pods_understanding_bugs/SI Bugs in Pods_ Exploring Bugs in Container Runtime Systems.xlsx,runc,
issta2024_bugs_in_pods_understanding_bugs:7bab80c7cfd26c43,issta2024_bugs_in_pods_understanding_bugs,runc,4ff490460377d1be0075e57598723d7206e555c5,,,,,,,Logging Error,Build Configuration Error,,runc,,,,,,"{""symptom_code"": ""C.1"", ""root_cause_code"": ""B.3"", ""source_sheet"": ""runc""}",data/raw/issta2024_bugs_in_pods_understanding_bugs/SI Bugs in Pods_ Exploring Bugs in Container Runtime Systems.xlsx,runc,
issta2024_bugs_in_pods_understanding_bugs:2a669c63b26e1bad,issta2024_bugs_in_pods_understanding_bugs,runc,b2fc0a589cd03a254e2965796a0ab034ba0e0172,,,,,,,Build Failure,Incorrect 3rd Party Library Usage,,runc,,,,,,"{""symptom_code"": ""A"", ""root_cause_code"": ""A.2"", ""source_sheet"": ""runc""}",data/raw/issta2024_bugs_in_pods_understanding_bugs/SI Bugs in Pods_ Exploring Bugs in Container Runtime Systems.xlsx,runc,
issta2024_bugs_in_pods_understanding_bugs:be714af775c2695d,issta2024_bugs_in_pods_understanding_bugs,runc,8491d33482a4cfd37bad86b75a02c8f63464f427,,,,,,,Access Permission Denied,Inaccurate Permission Assignment,,runc,,,,,,"{""symptom_code"": ""C.3.1"", ""root_cause_code"": ""B.1.2"", ""source_sheet"": ""runc""}",data/raw/issta2024_bugs_in_pods_understanding_bugs/SI Bugs in Pods_ Exploring Bugs in Container Runtime Systems.xlsx,runc,
issta2024_bugs_in_pods_understanding_bugs:7da99048985e6c0c,issta2024_bugs_in_pods_understanding_bugs,runc,0d72adf96dda1b687815bf89bb245b937a2f603c,,,,,,,Escalized Privilege,Wrong Code Logic,,runc,,,,,,"{""symptom_code"": ""C.3.2"", ""root_cause_code"": ""A.4.1"", ""source_sheet"": ""runc""}",data/raw/issta2024_bugs_in_pods_understanding_bugs/SI Bugs in Pods_ Exploring Bugs in Container Runtime Systems.xlsx,runc,
issta2024_bugs_in_pods_understanding_bugs:e5b7f5cde7ac5816,issta2024_bugs_in_pods_understanding_bugs,runc,cecb039d24d9cef17cc37df9d7cd338b83436138,,,,,,,System Communication Error,Incorrect 3rd Party Library Usage,,runc,,,,,,"{""symptom_code"": ""B.1.3"", ""root_cause_code"": ""A.2"", ""source_sheet"": ""runc""}",data/raw/issta2024_bugs_in_pods_understanding_bugs/SI Bugs in Pods_ Exploring Bugs in Container Runtime Systems.xlsx,runc,
issta2024_bugs_in_pods_understanding_bugs:3dcfad46f6288672,issta2024_bugs_in_pods_understanding_bugs,runc,df4eae457b8ccffa619c659c2def5c777d8ff507,,,,,,,Escalized Privilege,Wrong Code Logic,,runc,,,,,,"{""symptom_code"": ""C.3.2"", ""root_cause_code"": ""A.4.1"", ""source_sheet"": ""runc""}",data/raw/issta2024_bugs_in_pods_understanding_bugs/SI Bugs in Pods_ Exploring Bugs in Container Runtime Systems.xlsx,runc,
issta2024_bugs_in_pods_understanding_bugs:ba4ba0d40fe99201,issta2024_bugs_in_pods_understanding_bugs,runc,2e44a2028077685cde67d7988f95ce66110be5ae,,,,,,,Incorrect Configuration Effect,Incorrect Image or Config Parsing,,runc,,,,,,"{""symptom_code"": ""C.2.3"", ""root_cause_code"": ""A.4.2"", ""source_sheet"": ""runc""}",data/raw/issta2024_bugs_in_pods_understanding_bugs/SI Bugs in Pods_ Exploring Bugs in Container Runtime Systems.xlsx,runc,
issta2024_bugs_in_pods_understanding_bugs:5a744344e417ab26,issta2024_bugs_in_pods_understanding_bugs,runc,92a4ccb84ebfe239e1a62a147ac3c36c72b703ae,,,,,,,Incorrect Configuration Effect,Incorrect Mount Options,,runc,,,,,,"{""symptom_code"": ""C.2.3"", ""root_cause_code"": ""B.1.1"", ""source_sheet"": ""runc""}",data/raw/issta2024_bugs_in_pods_understanding_bugs/SI Bugs in Pods_ Exploring Bugs in Container Runtime Systems.xlsx,runc,
issta2024_bugs_in_pods_understanding_bugs:c9e22783ca8d4724,issta2024_bugs_in_pods_understanding_bugs,runc,2adeb6f9525d2444277c10a14e613b9ee536d291,,,,,,,Others,Wrong Code Logic,,runc,,,,,,"{""symptom_code"": ""C.2.4"", ""root_cause_code"": ""A.4.1"", ""source_sheet"": ""runc""}",data/raw/issta2024_bugs_in_pods_understanding_bugs/SI Bugs in Pods_ Exploring Bugs in Container Runtime Systems.xlsx,runc,
issta2024_bugs_in_pods_understanding_bugs:988c1514b485dbe1,issta2024_bugs_in_pods_understanding_bugs,runc,42dffaaa4ebeabda38d14967836128042226c35f,,,,,,,Build Failure,Build Configuration Error,,runc,,,,,,"{""symptom_code"": ""A"", ""root_cause_code"": ""B.3"", ""source_sheet"": ""runc""}",data/raw/issta2024_bugs_in_pods_understanding_bugs/SI Bugs in Pods_ Exploring Bugs in Container Runtime Systems.xlsx,runc,
issta2024_bugs_in_pods_understanding_bugs:23628d37a682a347,issta2024_bugs_in_pods_understanding_bugs,runc,7e5e017dbab0f6ecb2c4b63c29c5ac44fc4e6ec6,,,,,,,Access Permission Denied,Wrong Code Logic,,runc,,,,,,"{""symptom_code"": ""C.3.1"", ""root_cause_code"": ""A.4.1"", ""source_sheet"": ""runc""}",data/raw/issta2024_bugs_in_pods_understanding_bugs/SI Bugs in Pods_ Exploring Bugs in Container Runtime Systems.xlsx,runc,
issta2024_bugs_in_pods_understanding_bugs:3d3b8fd13c7b7bae,issta2024_bugs_in_pods_understanding_bugs,runc,5ce511d6a65809be3fc58f8e2df585abb9c616d6,,,,,,,Wrong Container Behavior,Improper Exception Handling,,runc,,,,,,"{""symptom_code"": ""C.2.2"", ""root_cause_code"": ""A.1"", ""source_sheet"": ""runc""}",data/raw/issta2024_bugs_in_pods_understanding_bugs/SI Bugs in Pods_ Exploring Bugs in Container Runtime Systems.xlsx,runc,
issta2024_bugs_in_pods_understanding_bugs:2b8074c5a279adf3,issta2024_bugs_in_pods_understanding_bugs,runc,e29e57b5fcf88cca25c669360b2db10eb2cf4ec0,,,,,,,Build Failure,Build Configuration Error,,runc,,,,,,"{""symptom_code"": ""A"", ""root_cause_code"": ""B.3"", ""source_sheet"": ""runc""}",data/raw/issta2024_bugs_in_pods_understanding_bugs/SI Bugs in Pods_ Exploring Bugs in Container Runtime Systems.xlsx,runc,
issta2024_bugs_in_pods_understanding_bugs:20b137ebb992b75a,issta2024_bugs_in_pods_understanding_bugs,runc,382eba4354d764aaffec82720c23ef429496acf9,,,,,,,Escalized Privilege,Incorrect Image or Config Parsing,,runc,,,,,,"{""symptom_code"": ""C.3.2"", ""root_cause_code"": ""A.4.2"", ""source_sheet"": ""runc""}",data/raw/issta2024_bugs_in_pods_understanding_bugs/SI Bugs in Pods_ Exploring Bugs in Container Runtime Systems.xlsx,runc,
issta2024_bugs_in_pods_understanding_bugs:150087cc445c07d0,issta2024_bugs_in_pods_understanding_bugs,runc,dde509df4e28cec33b3c99c6cda3d4fd5beafc77,,,,,,,Incorrect Configuration Effect,Wrong Code Logic,,runc,,,,,,"{""symptom_code"": ""C.2.3"", ""root_cause_code"": ""A.4.1"", ""source_sheet"": ""runc""}",data/raw/issta2024_bugs_in_pods_understanding_bugs/SI Bugs in Pods_ Exploring Bugs in Container Runtime Systems.xlsx,runc,
issta2024_bugs_in_pods_understanding_bugs:54f359ffd9c7742a,issta2024_bugs_in_pods_understanding_bugs,runc,b247cd392a833b26751b946c4dec35126c40ec8b,,,,,,,Wrong Container Behavior,Incorrect Mount Options,,runc,,,,,,"{""symptom_code"": ""C.2.2"", ""root_cause_code"": ""B.1.1"", ""source_sheet"": ""runc""}",data/raw/issta2024_bugs_in_pods_understanding_bugs/SI Bugs in Pods_ Exploring Bugs in Container Runtime Systems.xlsx,runc,
issta2024_bugs_in_pods_understanding_bugs:53cf9ea99bfd32b1,issta2024_bugs_in_pods_understanding_bugs,runc,6907becaf9e124958225050eb8cf8cf32f0050e1,,,,,,,Excessive Execution Time,Wrong Code Logic,,runc,,,,,,"{""symptom_code"": ""D.2"", ""root_cause_code"": ""A.4.1"", ""source_sheet"": ""runc""}",data/raw/issta2024_bugs_in_pods_understanding_bugs/SI Bugs in Pods_ Exploring Bugs in Container Runtime Systems.xlsx,runc,
issta2024_bugs_in_pods_understanding_bugs:52f56d48fce560f0,issta2024_bugs_in_pods_understanding_bugs,runc,7563a8f06de34cbfda74e9b01a5a1c5af6ec14e1,,,,,,,Incorrect Return Value,Improper Exception Handling,,runc,,,,,,"{""symptom_code"": ""C.2.1"", ""root_cause_code"": ""A.1"", ""source_sheet"": ""runc""}",data/raw/issta2024_bugs_in_pods_understanding_bugs/SI Bugs in Pods_ Exploring Bugs in Container Runtime Systems.xlsx,runc,
issta2024_bugs_in_pods_understanding_bugs:32cfb7cfdd306c65,issta2024_bugs_in_pods_understanding_bugs,runc,d08bc0c1b3bb2bd3370b80ecc2ace934ce7496c0,,,,,,,Wrong Container Behavior,Incorrect Image or Config Parsing,,runc,,,,,,"{""symptom_code"": ""C.2.2"", ""root_cause_code"": ""A.4.2"", ""source_sheet"": ""runc""}",data/raw/issta2024_bugs_in_pods_understanding_bugs/SI Bugs in Pods_ Exploring Bugs in Container Runtime Systems.xlsx,runc,
issta2024_bugs_in_pods_understanding_bugs:9f2d9b62a30969f5,issta2024_bugs_in_pods_understanding_bugs,runc,794cd66df87b34217fdf2f64d23afa0a7453bd0c,,,,,,,Runtime Daemon Crash,Improper Exception Handling,,runc,,,,,,"{""symptom_code"": ""B.1.2"", ""root_cause_code"": ""A.1"", ""source_sheet"": ""runc""}",data/raw/issta2024_bugs_in_pods_understanding_bugs/SI Bugs in Pods_ Exploring Bugs in Container Runtime Systems.xlsx,runc,
issta2024_bugs_in_pods_understanding_bugs:f27043e5af4ed0ad,issta2024_bugs_in_pods_understanding_bugs,runc,916c6a15397451e8d39f8d3f0134d9cfc776cb96,,,,,,,Runtime Daemon Crash,Incorrect 3rd Party Library Usage,,runc,,,,,,"{""symptom_code"": ""B.1.2"", ""root_cause_code"": ""A.2"", ""source_sheet"": ""runc""}",data/raw/issta2024_bugs_in_pods_understanding_bugs/SI Bugs in Pods_ Exploring Bugs in Container Runtime Systems.xlsx,runc,
issta2024_bugs_in_pods_understanding_bugs:c37f1d94aec8375e,issta2024_bugs_in_pods_understanding_bugs,runc,2e0ceaa9352fb0f2399c1622fc814dcb87bc7b0b,,,,,,,Incorrect Configuration Effect,Plugin Config Error,,runc,,,,,,"{""symptom_code"": ""C.2.3"", ""root_cause_code"": ""B.2.1"", ""source_sheet"": ""runc""}",data/raw/issta2024_bugs_in_pods_understanding_bugs/SI Bugs in Pods_ Exploring Bugs in Container Runtime Systems.xlsx,runc,
issta2024_bugs_in_pods_understanding_bugs:9d9294329966583c,issta2024_bugs_in_pods_understanding_bugs,runc,f95063ede4a90cc6c637591169ad87b0086e164b,,,,,,,Build Failure,Build Configuration Error,,runc,,,,,,"{""symptom_code"": ""A"", ""root_cause_code"": ""B.3"", ""source_sheet"": ""runc""}",data/raw/issta2024_bugs_in_pods_understanding_bugs/SI Bugs in Pods_ Exploring Bugs in Container Runtime Systems.xlsx,runc,
issta2024_bugs_in_pods_understanding_bugs:380e1fc4a1aafb55,issta2024_bugs_in_pods_understanding_bugs,runc,7758d3fb028d686696a263851679a5d5a7665eae,,,,,,,Wrong Container Behavior,Wrong Code Logic,,runc,,,,,,"{""symptom_code"": ""C.2.2"", ""root_cause_code"": ""A.4.1"", ""source_sheet"": ""runc""}",data/raw/issta2024_bugs_in_pods_understanding_bugs/SI Bugs in Pods_ Exploring Bugs in Container Runtime Systems.xlsx,runc,
issta2024_bugs_in_pods_understanding_bugs:72decb5f79b241dc,issta2024_bugs_in_pods_understanding_bugs,runc,9a2146fa3de5c50bf5c6c02fdbf2e0e3014948e7,,,,,,,Runtime Daemon Crash,Inappropriate Lifecycle Organization,,runc,,,,,,"{""symptom_code"": ""B.1.2"", ""root_cause_code"": ""A.3.2"", ""source_sheet"": ""runc""}",data/raw/issta2024_bugs_in_pods_understanding_bugs/SI Bugs in Pods_ Exploring Bugs in Container Runtime Systems.xlsx,runc,
issta2024_bugs_in_pods_understanding_bugs:f5c1dd5ffce0cb2c,issta2024_bugs_in_pods_understanding_bugs,runc,6806b2c1c43c8f48b39ee8160a61ec62112d4b20,,,,,,,Wrong Container Behavior,Inappropriate Lifecycle Organization,,runc,,,,,,"{""symptom_code"": ""C.2.2"", ""root_cause_code"": ""A.3.2"", ""source_sheet"": ""runc""}",data/raw/issta2024_bugs_in_pods_understanding_bugs/SI Bugs in Pods_ Exploring Bugs in Container Runtime Systems.xlsx,runc,
issta2024_bugs_in_pods_understanding_bugs:fd596d80228fbe4e,issta2024_bugs_in_pods_understanding_bugs,runc,39d0ee18e9d90da2ac876a6aa58e43041938eb7d,,,,,,,Build Failure,Build Configuration Error,,runc,,,,,,"{""symptom_code"": ""A"", ""root_cause_code"": ""B.3"", ""source_sheet"": ""runc""}",data/raw/issta2024_bugs_in_pods_understanding_bugs/SI Bugs in Pods_ Exploring Bugs in Container Runtime Systems.xlsx,runc,
issta2024_bugs_in_pods_understanding_bugs:7fe70a72d86ec9ee,issta2024_bugs_in_pods_understanding_bugs,runc,1b2adcfe5620cac8ce3e52ea066161c72431f74c,,,,,,,Incorrect Configuration Effect,Wrong Code Logic,,runc,,,,,,"{""symptom_code"": ""C.2.3"", ""root_cause_code"": ""A.4.1"", ""source_sheet"": ""runc""}",data/raw/issta2024_bugs_in_pods_understanding_bugs/SI Bugs in Pods_ Exploring Bugs in Container Runtime Systems.xlsx,runc,
issta2024_bugs_in_pods_understanding_bugs:9f69627d49730d28,issta2024_bugs_in_pods_understanding_bugs,runc,41043673b711d9f442ef23d11a67b073914e78f8,,,,,,,Wrong Container Behavior,Inappropriate Lifecycle Organization,,runc,,,,,,"{""symptom_code"": ""C.2.2"", ""root_cause_code"": ""A.3.2"", ""source_sheet"": ""runc""}",data/raw/issta2024_bugs_in_pods_understanding_bugs/SI Bugs in Pods_ Exploring Bugs in Container Runtime Systems.xlsx,runc,
issta2024_bugs_in_pods_understanding_bugs:3cebd7906dc84bc5,issta2024_bugs_in_pods_understanding_bugs,runc,515082102e08250f13df90426b80d58221f0636e,,,,,,,Incorrect Return Value,Improper Exception Handling,,runc,,,,,,"{""symptom_code"": ""C.2.1"", ""root_cause_code"": ""A.1"", ""source_sheet"": ""runc""}",data/raw/issta2024_bugs_in_pods_understanding_bugs/SI Bugs in Pods_ Exploring Bugs in Container Runtime Systems.xlsx,runc,
issta2024_bugs_in_pods_understanding_bugs:2837c2cbb2ce26ca,issta2024_bugs_in_pods_understanding_bugs,runc,2bab4a56f14b544ac6c680a7a8ef2acc6dde0b57,,,,,,,Logging Error,Improper Exception Handling,,runc,,,,,,"{""symptom_code"": ""C.1"", ""root_cause_code"": ""A.1"", ""source_sheet"": ""runc""}",data/raw/issta2024_bugs_in_pods_understanding_bugs/SI Bugs in Pods_ Exploring Bugs in Container Runtime Systems.xlsx,runc,
issta2024_bugs_in_pods_understanding_bugs:90ed8e703310932e,issta2024_bugs_in_pods_understanding_bugs,runc,5dd92fd9b454e35ee543ced670f84344de67c902,,,,,,,Runtime Daemon Crash,Incorrect 3rd Party Library Usage,,runc,,,,,,"{""symptom_code"": ""B.1.2"", ""root_cause_code"": ""A.2"", ""source_sheet"": ""runc""}",data/raw/issta2024_bugs_in_pods_understanding_bugs/SI Bugs in Pods_ Exploring Bugs in Container Runtime Systems.xlsx,runc,
issta2024_bugs_in_pods_understanding_bugs:2b3c858c15bd03bb,issta2024_bugs_in_pods_understanding_bugs,runc,39914db679b008d7400a165b974f5d7ceec19e1f,,,,,,,Wrong Container Behavior,Incorrect Image or Config Parsing,,runc,,,,,,"{""symptom_code"": ""C.2.2"", ""root_cause_code"": ""A.4.2"", ""source_sheet"": ""runc""}",data/raw/issta2024_bugs_in_pods_understanding_bugs/SI Bugs in Pods_ Exploring Bugs in Container Runtime Systems.xlsx,runc,
issta2024_bugs_in_pods_understanding_bugs:32a8dcf997107ff3,issta2024_bugs_in_pods_understanding_bugs,runc,6145628fff2fe33b8649f8a8fcc1e191c4550741,,,,,,,Incorrect Return Value,Improper Exception Handling,,runc,,,,,,"{""symptom_code"": ""C.2.1"", ""root_cause_code"": ""A.1"", ""source_sheet"": ""runc""}",data/raw/issta2024_bugs_in_pods_understanding_bugs/SI Bugs in Pods_ Exploring Bugs in Container Runtime Systems.xlsx,runc,
issta2024_bugs_in_pods_understanding_bugs:dafbc69911fe3579,issta2024_bugs_in_pods_understanding_bugs,runc,bd50e7c420457a25212ddb02cb91996a714a8237,,,,,,,Access Permission Denied,Wrong Code Logic,,runc,,,,,,"{""symptom_code"": ""C.3.1"", ""root_cause_code"": ""A.4.1"", ""source_sheet"": ""runc""}",data/raw/issta2024_bugs_in_pods_understanding_bugs/SI Bugs in Pods_ Exploring Bugs in Container Runtime Systems.xlsx,runc,
issta2024_bugs_in_pods_understanding_bugs:c76ec72e70324e99,issta2024_bugs_in_pods_understanding_bugs,runc,c2d9668cc587fe2314e5329550d4cf5e97aea958,,,,,,,Escalized Privilege,Wrong Code Logic,,runc,,,,,,"{""symptom_code"": ""C.3.2"", ""root_cause_code"": ""A.4.1"", ""source_sheet"": ""runc""}",data/raw/issta2024_bugs_in_pods_understanding_bugs/SI Bugs in Pods_ Exploring Bugs in Container Runtime Systems.xlsx,runc,
issta2024_bugs_in_pods_understanding_bugs:826554cf42e76927,issta2024_bugs_in_pods_understanding_bugs,runc,67cfd3d400b5602ae04689882c4b7231db369363,,,,,,,Excessive Execution Time,Inappropriate Lifecycle Organization,,runc,,,,,,"{""symptom_code"": ""D.2"", ""root_cause_code"": ""A.3.2"", ""source_sheet"": ""runc""}",data/raw/issta2024_bugs_in_pods_understanding_bugs/SI Bugs in Pods_ Exploring Bugs in Container Runtime Systems.xlsx,runc,
issta2024_bugs_in_pods_understanding_bugs:fe6ae55350741f84,issta2024_bugs_in_pods_understanding_bugs,runc,24d5daf54d0b009e4d1a3c72ee72e308e148471b,,,,,,,Incorrect Configuration Effect,Incorrect 3rd Party Library Usage,,runc,,,,,,"{""symptom_code"": ""C.2.3"", ""root_cause_code"": ""A.2"", ""source_sheet"": ""runc""}",data/raw/issta2024_bugs_in_pods_understanding_bugs/SI Bugs in Pods_ Exploring Bugs in Container Runtime Systems.xlsx,runc,
issta2024_bugs_in_pods_understanding_bugs:42a268c146bba897,issta2024_bugs_in_pods_understanding_bugs,runc,83776dd8b30eb3771bbd0207e30d08f30943cc64,,,,,,,Logging Error,Incorrect Image or Config Parsing,,runc,,,,,,"{""symptom_code"": ""C.1"", ""root_cause_code"": ""A.4.2"", ""source_sheet"": ""runc""}",data/raw/issta2024_bugs_in_pods_understanding_bugs/SI Bugs in Pods_ Exploring Bugs in Container Runtime Systems.xlsx,runc,
issta2024_bugs_in_pods_understanding_bugs:f3257af2a9e8c05d,issta2024_bugs_in_pods_understanding_bugs,runc,feff2c451ecd2d27ac176da522380a472848bd2e,,,,,,,Runtime Daemon Crash,Wrong Code Logic,,runc,,,,,,"{""symptom_code"": ""B.1.2"", ""root_cause_code"": ""A.4.1"", ""source_sheet"": ""runc""}",data/raw/issta2024_bugs_in_pods_understanding_bugs/SI Bugs in Pods_ Exploring Bugs in Container Runtime Systems.xlsx,runc,
issta2024_bugs_in_pods_understanding_bugs:42b4f6a91d3d3e6f,issta2024_bugs_in_pods_understanding_bugs,runc,7be93a66b9f391c0bf6add035214c5622908c3d5,,,,,,,Incorrect Return Value,Improper Exception Handling,,runc,,,,,,"{""symptom_code"": ""C.2.1"", ""root_cause_code"": ""A.1"", ""source_sheet"": ""runc""}",data/raw/issta2024_bugs_in_pods_understanding_bugs/SI Bugs in Pods_ Exploring Bugs in Container Runtime Systems.xlsx,runc,
issta2024_bugs_in_pods_understanding_bugs:1939f0de3aad563d,issta2024_bugs_in_pods_understanding_bugs,runc,825335b2b7da9622877a54a029f71e231fd3ec48,,,,,,,Incorrect Return Value,Improper Exception Handling,,runc,,,,,,"{""symptom_code"": ""C.2.1"", ""root_cause_code"": ""A.1"", ""source_sheet"": ""runc""}",data/raw/issta2024_bugs_in_pods_understanding_bugs/SI Bugs in Pods_ Exploring Bugs in Container Runtime Systems.xlsx,runc,
issta2024_bugs_in_pods_understanding_bugs:e5d5cf677096fb22,issta2024_bugs_in_pods_understanding_bugs,runc,30d83d4d2fa046349bfe4fac7ae9ce6d7549d638,,,,,,,Incorrect Return Value,Wrong Code Logic,,runc,,,,,,"{""symptom_code"": ""C.2.1"", ""root_cause_code"": ""A.4.1"", ""source_sheet"": ""runc""}",data/raw/issta2024_bugs_in_pods_understanding_bugs/SI Bugs in Pods_ Exploring Bugs in Container Runtime Systems.xlsx,runc,
issta2024_bugs_in_pods_understanding_bugs:2936327a9c25e98d,issta2024_bugs_in_pods_understanding_bugs,runc,bd8e070109cd893f4d9a858c97f4b18a6b8d703b,,,,,,,Wrong Container Behavior,Wrong Code Logic,,runc,,,,,,"{""symptom_code"": ""C.2.2"", ""root_cause_code"": ""A.4.1"", ""source_sheet"": ""runc""}",data/raw/issta2024_bugs_in_pods_understanding_bugs/SI Bugs in Pods_ Exploring Bugs in Container Runtime Systems.xlsx,runc,
issta2024_bugs_in_pods_understanding_bugs:cbea1751a639394c,issta2024_bugs_in_pods_understanding_bugs,runc,d06bda60c55cca15a4053ef4c953dbff329c5ec5,,,,,,,Wrong Container Behavior,Incorrect System Config,,runc,,,,,,"{""symptom_code"": ""C.2.2"", ""root_cause_code"": ""B.2.2"", ""source_sheet"": ""runc""}",data/raw/issta2024_bugs_in_pods_understanding_bugs/SI Bugs in Pods_ Exploring Bugs in Container Runtime Systems.xlsx,runc,
issta2024_bugs_in_pods_understanding_bugs:9d67b64c048755eb,issta2024_bugs_in_pods_understanding_bugs,runc,535f25c44f7f98257590780b77937a166b653825,,,,,,,Incorrect Configuration Effect,Incorrect 3rd Party Library Usage,,runc,,,,,,"{""symptom_code"": ""C.2.3"", ""root_cause_code"": ""A.2"", ""source_sheet"": ""runc""}",data/raw/issta2024_bugs_in_pods_understanding_bugs/SI Bugs in Pods_ Exploring Bugs in Container Runtime Systems.xlsx,runc,
issta2024_bugs_in_pods_understanding_bugs:e39a602aa8536d83,issta2024_bugs_in_pods_understanding_bugs,runc,b2d28c5df2c34c987b4c4c3025aa7657a2dcd3b4,,,,,,,Wrong Container Behavior,Incorrect Image or Config Parsing,,runc,,,,,,"{""symptom_code"": ""C.2.2"", ""root_cause_code"": ""A.4.2"", ""source_sheet"": ""runc""}",data/raw/issta2024_bugs_in_pods_understanding_bugs/SI Bugs in Pods_ Exploring Bugs in Container Runtime Systems.xlsx,runc,
issta2024_bugs_in_pods_understanding_bugs:2398733c89db176f,issta2024_bugs_in_pods_understanding_bugs,runc,0fef122f87f804037f4a16bbf4f41044d4d4e92c,,,,,,,Runtime Daemon Crash,Unsafe API Usage,,runc,,,,,,"{""symptom_code"": ""B.1.2"", ""root_cause_code"": ""A.3.1"", ""source_sheet"": ""runc""}",data/raw/issta2024_bugs_in_pods_understanding_bugs/SI Bugs in Pods_ Exploring Bugs in Container Runtime Systems.xlsx,runc,
issta2024_bugs_in_pods_understanding_bugs:a2538298dd15d45c,issta2024_bugs_in_pods_understanding_bugs,runc,0d62b950e60f6980b54fe3bafd9a9c608dc1df17,,,,,,,Escalized Privilege,Incorrect Mount Options,,runc,,,,,,"{""symptom_code"": ""C.3.2"", ""root_cause_code"": ""B.1.1"", ""source_sheet"": ""runc""}",data/raw/issta2024_bugs_in_pods_understanding_bugs/SI Bugs in Pods_ Exploring Bugs in Container Runtime Systems.xlsx,runc,
issta2024_bugs_in_pods_understanding_bugs:5ede6c6db49ccb22,issta2024_bugs_in_pods_understanding_bugs,runc,d04de3a9b72d7a2455c1885fc75eb36d02cd17b5,,,,,,,Incorrect Configuration Effect,Inappropriate Lifecycle Organization,,runc,,,,,,"{""symptom_code"": ""C.2.3"", ""root_cause_code"": ""A.3.2"", ""source_sheet"": ""runc""}",data/raw/issta2024_bugs_in_pods_understanding_bugs/SI Bugs in Pods_ Exploring Bugs in Container Runtime Systems.xlsx,runc,
issta2024_bugs_in_pods_understanding_bugs:651f554578b3efe2,issta2024_bugs_in_pods_understanding_bugs,runc,d72d057ba794164c3cce9451a00b72a78b25e1ae,,,,,,,Out of Memory,Unsafe API Usage,,runc,,,,,,"{""symptom_code"": ""D.3.1"", ""root_cause_code"": ""A.3.1"", ""source_sheet"": ""runc""}",data/raw/issta2024_bugs_in_pods_understanding_bugs/SI Bugs in Pods_ Exploring Bugs in Container Runtime Systems.xlsx,runc,
issta2024_bugs_in_pods_understanding_bugs:08105a1c83201422,issta2024_bugs_in_pods_understanding_bugs,runc,0abab45c9b97c113ff2cdc16f3a7388444c3fbec,,,,,,,Escalized Privilege,Wrong Code Logic,,runc,,,,,,"{""symptom_code"": ""C.3.2"", ""root_cause_code"": ""A.4.1"", ""source_sheet"": ""runc""}",data/raw/issta2024_bugs_in_pods_understanding_bugs/SI Bugs in Pods_ Exploring Bugs in Container Runtime Systems.xlsx,runc,
issta2024_bugs_in_pods_understanding_bugs:633b3be382bbc559,issta2024_bugs_in_pods_understanding_bugs,runc,None,,,,,,,,,,runc,,,,,,"{""symptom_code"": """", ""root_cause_code"": """", ""source_sheet"": ""runc""}",data/raw/issta2024_bugs_in_pods_understanding_bugs/SI Bugs in Pods_ Exploring Bugs in Container Runtime Systems.xlsx,runc,
issta2024_bugs_in_pods_understanding_bugs:633b3be382bbc559,issta2024_bugs_in_pods_understanding_bugs,runc,None,,,,,,,,,,runc,,,,,,"{""symptom_code"": """", ""root_cause_code"": """", ""source_sheet"": ""runc""}",data/raw/issta2024_bugs_in_pods_understanding_bugs/SI Bugs in Pods_ Exploring Bugs in Container Runtime Systems.xlsx,runc,
issta2024_bugs_in_pods_understanding_bugs:633b3be382bbc559,issta2024_bugs_in_pods_understanding_bugs,runc,None,,,,,,,,,,runc,,,,,,"{""symptom_code"": """", ""root_cause_code"": """", ""source_sheet"": ""runc""}",data/raw/issta2024_bugs_in_pods_understanding_bugs/SI Bugs in Pods_ Exploring Bugs in Container Runtime Systems.xlsx,runc,
issta2024_bugs_in_pods_understanding_bugs:633b3be382bbc559,issta2024_bugs_in_pods_understanding_bugs,runc,None,,,,,,,,,,runc,,,,,,"{""symptom_code"": """", ""root_cause_code"": """", ""source_sheet"": ""runc""}",data/raw/issta2024_bugs_in_pods_understanding_bugs/SI Bugs in Pods_ Exploring Bugs in Container Runtime Systems.xlsx,runc,
issta2024_bugs_in_pods_understanding_bugs:633b3be382bbc559,issta2024_bugs_in_pods_understanding_bugs,runc,None,,,,,,,,,,runc,,,,,,"{""symptom_code"": """", ""root_cause_code"": """", ""source_sheet"": ""runc""}",data/raw/issta2024_bugs_in_pods_understanding_bugs/SI Bugs in Pods_ Exploring Bugs in Container Runtime Systems.xlsx,runc,
issta2024_bugs_in_pods_understanding_bugs:633b3be382bbc559,issta2024_bugs_in_pods_understanding_bugs,runc,None,,,,,,,,,,runc,,,,,,"{""symptom_code"": """", ""root_cause_code"": """", ""source_sheet"": ""runc""}",data/raw/issta2024_bugs_in_pods_understanding_bugs/SI Bugs in Pods_ Exploring Bugs in Container Runtime Systems.xlsx,runc,
issta2024_bugs_in_pods_understanding_bugs:633b3be382bbc559,issta2024_bugs_in_pods_understanding_bugs,runc,None,,,,,,,,,,runc,,,,,,"{""symptom_code"": """", ""root_cause_code"": """", ""source_sheet"": ""runc""}",data/raw/issta2024_bugs_in_pods_understanding_bugs/SI Bugs in Pods_ Exploring Bugs in Container Runtime Systems.xlsx,runc,
issta2024_bugs_in_pods_understanding_bugs:633b3be382bbc559,issta2024_bugs_in_pods_understanding_bugs,runc,None,,,,,,,,,,runc,,,,,,"{""symptom_code"": """", ""root_cause_code"": """", ""source_sheet"": ""runc""}",data/raw/issta2024_bugs_in_pods_understanding_bugs/SI Bugs in Pods_ Exploring Bugs in Container Runtime Systems.xlsx,runc,
issta2024_bugs_in_pods_understanding_bugs:633b3be382bbc559,issta2024_bugs_in_pods_understanding_bugs,runc,None,,,,,,,,,,runc,,,,,,"{""symptom_code"": """", ""root_cause_code"": """", ""source_sheet"": ""runc""}",data/raw/issta2024_bugs_in_pods_understanding_bugs/SI Bugs in Pods_ Exploring Bugs in Container Runtime Systems.xlsx,runc,
issta2024_bugs_in_pods_understanding_bugs:633b3be382bbc559,issta2024_bugs_in_pods_understanding_bugs,runc,None,,,,,,,,,,runc,,,,,,"{""symptom_code"": """", ""root_cause_code"": """", ""source_sheet"": ""runc""}",data/raw/issta2024_bugs_in_pods_understanding_bugs/SI Bugs in Pods_ Exploring Bugs in Container Runtime Systems.xlsx,runc,
issta2024_bugs_in_pods_understanding_bugs:633b3be382bbc559,issta2024_bugs_in_pods_understanding_bugs,runc,None,,,,,,,,,,runc,,,,,,"{""symptom_code"": """", ""root_cause_code"": """", ""source_sheet"": ""runc""}",data/raw/issta2024_bugs_in_pods_understanding_bugs/SI Bugs in Pods_ Exploring Bugs in Container Runtime Systems.xlsx,runc,
issta2024_bugs_in_pods_understanding_bugs:85ede74099f4e0ec,issta2024_bugs_in_pods_understanding_bugs,gvisor,158636229e87a4618ba039bd5ca9bf9eaac89f3d,,,,,,,Logging Error,Wrong Code Logic,,gvisor,,,,,,"{""symptom_code"": ""C.1"", ""root_cause_code"": ""A.4.1"", ""source_sheet"": ""gvisor""}",data/raw/issta2024_bugs_in_pods_understanding_bugs/SI Bugs in Pods_ Exploring Bugs in Container Runtime Systems.xlsx,gvisor,
issta2024_bugs_in_pods_understanding_bugs:e0e8b5820b20eb04,issta2024_bugs_in_pods_understanding_bugs,gvisor,43c2313098c405f1fbb3a4160747a13f696fd691,,,,,,,Wrong Container Behavior,Wrong Code Logic,,gvisor,,,,,,"{""symptom_code"": ""C.2.2"", ""root_cause_code"": ""A.4.1"", ""source_sheet"": ""gvisor""}",data/raw/issta2024_bugs_in_pods_understanding_bugs/SI Bugs in Pods_ Exploring Bugs in Container Runtime Systems.xlsx,gvisor,
issta2024_bugs_in_pods_understanding_bugs:942c3dc0d9ef35df,issta2024_bugs_in_pods_understanding_bugs,gvisor,ed528835f7530e1782a49985d074f6707fb658a6,,,,,,,Incorrect Configuration Effect,Inappropriate Lifecycle Organization,,gvisor,,,,,,"{""symptom_code"": ""C.2.3"", ""root_cause_code"": ""A.3.2"", ""source_sheet"": ""gvisor""}",data/raw/issta2024_bugs_in_pods_understanding_bugs/SI Bugs in Pods_ Exploring Bugs in Container Runtime Systems.xlsx,gvisor,
issta2024_bugs_in_pods_understanding_bugs:a0bec8d435a623d8,issta2024_bugs_in_pods_understanding_bugs,gvisor,2936774db630fc1499f86a297c8ab652872b7709,,,,,,,System Communication Error,Inappropriate Lifecycle Organization,,gvisor,,,,,,"{""symptom_code"": ""B.1.3"", ""root_cause_code"": ""A.3.2"", ""source_sheet"": ""gvisor""}",data/raw/issta2024_bugs_in_pods_understanding_bugs/SI Bugs in Pods_ Exploring Bugs in Container Runtime Systems.xlsx,gvisor,
issta2024_bugs_in_pods_understanding_bugs:e5fbc77bacd02494,issta2024_bugs_in_pods_understanding_bugs,gvisor,283b80a456aaf4d8881301bd3bceb65fe7300185,,,,,,,Escalized Privilege,Wrong Code Logic,,gvisor,,,,,,"{""symptom_code"": ""C.3.2"", ""root_cause_code"": ""A.4.1"", ""source_sheet"": ""gvisor""}",data/raw/issta2024_bugs_in_pods_understanding_bugs/SI Bugs in Pods_ Exploring Bugs in Container Runtime Systems.xlsx,gvisor,
issta2024_bugs_in_pods_understanding_bugs:66bb0c1eced7d1f1,issta2024_bugs_in_pods_understanding_bugs,gvisor,ef20c9dc1909296ee67b3cd477d3d58c30d74e16,,,,,,,Incorrect Return Value,Incorrect System Config,,gvisor,,,,,,"{""symptom_code"": ""C.2.1"", ""root_cause_code"": ""B.2.2"", ""source_sheet"": ""gvisor""}",data/raw/issta2024_bugs_in_pods_understanding_bugs/SI Bugs in Pods_ Exploring Bugs in Container Runtime Systems.xlsx,gvisor,
issta2024_bugs_in_pods_understanding_bugs:587473f72e0e5d42,issta2024_bugs_in_pods_understanding_bugs,gvisor,547c4ead338065e0a019538f5164d76c7760615c,,,,,,,Incorrect Return Value,Others,,gvisor,,,,,,"{""symptom_code"": ""C.2.1"", ""root_cause_code"": ""C"", ""source_sheet"": ""gvisor""}",data/raw/issta2024_bugs_in_pods_understanding_bugs/SI Bugs in Pods_ Exploring Bugs in Container Runtime Systems.xlsx,gvisor,
issta2024_bugs_in_pods_understanding_bugs:444e6b7c9f167921,issta2024_bugs_in_pods_understanding_bugs,gvisor,84ae86471514eaa39d3a21aa706a1d9974561368,,,,,,,Incorrect Return Value,Wrong Code Logic,,gvisor,,,,,,"{""symptom_code"": ""C.2.1"", ""root_cause_code"": ""A.4.1"", ""source_sheet"": ""gvisor""}",data/raw/issta2024_bugs_in_pods_understanding_bugs/SI Bugs in Pods_ Exploring Bugs in Container Runtime Systems.xlsx,gvisor,
issta2024_bugs_in_pods_understanding_bugs:431bdf4693cc4599,issta2024_bugs_in_pods_understanding_bugs,gvisor,662298fd588b2a844884b13646ec352956bbb130,,,,,,,Wrong Container Behavior,Wrong Code Logic,,gvisor,,,,,,"{""symptom_code"": ""C.2.2"", ""root_cause_code"": ""A.4.1"", ""source_sheet"": ""gvisor""}",data/raw/issta2024_bugs_in_pods_understanding_bugs/SI Bugs in Pods_ Exploring Bugs in Container Runtime Systems.xlsx,gvisor,
issta2024_bugs_in_pods_understanding_bugs:4b3060b4607afcfb,issta2024_bugs_in_pods_understanding_bugs,gvisor,d2b48375709b96fb2e353aeb393b48bea271ea80,,,,,,,Plugin Management Error,Incorrect 3rd Party Library Usage,,gvisor,,,,,,"{""symptom_code"": ""B.1.1"", ""root_cause_code"": ""A.2"", ""source_sheet"": ""gvisor""}",data/raw/issta2024_bugs_in_pods_understanding_bugs/SI Bugs in Pods_ Exploring Bugs in Container Runtime Systems.xlsx,gvisor,
issta2024_bugs_in_pods_understanding_bugs:2e98557217d5b01d,issta2024_bugs_in_pods_understanding_bugs,gvisor,96bc3756b0554d5af0d6264dcea22f2833b3e6ca,,,,,,,Logging Error,Improper Exception Handling,,gvisor,,,,,,"{""symptom_code"": ""C.1"", ""root_cause_code"": ""A.1"", ""source_sheet"": ""gvisor""}",data/raw/issta2024_bugs_in_pods_understanding_bugs/SI Bugs in Pods_ Exploring Bugs in Container Runtime Systems.xlsx,gvisor,
issta2024_bugs_in_pods_understanding_bugs:520339f81248a2af,issta2024_bugs_in_pods_understanding_bugs,gvisor,69fae5353a6b71264afb3069d549e1bbdd88d643,,,,,,,Incorrect Configuration Effect,Incorrect Image or Config Parsing,,gvisor,,,,,,"{""symptom_code"": ""C.2.3"", ""root_cause_code"": ""A.4.2"", ""source_sheet"": ""gvisor""}",data/raw/issta2024_bugs_in_pods_understanding_bugs/SI Bugs in Pods_ Exploring Bugs in Container Runtime Systems.xlsx,gvisor,
issta2024_bugs_in_pods_understanding_bugs:ecb69bcad35dbbf9,issta2024_bugs_in_pods_understanding_bugs,gvisor,08920d098b3048167aafb7245a3476556367c528,,,,,,,Plugin Management Error,Incorrect System Config,,gvisor,,,,,,"{""symptom_code"": ""B.1.1"", ""root_cause_code"": ""B.2.2"", ""source_sheet"": ""gvisor""}",data/raw/issta2024_bugs_in_pods_understanding_bugs/SI Bugs in Pods_ Exploring Bugs in Container Runtime Systems.xlsx,gvisor,
issta2024_bugs_in_pods_understanding_bugs:532339b48c7608d8,issta2024_bugs_in_pods_understanding_bugs,gvisor,edd7fd2e6022e209c10d40eb594fc0ffb22b8bab,,,,,,,Excessive Execution Time,Inappropriate Lifecycle Organization,,gvisor,,,,,,"{""symptom_code"": ""D.2"", ""root_cause_code"": ""A.3.2"", ""source_sheet"": ""gvisor""}",data/raw/issta2024_bugs_in_pods_understanding_bugs/SI Bugs in Pods_ Exploring Bugs in Container Runtime Systems.xlsx,gvisor,
issta2024_bugs_in_pods_understanding_bugs:d3a68c5799fb575e,issta2024_bugs_in_pods_understanding_bugs,gvisor,8fb66eb28944668c56d9aa8df961c91ec344f876,,,,,,,Incorrect Return Value,Incorrect 3rd Party Library Usage,,gvisor,,,,,,"{""symptom_code"": ""C.2.1"", ""root_cause_code"": ""A.2"", ""source_sheet"": ""gvisor""}",data/raw/issta2024_bugs_in_pods_understanding_bugs/SI Bugs in Pods_ Exploring Bugs in Container Runtime Systems.xlsx,gvisor,
issta2024_bugs_in_pods_understanding_bugs:1292ecf34038b665,issta2024_bugs_in_pods_understanding_bugs,gvisor,6f769780487e7993a894ca965e92c2dee8678f8b,,,,,,,Build Failure,Build Configuration Error,,gvisor,,,,,,"{""symptom_code"": ""A"", ""root_cause_code"": ""B.3"", ""source_sheet"": ""gvisor""}",data/raw/issta2024_bugs_in_pods_understanding_bugs/SI Bugs in Pods_ Exploring Bugs in Container Runtime Systems.xlsx,gvisor,
issta2024_bugs_in_pods_understanding_bugs:a2133d20502ad5ac,issta2024_bugs_in_pods_understanding_bugs,gvisor,f01bf248c19ffd7e0ea085d499a0b3b7404c6953,,,,,,,Incorrect Return Value,Wrong Code Logic,,gvisor,,,,,,"{""symptom_code"": ""C.2.1"", ""root_cause_code"": ""A.4.1"", ""source_sheet"": ""gvisor""}",data/raw/issta2024_bugs_in_pods_understanding_bugs/SI Bugs in Pods_ Exploring Bugs in Container Runtime Systems.xlsx,gvisor,
issta2024_bugs_in_pods_understanding_bugs:a684afdc9b0f3ec7,issta2024_bugs_in_pods_understanding_bugs,gvisor,426deb60fd255ee6f96fb20ff0c4996f721da2d8,,,,,,,Wrong Container Behavior,Inappropriate Lifecycle Organization,,gvisor,,,,,,"{""symptom_code"": ""C.2.2"", ""root_cause_code"": ""A.3.2"", ""source_sheet"": ""gvisor""}",data/raw/issta2024_bugs_in_pods_understanding_bugs/SI Bugs in Pods_ Exploring Bugs in Container Runtime Systems.xlsx,gvisor,
issta2024_bugs_in_pods_understanding_bugs:ec90ead67ad3e36a,issta2024_bugs_in_pods_understanding_bugs,gvisor,6c236a236c1bf338710c935c303fe994f160a758,,,,,,,Build Failure,Improper Exception Handling,,gvisor,,,,,,"{""symptom_code"": ""A"", ""root_cause_code"": ""A.1"", ""source_sheet"": ""gvisor""}",data/raw/issta2024_bugs_in_pods_understanding_bugs/SI Bugs in Pods_ Exploring Bugs in Container Runtime Systems.xlsx,gvisor,
issta2024_bugs_in_pods_understanding_bugs:1e720e6135f7ce33,issta2024_bugs_in_pods_understanding_bugs,gvisor,d5eafb28757c79c8ef077c964add7a26a763ba0f,,,,,,,Wrong Container Behavior,Wrong Code Logic,,gvisor,,,,,,"{""symptom_code"": ""C.2.2"", ""root_cause_code"": ""A.4.1"", ""source_sheet"": ""gvisor""}",data/raw/issta2024_bugs_in_pods_understanding_bugs/SI Bugs in Pods_ Exploring Bugs in Container Runtime Systems.xlsx,gvisor,
issta2024_bugs_in_pods_understanding_bugs:f50d89ee39f0413f,issta2024_bugs_in_pods_understanding_bugs,gvisor,dae3aa6eee9efcfa547f59e40232181dd24e1053,,,,,,,Incorrect Return Value,Incorrect 3rd Party Library Usage,,gvisor,,,,,,"{""symptom_code"": ""C.2.1"", ""root_cause_code"": ""A.2"", ""source_sheet"": ""gvisor""}",data/raw/issta2024_bugs_in_pods_understanding_bugs/SI Bugs in Pods_ Exploring Bugs in Container Runtime Systems.xlsx,gvisor,
issta2024_bugs_in_pods_understanding_bugs:1f505c0284048ad2,issta2024_bugs_in_pods_understanding_bugs,gvisor,aeabb7852781e764655feeca8f67c46be14b0bc0,,,,,,,Incorrect Return Value,Improper Exception Handling,,gvisor,,,,,,"{""symptom_code"": ""C.2.1"", ""root_cause_code"": ""A.1"", ""source_sheet"": ""gvisor""}",data/raw/issta2024_bugs_in_pods_understanding_bugs/SI Bugs in Pods_ Exploring Bugs in Container Runtime Systems.xlsx,gvisor,
issta2024_bugs_in_pods_understanding_bugs:4f7e8f12c077bc30,issta2024_bugs_in_pods_understanding_bugs,gvisor,0a580e0fbfa6b2f94e65d285a848f979f2af4767,,,,,,,Wrong Container Behavior,Incorrect Mount Options,,gvisor,,,,,,"{""symptom_code"": ""C.2.2"", ""root_cause_code"": ""B.1.1"", ""source_sheet"": ""gvisor""}",data/raw/issta2024_bugs_in_pods_understanding_bugs/SI Bugs in Pods_ Exploring Bugs in Container Runtime Systems.xlsx,gvisor,
issta2024_bugs_in_pods_understanding_bugs:b6229927cf78f5d0,issta2024_bugs_in_pods_understanding_bugs,gvisor,aff351f684cc0f5ee9b12a67e74caafa054b780e,,,,,,,Incorrect Configuration Effect,Incorrect Image or Config Parsing,,gvisor,,,,,,"{""symptom_code"": ""C.2.3"", ""root_cause_code"": ""A.4.2"", ""source_sheet"": ""gvisor""}",data/raw/issta2024_bugs_in_pods_understanding_bugs/SI Bugs in Pods_ Exploring Bugs in Container Runtime Systems.xlsx,gvisor,
issta2024_bugs_in_pods_understanding_bugs:432d9a7b05a517be,issta2024_bugs_in_pods_understanding_bugs,gvisor,8ebc4d767a432c7a4a97e25e048a1380b2a2e442,,,,,,,Runtime Daemon Crash,Improper Exception Handling,,gvisor,,,,,,"{""symptom_code"": ""B.1.2"", ""root_cause_code"": ""A.1"", ""source_sheet"": ""gvisor""}",data/raw/issta2024_bugs_in_pods_understanding_bugs/SI Bugs in Pods_ Exploring Bugs in Container Runtime Systems.xlsx,gvisor,
issta2024_bugs_in_pods_understanding_bugs:ed401e352af72c77,issta2024_bugs_in_pods_understanding_bugs,gvisor,85f261dd1eb299be5b82ce7808069c379275b87d,,,,,,,Incorrect Return Value,Incorrect 3rd Party Library Usage,,gvisor,,,,,,"{""symptom_code"": ""C.2.1"", ""root_cause_code"": ""A.2"", ""source_sheet"": ""gvisor""}",data/raw/issta2024_bugs_in_pods_understanding_bugs/SI Bugs in Pods_ Exploring Bugs in Container Runtime Systems.xlsx,gvisor,
issta2024_bugs_in_pods_understanding_bugs:63c6181d3124c823,issta2024_bugs_in_pods_understanding_bugs,gvisor,54dafa76c2ea2e3bc2ed283a211ccd00d25296ee,,,,,,,Incorrect Return Value,Improper Exception Handling,,gvisor,,,,,,"{""symptom_code"": ""C.2.1"", ""root_cause_code"": ""A.1"", ""source_sheet"": ""gvisor""}",data/raw/issta2024_bugs_in_pods_understanding_bugs/SI Bugs in Pods_ Exploring Bugs in Container Runtime Systems.xlsx,gvisor,
issta2024_bugs_in_pods_understanding_bugs:1e41ab4cbf411491,issta2024_bugs_in_pods_understanding_bugs,gvisor,f14b4bb3ca988304b72b046453cf9b43a6b19c39,,,,,,,System Communication Error,Wrong Code Logic,,gvisor,,,,,,"{""symptom_code"": ""B.1.3"", ""root_cause_code"": ""A.4.1"", ""source_sheet"": ""gvisor""}",data/raw/issta2024_bugs_in_pods_understanding_bugs/SI Bugs in Pods_ Exploring Bugs in Container Runtime Systems.xlsx,gvisor,
issta2024_bugs_in_pods_understanding_bugs:cb8fa239936600d8,issta2024_bugs_in_pods_understanding_bugs,gvisor,9db00e178e8917227fdbff326bffc6079a7db544,,,,,,,Build Failure,Build Configuration Error,,gvisor,,,,,,"{""symptom_code"": ""A"", ""root_cause_code"": ""B.3"", ""source_sheet"": ""gvisor""}",data/raw/issta2024_bugs_in_pods_understanding_bugs/SI Bugs in Pods_ Exploring Bugs in Container Runtime Systems.xlsx,gvisor,
issta2024_bugs_in_pods_understanding_bugs:1aee4c119eefeb7c,issta2024_bugs_in_pods_understanding_bugs,gvisor,5b7274a1fc081f038613583e82d17fdb68af6dc3,,,,,,,Out of Memory,Unsafe API Usage,,gvisor,,,,,,"{""symptom_code"": ""D.3.1"", ""root_cause_code"": ""A.3.1"", ""source_sheet"": ""gvisor""}",data/raw/issta2024_bugs_in_pods_understanding_bugs/SI Bugs in Pods_ Exploring Bugs in Container Runtime Systems.xlsx,gvisor,
issta2024_bugs_in_pods_understanding_bugs:61bbbf4b4e69acd2,issta2024_bugs_in_pods_understanding_bugs,gvisor,4b63ff222d437f70369f08e486e59d7dec10b4d4,,,,,,,Runtime Daemon Crash,Improper Exception Handling,,gvisor,,,,,,"{""symptom_code"": ""B.1.2"", ""root_cause_code"": ""A.1"", ""source_sheet"": ""gvisor""}",data/raw/issta2024_bugs_in_pods_understanding_bugs/SI Bugs in Pods_ Exploring Bugs in Container Runtime Systems.xlsx,gvisor,
issta2024_bugs_in_pods_understanding_bugs:4278dc2436e126dc,issta2024_bugs_in_pods_understanding_bugs,gvisor,38d2b048fd78fb09fc30f5a01c22950e89dc4b2c,,,,,,,Wrong Container Behavior,Incorrect Image or Config Parsing,,gvisor,,,,,,"{""symptom_code"": ""C.2.2"", ""root_cause_code"": ""A.4.2"", ""source_sheet"": ""gvisor""}",data/raw/issta2024_bugs_in_pods_understanding_bugs/SI Bugs in Pods_ Exploring Bugs in Container Runtime Systems.xlsx,gvisor,
issta2024_bugs_in_pods_understanding_bugs:3c7e1df6269a04b2,issta2024_bugs_in_pods_understanding_bugs,gvisor,c40f8e36517d0c5ffef5fb37af4eb667c76def47,,,,,,,Incorrect Return Value,Wrong Code Logic,,gvisor,,,,,,"{""symptom_code"": ""C.2.1"", ""root_cause_code"": ""A.4.1"", ""source_sheet"": ""gvisor""}",data/raw/issta2024_bugs_in_pods_understanding_bugs/SI Bugs in Pods_ Exploring Bugs in Container Runtime Systems.xlsx,gvisor,
issta2024_bugs_in_pods_understanding_bugs:1960b7d4bea90c60,issta2024_bugs_in_pods_understanding_bugs,gvisor,37d64d348f5d81aedf6fdfcd2931f64a9a83cece,,,,,,,Escalized Privilege,Incorrect Mount Options,,gvisor,,,,,,"{""symptom_code"": ""C.3.2"", ""root_cause_code"": ""B.1.1"", ""source_sheet"": ""gvisor""}",data/raw/issta2024_bugs_in_pods_understanding_bugs/SI Bugs in Pods_ Exploring Bugs in Container Runtime Systems.xlsx,gvisor,
issta2024_bugs_in_pods_understanding_bugs:31997f15707308e8,issta2024_bugs_in_pods_understanding_bugs,gvisor,76d800d41013a1f9aad073a4323117c2bac95438,,,,,,,Others,Plugin Config Error,,gvisor,,,,,,"{""symptom_code"": ""C.2.4"", ""root_cause_code"": ""B.2.1"", ""source_sheet"": ""gvisor""}",data/raw/issta2024_bugs_in_pods_understanding_bugs/SI Bugs in Pods_ Exploring Bugs in Container Runtime Systems.xlsx,gvisor,
issta2024_bugs_in_pods_understanding_bugs:608317eac21676fd,issta2024_bugs_in_pods_understanding_bugs,gvisor,1f101ba738bf38cb5bc9b021d18c5023081c6c4f,,,,,,,Out of Memory,Incorrect 3rd Party Library Usage,,gvisor,,,,,,"{""symptom_code"": ""D.3.1"", ""root_cause_code"": ""A.2"", ""source_sheet"": ""gvisor""}",data/raw/issta2024_bugs_in_pods_understanding_bugs/SI Bugs in Pods_ Exploring Bugs in Container Runtime Systems.xlsx,gvisor,
issta2024_bugs_in_pods_understanding_bugs:eecdb45f0f9e2ca4,issta2024_bugs_in_pods_understanding_bugs,gvisor,4761bf4537e6af9e210dcc821717c637b435f73c,,,,,,,Wrong Container Behavior,Wrong Code Logic,,gvisor,,,,,,"{""symptom_code"": ""C.2.2"", ""root_cause_code"": ""A.4.1"", ""source_sheet"": ""gvisor""}",data/raw/issta2024_bugs_in_pods_understanding_bugs/SI Bugs in Pods_ Exploring Bugs in Container Runtime Systems.xlsx,gvisor,
issta2024_bugs_in_pods_understanding_bugs:ebe7bdbdfa01408b,issta2024_bugs_in_pods_understanding_bugs,gvisor,3e2e74279a92b372d6f271272c4a3d421a6b42f7,,,,,,,Incorrect Return Value,Incorrect 3rd Party Library Usage,,gvisor,,,,,,"{""symptom_code"": ""C.2.1"", ""root_cause_code"": ""A.2"", ""source_sheet"": ""gvisor""}",data/raw/issta2024_bugs_in_pods_understanding_bugs/SI Bugs in Pods_ Exploring Bugs in Container Runtime Systems.xlsx,gvisor,
issta2024_bugs_in_pods_understanding_bugs:324f86f65f1cf6b2,issta2024_bugs_in_pods_understanding_bugs,gvisor,48e2252b3bacc60b87f7ca36cc6f0d8729b3cb4c,,,,,,,Runtime Daemon Crash,Incorrect Image or Config Parsing,,gvisor,,,,,,"{""symptom_code"": ""B.1.2"", ""root_cause_code"": ""A.4.2"", ""source_sheet"": ""gvisor""}",data/raw/issta2024_bugs_in_pods_understanding_bugs/SI Bugs in Pods_ Exploring Bugs in Container Runtime Systems.xlsx,gvisor,
issta2024_bugs_in_pods_understanding_bugs:df0372ac19b13b1c,issta2024_bugs_in_pods_understanding_bugs,gvisor,757e15ce22ab84bf4385a9d6c6e7cff8bc9c0651,,,,,,,Runtime Daemon Crash,Improper Exception Handling,,gvisor,,,,,,"{""symptom_code"": ""B.1.2"", ""root_cause_code"": ""A.1"", ""source_sheet"": ""gvisor""}",data/raw/issta2024_bugs_in_pods_understanding_bugs/SI Bugs in Pods_ Exploring Bugs in Container Runtime Systems.xlsx,gvisor,
issta2024_bugs_in_pods_understanding_bugs:6c305871a74ada4e,issta2024_bugs_in_pods_understanding_bugs,gvisor,ecda533559da3651c3d2746b34bcef53422147f5,,,,,,,Host Memory Leak,Inappropriate Lifecycle Organization,,gvisor,,,,,,"{""symptom_code"": ""D.3.2"", ""root_cause_code"": ""A.3.2"", ""source_sheet"": ""gvisor""}",data/raw/issta2024_bugs_in_pods_understanding_bugs/SI Bugs in Pods_ Exploring Bugs in Container Runtime Systems.xlsx,gvisor,
issta2024_bugs_in_pods_understanding_bugs:9742c38714a5c91f,issta2024_bugs_in_pods_understanding_bugs,gvisor,a3a57724912c54d4c464c329452ff789471b408f,,,,,,,System Communication Error,Incorrect Image or Config Parsing,,gvisor,,,,,,"{""symptom_code"": ""B.1.3"", ""root_cause_code"": ""A.4.2"", ""source_sheet"": ""gvisor""}",data/raw/issta2024_bugs_in_pods_understanding_bugs/SI Bugs in Pods_ Exploring Bugs in Container Runtime Systems.xlsx,gvisor,
issta2024_bugs_in_pods_understanding_bugs:12429f8b9638646e,issta2024_bugs_in_pods_understanding_bugs,gvisor,479fd558e12f2985878d9634c6ec93304cdc2e4b,,,,,,,Incorrect Return Value,Others,,gvisor,,,,,,"{""symptom_code"": ""C.2.1"", ""root_cause_code"": ""C"", ""source_sheet"": ""gvisor""}",data/raw/issta2024_bugs_in_pods_understanding_bugs/SI Bugs in Pods_ Exploring Bugs in Container Runtime Systems.xlsx,gvisor,
issta2024_bugs_in_pods_understanding_bugs:7d7fe6ee093d0ac8,issta2024_bugs_in_pods_understanding_bugs,gvisor,e0aa478022f4c3fde1b9619a11421c803e0c0791,,,,,,,Runtime Daemon Crash,Improper Exception Handling,,gvisor,,,,,,"{""symptom_code"": ""B.1.2"", ""root_cause_code"": ""A.1"", ""source_sheet"": ""gvisor""}",data/raw/issta2024_bugs_in_pods_understanding_bugs/SI Bugs in Pods_ Exploring Bugs in Container Runtime Systems.xlsx,gvisor,
issta2024_bugs_in_pods_understanding_bugs:dc399aa2e579862a,issta2024_bugs_in_pods_understanding_bugs,gvisor,024d75d26394d5da7991682e74e9b2c5f23a20ac,,,,,,,Preset Exit Code,Incorrect System Config,,gvisor,,,,,,"{""symptom_code"": ""B.2"", ""root_cause_code"": ""B.2.2"", ""source_sheet"": ""gvisor""}",data/raw/issta2024_bugs_in_pods_understanding_bugs/SI Bugs in Pods_ Exploring Bugs in Container Runtime Systems.xlsx,gvisor,
issta2024_bugs_in_pods_understanding_bugs:8f8936e8403df738,issta2024_bugs_in_pods_understanding_bugs,gvisor,a4fb3b200fdc05ac14aedcfc3d5b1b0c89a8a372,,,,,,,Runtime Daemon Crash,Improper Exception Handling,,gvisor,,,,,,"{""symptom_code"": ""B.1.2"", ""root_cause_code"": ""A.1"", ""source_sheet"": ""gvisor""}",data/raw/issta2024_bugs_in_pods_understanding_bugs/SI Bugs in Pods_ Exploring Bugs in Container Runtime Systems.xlsx,gvisor,
issta2024_bugs_in_pods_understanding_bugs:cf97507e5280c5d7,issta2024_bugs_in_pods_understanding_bugs,gvisor,1c220bf2a4a0a6c8cdaf3c092b1a3d22391b6e42,,,,,,,Others,Plugin Config Error,,gvisor,,,,,,"{""symptom_code"": ""C.2.4"", ""root_cause_code"": ""B.2.1"", ""source_sheet"": ""gvisor""}",data/raw/issta2024_bugs_in_pods_understanding_bugs/SI Bugs in Pods_ Exploring Bugs in Container Runtime Systems.xlsx,gvisor,
issta2024_bugs_in_pods_understanding_bugs:26aedba736b2b41b,issta2024_bugs_in_pods_understanding_bugs,gvisor,ac4e0320bd8e586303c9a9fe27636f4884fa1f73,,,,,,,Host Memory Leak,Inappropriate Lifecycle Organization,,gvisor,,,,,,"{""symptom_code"": ""D.3.2"", ""root_cause_code"": ""A.3.2"", ""source_sheet"": ""gvisor""}",data/raw/issta2024_bugs_in_pods_understanding_bugs/SI Bugs in Pods_ Exploring Bugs in Container Runtime Systems.xlsx,gvisor,
issta2024_bugs_in_pods_understanding_bugs:9c074ccf6bf753dc,issta2024_bugs_in_pods_understanding_bugs,gvisor,801f45ab4b33e4e2089705821e230be3b0937f3b,,,,,,,Logging Error,Incorrect System Config,,gvisor,,,,,,"{""symptom_code"": ""C.1"", ""root_cause_code"": ""B.2.2"", ""source_sheet"": ""gvisor""}",data/raw/issta2024_bugs_in_pods_understanding_bugs/SI Bugs in Pods_ Exploring Bugs in Container Runtime Systems.xlsx,gvisor,
issta2024_bugs_in_pods_understanding_bugs:a3fa2628c7541cff,issta2024_bugs_in_pods_understanding_bugs,gvisor,ffabadf0108addafd94f3429b3998a84d89b6c58,,,,,,,Incorrect Configuration Effect,Build Configuration Error,,gvisor,,,,,,"{""symptom_code"": ""C.2.3"", ""root_cause_code"": ""B.3"", ""source_sheet"": ""gvisor""}",data/raw/issta2024_bugs_in_pods_understanding_bugs/SI Bugs in Pods_ Exploring Bugs in Container Runtime Systems.xlsx,gvisor,
issta2024_bugs_in_pods_understanding_bugs:3347d6c16adc5472,issta2024_bugs_in_pods_understanding_bugs,gvisor,9dfa65ebdb74f35c3bfbdebf6ee87af6073733c0,,,,,,,Plugin Management Error,Plugin Config Error,,gvisor,,,,,,"{""symptom_code"": ""B.1.1"", ""root_cause_code"": ""B.2.1"", ""source_sheet"": ""gvisor""}",data/raw/issta2024_bugs_in_pods_understanding_bugs/SI Bugs in Pods_ Exploring Bugs in Container Runtime Systems.xlsx,gvisor,
issta2024_bugs_in_pods_understanding_bugs:c4cddddb88e42a02,issta2024_bugs_in_pods_understanding_bugs,gvisor,0301bb07efabc1b6e441727814fce25cf8a847ca,,,,,,,Wrong Container Behavior,Incorrect System Config,,gvisor,,,,,,"{""symptom_code"": ""C.2.2"", ""root_cause_code"": ""B.2.2"", ""source_sheet"": ""gvisor""}",data/raw/issta2024_bugs_in_pods_understanding_bugs/SI Bugs in Pods_ Exploring Bugs in Container Runtime Systems.xlsx,gvisor,
issta2024_bugs_in_pods_understanding_bugs:ce0f815a1f6bc642,issta2024_bugs_in_pods_understanding_bugs,gvisor,ae508f406429537e77252fcc7336460a7a653a87,,,,,,,Wrong Container Behavior,Plugin Config Error,,gvisor,,,,,,"{""symptom_code"": ""C.2.2"", ""root_cause_code"": ""B.2.1"", ""source_sheet"": ""gvisor""}",data/raw/issta2024_bugs_in_pods_understanding_bugs/SI Bugs in Pods_ Exploring Bugs in Container Runtime Systems.xlsx,gvisor,
issta2024_bugs_in_pods_understanding_bugs:b4bd37afbe4f085b,issta2024_bugs_in_pods_understanding_bugs,gvisor,bc80e774c050fefc1e9bf56d2c76e3e87f146d4b,,,,,,,Build Failure,Build Configuration Error,,gvisor,,,,,,"{""symptom_code"": ""A"", ""root_cause_code"": ""B.3"", ""source_sheet"": ""gvisor""}",data/raw/issta2024_bugs_in_pods_understanding_bugs/SI Bugs in Pods_ Exploring Bugs in Container Runtime Systems.xlsx,gvisor,
issta2024_bugs_in_pods_understanding_bugs:8322fbcc140b7c62,issta2024_bugs_in_pods_understanding_bugs,gvisor,f62143f31fe5596241a844aead15aefe9db9c816,,,,,,,Plugin Management Error,Runtime Shim Config Error,,gvisor,,,,,,"{""symptom_code"": ""B.1.1"", ""root_cause_code"": ""B.4"", ""source_sheet"": ""gvisor""}",data/raw/issta2024_bugs_in_pods_understanding_bugs/SI Bugs in Pods_ Exploring Bugs in Container Runtime Systems.xlsx,gvisor,
issta2024_bugs_in_pods_understanding_bugs:066f6a1d4fbc8ff3,issta2024_bugs_in_pods_understanding_bugs,gvisor,bb36c43e97fdece0505d4a7df382af0fc4582b6d,,,,,,,Wrong Container Behavior,Plugin Config Error,,gvisor,,,,,,"{""symptom_code"": ""C.2.2"", ""root_cause_code"": ""B.2.1"", ""source_sheet"": ""gvisor""}",data/raw/issta2024_bugs_in_pods_understanding_bugs/SI Bugs in Pods_ Exploring Bugs in Container Runtime Systems.xlsx,gvisor,
issta2024_bugs_in_pods_understanding_bugs:fa32c1e76386b9e7,issta2024_bugs_in_pods_understanding_bugs,gvisor,19e9ee104a7920342d25705d1bf4de24c4d3faf5,,,,,,,Excessive Execution Time,Incorrect 3rd Party Library Usage,,gvisor,,,,,,"{""symptom_code"": ""D.2"", ""root_cause_code"": ""A.2"", ""source_sheet"": ""gvisor""}",data/raw/issta2024_bugs_in_pods_understanding_bugs/SI Bugs in Pods_ Exploring Bugs in Container Runtime Systems.xlsx,gvisor,
issta2024_bugs_in_pods_understanding_bugs:73da1fbb254e8252,issta2024_bugs_in_pods_understanding_bugs,gvisor,f9afde9b888dcc67786ea49e244c3a6dc644792a,,,,,,,Runtime Daemon Crash,Wrong Code Logic,,gvisor,,,,,,"{""symptom_code"": ""B.1.2"", ""root_cause_code"": ""A.4.1"", ""source_sheet"": ""gvisor""}",data/raw/issta2024_bugs_in_pods_understanding_bugs/SI Bugs in Pods_ Exploring Bugs in Container Runtime Systems.xlsx,gvisor,
issta2024_bugs_in_pods_understanding_bugs:a87f4b7179c83e9e,issta2024_bugs_in_pods_understanding_bugs,gvisor,2ba23ca96c2c1d0e561490da8ae36ba8f1bc59d9,,,,,,,Wrong Container Behavior,Incorrect 3rd Party Library Usage,,gvisor,,,,,,"{""symptom_code"": ""C.2.2"", ""root_cause_code"": ""A.2"", ""source_sheet"": ""gvisor""}",data/raw/issta2024_bugs_in_pods_understanding_bugs/SI Bugs in Pods_ Exploring Bugs in Container Runtime Systems.xlsx,gvisor,
issta2024_bugs_in_pods_understanding_bugs:93bd50a73fd4dcfa,issta2024_bugs_in_pods_understanding_bugs,gvisor,3b917921d7feab08a94d54f29af5a57f35c9fc5e,,,,,,,Wrong Container Behavior,Inappropriate Lifecycle Organization,,gvisor,,,,,,"{""symptom_code"": ""C.2.2"", ""root_cause_code"": ""A.3.2"", ""source_sheet"": ""gvisor""}",data/raw/issta2024_bugs_in_pods_understanding_bugs/SI Bugs in Pods_ Exploring Bugs in Container Runtime Systems.xlsx,gvisor,
issta2024_bugs_in_pods_understanding_bugs:d5e6e2b76291cdc2,issta2024_bugs_in_pods_understanding_bugs,gvisor,d9cffce328f9e2ada874cfc4df21890086bceb48,,,,,,,Incorrect Configuration Effect,Wrong Code Logic,,gvisor,,,,,,"{""symptom_code"": ""C.2.3"", ""root_cause_code"": ""A.4.1"", ""source_sheet"": ""gvisor""}",data/raw/issta2024_bugs_in_pods_understanding_bugs/SI Bugs in Pods_ Exploring Bugs in Container Runtime Systems.xlsx,gvisor,
issta2024_bugs_in_pods_understanding_bugs:45729bb334ff78b7,issta2024_bugs_in_pods_understanding_bugs,gvisor,28cf71cc61c58f07554cab2b3724d2cb3c560b21,,,,,,,Incorrect Return Value,Incorrect 3rd Party Library Usage,,gvisor,,,,,,"{""symptom_code"": ""C.2.1"", ""root_cause_code"": ""A.2"", ""source_sheet"": ""gvisor""}",data/raw/issta2024_bugs_in_pods_understanding_bugs/SI Bugs in Pods_ Exploring Bugs in Container Runtime Systems.xlsx,gvisor,
issta2024_bugs_in_pods_understanding_bugs:617814af58593dc1,issta2024_bugs_in_pods_understanding_bugs,gvisor,1e5014d65723a8dc535f985525cceddf02088d11,,,,,,,Out of Memory,Wrong Code Logic,,gvisor,,,,,,"{""symptom_code"": ""D.3.1"", ""root_cause_code"": ""A.4.1"", ""source_sheet"": ""gvisor""}",data/raw/issta2024_bugs_in_pods_understanding_bugs/SI Bugs in Pods_ Exploring Bugs in Container Runtime Systems.xlsx,gvisor,
issta2024_bugs_in_pods_understanding_bugs:4c07d77cbfe0719a,issta2024_bugs_in_pods_understanding_bugs,gvisor,4503ba3f5efdf74079a9dba2242a38d51d0cf58d,,,,,,,Wrong Container Behavior,Incorrect 3rd Party Library Usage,,gvisor,,,,,,"{""symptom_code"": ""C.2.2"", ""root_cause_code"": ""A.2"", ""source_sheet"": ""gvisor""}",data/raw/issta2024_bugs_in_pods_understanding_bugs/SI Bugs in Pods_ Exploring Bugs in Container Runtime Systems.xlsx,gvisor,
issta2024_bugs_in_pods_understanding_bugs:2651023a664e521b,issta2024_bugs_in_pods_understanding_bugs,gvisor,6d66109a530277cb3e4864522b6401ac6b68bfa3,,,,,,,Build Failure,Build Configuration Error,,gvisor,,,,,,"{""symptom_code"": ""A"", ""root_cause_code"": ""B.3"", ""source_sheet"": ""gvisor""}",data/raw/issta2024_bugs_in_pods_understanding_bugs/SI Bugs in Pods_ Exploring Bugs in Container Runtime Systems.xlsx,gvisor,
issta2024_bugs_in_pods_understanding_bugs:939288302097cc81,issta2024_bugs_in_pods_understanding_bugs,gvisor,e4f093f7b1739b0872774057932704613343db77,,,,,,,Incorrect Return Value,Incorrect 3rd Party Library Usage,,gvisor,,,,,,"{""symptom_code"": ""C.2.1"", ""root_cause_code"": ""A.2"", ""source_sheet"": ""gvisor""}",data/raw/issta2024_bugs_in_pods_understanding_bugs/SI Bugs in Pods_ Exploring Bugs in Container Runtime Systems.xlsx,gvisor,
issta2024_bugs_in_pods_understanding_bugs:bd35f202996fbdc7,issta2024_bugs_in_pods_understanding_bugs,gvisor,5a52fcc5466a7da26994ac168d56ee5e9cd21ae9,,,,,,,Escalized Privilege,Wrong Code Logic,,gvisor,,,,,,"{""symptom_code"": ""C.3.2"", ""root_cause_code"": ""A.4.1"", ""source_sheet"": ""gvisor""}",data/raw/issta2024_bugs_in_pods_understanding_bugs/SI Bugs in Pods_ Exploring Bugs in Container Runtime Systems.xlsx,gvisor,
issta2024_bugs_in_pods_understanding_bugs:41da8fb6ef37062d,issta2024_bugs_in_pods_understanding_bugs,gvisor,a15231dabe4702f166529f5e360358562caeeebc,,,,,,,Incorrect Return Value,Wrong Code Logic,,gvisor,,,,,,"{""symptom_code"": ""C.2.1"", ""root_cause_code"": ""A.4.1"", ""source_sheet"": ""gvisor""}",data/raw/issta2024_bugs_in_pods_understanding_bugs/SI Bugs in Pods_ Exploring Bugs in Container Runtime Systems.xlsx,gvisor,
issta2024_bugs_in_pods_understanding_bugs:faa1e5ea8ec8831f,issta2024_bugs_in_pods_understanding_bugs,gvisor,66da66de302bbb1d0fe5da853055e76369abba61,,,,,,,Wrong Container Behavior,Plugin Config Error,,gvisor,,,,,,"{""symptom_code"": ""C.2.2"", ""root_cause_code"": ""B.2.1"", ""source_sheet"": ""gvisor""}",data/raw/issta2024_bugs_in_pods_understanding_bugs/SI Bugs in Pods_ Exploring Bugs in Container Runtime Systems.xlsx,gvisor,
issta2024_bugs_in_pods_understanding_bugs:98e30522e6b85e60,issta2024_bugs_in_pods_understanding_bugs,gvisor,0f8db423e2706e01d932ee1bf3c444bf26654b08,,,,,,,Wrong Container Behavior,Incorrect System Config,,gvisor,,,,,,"{""symptom_code"": ""C.2.2"", ""root_cause_code"": ""B.2.2"", ""source_sheet"": ""gvisor""}",data/raw/issta2024_bugs_in_pods_understanding_bugs/SI Bugs in Pods_ Exploring Bugs in Container Runtime Systems.xlsx,gvisor,
issta2024_bugs_in_pods_understanding_bugs:f6860f58e13f204e,issta2024_bugs_in_pods_understanding_bugs,gvisor,c18ec0b53cf2ef47ae5660bd2ae392c48047229f,,,,,,,Build Failure,Build Configuration Error,,gvisor,,,,,,"{""symptom_code"": ""A"", ""root_cause_code"": ""B.3"", ""source_sheet"": ""gvisor""}",data/raw/issta2024_bugs_in_pods_understanding_bugs/SI Bugs in Pods_ Exploring Bugs in Container Runtime Systems.xlsx,gvisor,
issta2024_bugs_in_pods_understanding_bugs:dac3ecb8c7a5ee7c,issta2024_bugs_in_pods_understanding_bugs,gvisor,18dca1bf998524f53ee03bc413382bfcc880f967,,,,,,,Wrong Container Behavior,Wrong Code Logic,,gvisor,,,,,,"{""symptom_code"": ""C.2.2"", ""root_cause_code"": ""A.4.1"", ""source_sheet"": ""gvisor""}",data/raw/issta2024_bugs_in_pods_understanding_bugs/SI Bugs in Pods_ Exploring Bugs in Container Runtime Systems.xlsx,gvisor,
issta2024_bugs_in_pods_understanding_bugs:bcb372c14d060fb7,issta2024_bugs_in_pods_understanding_bugs,gvisor,f2a57c9dac27bd6dcd1c53156d94bdcbdb7a542e,,,,,,,Wrong Container Behavior,Others,,gvisor,,,,,,"{""symptom_code"": ""C.2.2"", ""root_cause_code"": ""C"", ""source_sheet"": ""gvisor""}",data/raw/issta2024_bugs_in_pods_understanding_bugs/SI Bugs in Pods_ Exploring Bugs in Container Runtime Systems.xlsx,gvisor,
issta2024_bugs_in_pods_understanding_bugs:8e8eea83827200ca,issta2024_bugs_in_pods_understanding_bugs,gvisor,d057161dc81a0359e92fa86b4038fe72740020fe,,,,,,,Incorrect Return Value,Plugin Config Error,,gvisor,,,,,,"{""symptom_code"": ""C.2.1"", ""root_cause_code"": ""B.2.1"", ""source_sheet"": ""gvisor""}",data/raw/issta2024_bugs_in_pods_understanding_bugs/SI Bugs in Pods_ Exploring Bugs in Container Runtime Systems.xlsx,gvisor,
issta2024_bugs_in_pods_understanding_bugs:3544bd3f6eb42d72,issta2024_bugs_in_pods_understanding_bugs,gvisor,5baf7212b778324cca324a60739e7733614425f9,,,,,,,Incorrect Return Value,Incorrect 3rd Party Library Usage,,gvisor,,,,,,"{""symptom_code"": ""C.2.1"", ""root_cause_code"": ""A.2"", ""source_sheet"": ""gvisor""}",data/raw/issta2024_bugs_in_pods_understanding_bugs/SI Bugs in Pods_ Exploring Bugs in Container Runtime Systems.xlsx,gvisor,
issta2024_bugs_in_pods_understanding_bugs:f2c0eb8ee9f58633,issta2024_bugs_in_pods_understanding_bugs,gvisor,4d29819e13a14f0d14e79586851364a4939f0ffe,,,,,,,High Disk Resource Occupancy,Incorrect 3rd Party Library Usage,,gvisor,,,,,,"{""symptom_code"": ""D.1"", ""root_cause_code"": ""A.2"", ""source_sheet"": ""gvisor""}",data/raw/issta2024_bugs_in_pods_understanding_bugs/SI Bugs in Pods_ Exploring Bugs in Container Runtime Systems.xlsx,gvisor,
issta2024_bugs_in_pods_understanding_bugs:5e028e2de8f43e2e,issta2024_bugs_in_pods_understanding_bugs,gvisor,9768009a797ae71013befe05f8a989d7568eb4a1,,,,,,,Excessive Execution Time,Improper Exception Handling,,gvisor,,,,,,"{""symptom_code"": ""D.2"", ""root_cause_code"": ""A.1"", ""source_sheet"": ""gvisor""}",data/raw/issta2024_bugs_in_pods_understanding_bugs/SI Bugs in Pods_ Exploring Bugs in Container Runtime Systems.xlsx,gvisor,
issta2024_bugs_in_pods_understanding_bugs:211b1396e01b1bc1,issta2024_bugs_in_pods_understanding_bugs,gvisor,d62190f8b521fa1b4cc7fc26b24b3f821f198bf7,,,,,,,Incorrect Return Value,Others,,gvisor,,,,,,"{""symptom_code"": ""C.2.1"", ""root_cause_code"": ""C"", ""source_sheet"": ""gvisor""}",data/raw/issta2024_bugs_in_pods_understanding_bugs/SI Bugs in Pods_ Exploring Bugs in Container Runtime Systems.xlsx,gvisor,
issta2024_bugs_in_pods_understanding_bugs:975e4b33bd041710,issta2024_bugs_in_pods_understanding_bugs,gvisor,caf6f8d1527007eea582c54e5a52a7a8445790a5,,,,,,,Incorrect Return Value,Incorrect Image or Config Parsing,,gvisor,,,,,,"{""symptom_code"": ""C.2.1"", ""root_cause_code"": ""A.4.2"", ""source_sheet"": ""gvisor""}",data/raw/issta2024_bugs_in_pods_understanding_bugs/SI Bugs in Pods_ Exploring Bugs in Container Runtime Systems.xlsx,gvisor,
issta2024_bugs_in_pods_understanding_bugs:2240cb10dd9f9eb2,issta2024_bugs_in_pods_understanding_bugs,gvisor,0417b99c166efc139427b9b6de2ecc631e5d97ac,,,,,,,Out of Memory,Unsafe API Usage,,gvisor,,,,,,"{""symptom_code"": ""D.3.1"", ""root_cause_code"": ""A.3.1"", ""source_sheet"": ""gvisor""}",data/raw/issta2024_bugs_in_pods_understanding_bugs/SI Bugs in Pods_ Exploring Bugs in Container Runtime Systems.xlsx,gvisor,
issta2024_bugs_in_pods_understanding_bugs:d4cb262ef5d5037d,issta2024_bugs_in_pods_understanding_bugs,gvisor,82793c5e9056547c20ddbfa1190a65585a420d1e,,,,,,,Build Failure,Build Configuration Error,,gvisor,,,,,,"{""symptom_code"": ""A"", ""root_cause_code"": ""B.3"", ""source_sheet"": ""gvisor""}",data/raw/issta2024_bugs_in_pods_understanding_bugs/SI Bugs in Pods_ Exploring Bugs in Container Runtime Systems.xlsx,gvisor,
issta2024_bugs_in_pods_understanding_bugs:5d2337665703ba80,issta2024_bugs_in_pods_understanding_bugs,gvisor,ce4f4283badb6b07baf9f8e6d99e7a5fd15c92db,,,,,,,Runtime Daemon Crash,Unsafe API Usage,,gvisor,,,,,,"{""symptom_code"": ""B.1.2"", ""root_cause_code"": ""A.3.1"", ""source_sheet"": ""gvisor""}",data/raw/issta2024_bugs_in_pods_understanding_bugs/SI Bugs in Pods_ Exploring Bugs in Container Runtime Systems.xlsx,gvisor,
issta2024_bugs_in_pods_understanding_bugs:22b8a368066a1265,issta2024_bugs_in_pods_understanding_bugs,gvisor,31310e800e963f46869383ce62b6664c29230997,,,,,,,Preset Exit Code,Plugin Config Error,,gvisor,,,,,,"{""symptom_code"": ""B.2"", ""root_cause_code"": ""B.2.1"", ""source_sheet"": ""gvisor""}",data/raw/issta2024_bugs_in_pods_understanding_bugs/SI Bugs in Pods_ Exploring Bugs in Container Runtime Systems.xlsx,gvisor,
issta2024_bugs_in_pods_understanding_bugs:be1db7be0046d569,issta2024_bugs_in_pods_understanding_bugs,gvisor,ea792cb3e1b3c1f2c34b2ffd7dbfde5d935b8a74,,,,,,,Incorrect Return Value,Incorrect 3rd Party Library Usage,,gvisor,,,,,,"{""symptom_code"": ""C.2.1"", ""root_cause_code"": ""A.2"", ""source_sheet"": ""gvisor""}",data/raw/issta2024_bugs_in_pods_understanding_bugs/SI Bugs in Pods_ Exploring Bugs in Container Runtime Systems.xlsx,gvisor,
issta2024_bugs_in_pods_understanding_bugs:178e258bdadd1f02,issta2024_bugs_in_pods_understanding_bugs,gvisor,1953d2ad28d405a3ab028feba7b6fca18339e9be,,,,,,,Plugin Management Error,Improper Exception Handling,,gvisor,,,,,,"{""symptom_code"": ""B.1.1"", ""root_cause_code"": ""A.1"", ""source_sheet"": ""gvisor""}",data/raw/issta2024_bugs_in_pods_understanding_bugs/SI Bugs in Pods_ Exploring Bugs in Container Runtime Systems.xlsx,gvisor,
issta2024_bugs_in_pods_understanding_bugs:15f93ef4a221d32c,issta2024_bugs_in_pods_understanding_bugs,gvisor,de9090dde9d9dd3f9c5bd8c7bda831132828bc04,,,,,,,Runtime Daemon Crash,Incorrect 3rd Party Library Usage,,gvisor,,,,,,"{""symptom_code"": ""B.1.2"", ""root_cause_code"": ""A.2"", ""source_sheet"": ""gvisor""}",data/raw/issta2024_bugs_in_pods_understanding_bugs/SI Bugs in Pods_ Exploring Bugs in Container Runtime Systems.xlsx,gvisor,
issta2024_bugs_in_pods_understanding_bugs:4275d3beb1f1256f,issta2024_bugs_in_pods_understanding_bugs,gvisor,4076153be6840c50ade746087b221a12d7bd2b3b,,,,,,,Excessive Execution Time,Incorrect 3rd Party Library Usage,,gvisor,,,,,,"{""symptom_code"": ""D.2"", ""root_cause_code"": ""A.2"", ""source_sheet"": ""gvisor""}",data/raw/issta2024_bugs_in_pods_understanding_bugs/SI Bugs in Pods_ Exploring Bugs in Container Runtime Systems.xlsx,gvisor,
issta2024_bugs_in_pods_understanding_bugs:beb9bcf83f68c4f1,issta2024_bugs_in_pods_understanding_bugs,gvisor,603f473ada5f5cacc759c8810df01f47905ba5e9,,,,,,,Incorrect Return Value,Plugin Config Error,,gvisor,,,,,,"{""symptom_code"": ""C.2.1"", ""root_cause_code"": ""B.2.1"", ""source_sheet"": ""gvisor""}",data/raw/issta2024_bugs_in_pods_understanding_bugs/SI Bugs in Pods_ Exploring Bugs in Container Runtime Systems.xlsx,gvisor,
issta2024_bugs_in_pods_understanding_bugs:c7b24efa6e6a03f4,issta2024_bugs_in_pods_understanding_bugs,gvisor,95fe4fea19f30281a3ff53f62c9fcda533c4e04a,,,,,,,Plugin Management Error,Plugin Config Error,,gvisor,,,,,,"{""symptom_code"": ""B.1.1"", ""root_cause_code"": ""B.2.1"", ""source_sheet"": ""gvisor""}",data/raw/issta2024_bugs_in_pods_understanding_bugs/SI Bugs in Pods_ Exploring Bugs in Container Runtime Systems.xlsx,gvisor,
issta2024_bugs_in_pods_understanding_bugs:21f4d77771ba6387,issta2024_bugs_in_pods_understanding_bugs,gvisor,2572af38860ed8a5aa37f0ad705a360628a4ed10,,,,,,,Incorrect Configuration Effect,Incorrect 3rd Party Library Usage,,gvisor,,,,,,"{""symptom_code"": ""C.2.3"", ""root_cause_code"": ""A.2"", ""source_sheet"": ""gvisor""}",data/raw/issta2024_bugs_in_pods_understanding_bugs/SI Bugs in Pods_ Exploring Bugs in Container Runtime Systems.xlsx,gvisor,
issta2024_bugs_in_pods_understanding_bugs:3f62b023c7f247b2,issta2024_bugs_in_pods_understanding_bugs,gvisor,dfbcb8903ae8bd0d1ff984889f1b5cf1e041865e,,,,,,,Runtime Daemon Crash,Improper Exception Handling,,gvisor,,,,,,"{""symptom_code"": ""B.1.2"", ""root_cause_code"": ""A.1"", ""source_sheet"": ""gvisor""}",data/raw/issta2024_bugs_in_pods_understanding_bugs/SI Bugs in Pods_ Exploring Bugs in Container Runtime Systems.xlsx,gvisor,
issta2024_bugs_in_pods_understanding_bugs:7f131a30d77987f4,issta2024_bugs_in_pods_understanding_bugs,gvisor,2b0615c76c8acf88de1add9bad1758384fecb9e5,,,,,,,Escalized Privilege,Inaccurate Permission Assignment,,gvisor,,,,,,"{""symptom_code"": ""C.3.2"", ""root_cause_code"": ""B.1.2"", ""source_sheet"": ""gvisor""}",data/raw/issta2024_bugs_in_pods_understanding_bugs/SI Bugs in Pods_ Exploring Bugs in Container Runtime Systems.xlsx,gvisor,
issta2024_bugs_in_pods_understanding_bugs:914cb47319498348,issta2024_bugs_in_pods_understanding_bugs,gvisor,7c5ab794f140dda031ba015d79892a79dd523d50,,,,,,,Logging Error,Improper Exception Handling,,gvisor,,,,,,"{""symptom_code"": ""C.1"", ""root_cause_code"": ""A.1"", ""source_sheet"": ""gvisor""}",data/raw/issta2024_bugs_in_pods_understanding_bugs/SI Bugs in Pods_ Exploring Bugs in Container Runtime Systems.xlsx,gvisor,
issta2024_bugs_in_pods_understanding_bugs:7ad2c3f521458c73,issta2024_bugs_in_pods_understanding_bugs,gvisor,f971396c6515fc71d3cc8cdfbf60845c1d1e9e03,,,,,,,Incorrect Return Value,Incorrect 3rd Party Library Usage,,gvisor,,,,,,"{""symptom_code"": ""C.2.1"", ""root_cause_code"": ""A.2"", ""source_sheet"": ""gvisor""}",data/raw/issta2024_bugs_in_pods_understanding_bugs/SI Bugs in Pods_ Exploring Bugs in Container Runtime Systems.xlsx,gvisor,
issta2024_bugs_in_pods_understanding_bugs:ea1ff867c5d7ab29,issta2024_bugs_in_pods_understanding_bugs,gvisor,14d6cb4436f19d0500e98179c3215517f1a77b08,,,,,,,Wrong Container Behavior,Wrong Code Logic,,gvisor,,,,,,"{""symptom_code"": ""C.2.2"", ""root_cause_code"": ""A.4.1"", ""source_sheet"": ""gvisor""}",data/raw/issta2024_bugs_in_pods_understanding_bugs/SI Bugs in Pods_ Exploring Bugs in Container Runtime Systems.xlsx,gvisor,
issta2024_bugs_in_pods_understanding_bugs:607e1250d91868fc,issta2024_bugs_in_pods_understanding_bugs,gvisor,57da3c7ddd50f9a909d9b0022fe63eb201a2ca0e,,,,,,,Incorrect Return Value,Improper Exception Handling,,gvisor,,,,,,"{""symptom_code"": ""C.2.1"", ""root_cause_code"": ""A.1"", ""source_sheet"": ""gvisor""}",data/raw/issta2024_bugs_in_pods_understanding_bugs/SI Bugs in Pods_ Exploring Bugs in Container Runtime Systems.xlsx,gvisor,
issta2024_bugs_in_pods_understanding_bugs:6b07f9a33bb35e33,issta2024_bugs_in_pods_understanding_bugs,gvisor,d393d696b25b94d712404a7a2f0f683518ba2ef0,,,,,,,Incorrect Return Value,Incorrect 3rd Party Library Usage,,gvisor,,,,,,"{""symptom_code"": ""C.2.1"", ""root_cause_code"": ""A.2"", ""source_sheet"": ""gvisor""}",data/raw/issta2024_bugs_in_pods_understanding_bugs/SI Bugs in Pods_ Exploring Bugs in Container Runtime Systems.xlsx,gvisor,
issta2024_bugs_in_pods_understanding_bugs:80cce68b54f221d4,issta2024_bugs_in_pods_understanding_bugs,gvisor,a42d3fd0aeb6c67c3fd2fb851845a1f88a298972,,,,,,,Incorrect Configuration Effect,Plugin Config Error,,gvisor,,,,,,"{""symptom_code"": ""C.2.3"", ""root_cause_code"": ""B.2.1"", ""source_sheet"": ""gvisor""}",data/raw/issta2024_bugs_in_pods_understanding_bugs/SI Bugs in Pods_ Exploring Bugs in Container Runtime Systems.xlsx,gvisor,
issta2024_bugs_in_pods_understanding_bugs:723d8b6f0bf588ec,issta2024_bugs_in_pods_understanding_bugs,gvisor,0690c25e062ad1b8dc162b4b4d70ab59879b9bff,,,,,,,Out of Memory,Incorrect System Config,,gvisor,,,,,,"{""symptom_code"": ""D.3.1"", ""root_cause_code"": ""B.2.2"", ""source_sheet"": ""gvisor""}",data/raw/issta2024_bugs_in_pods_understanding_bugs/SI Bugs in Pods_ Exploring Bugs in Container Runtime Systems.xlsx,gvisor,
issta2024_bugs_in_pods_understanding_bugs:23a040f9424ae320,issta2024_bugs_in_pods_understanding_bugs,gvisor,7132b9a07b55b1c2944f19bb938878d147785a72,,,,,,,Plugin Management Error,Others,,gvisor,,,,,,"{""symptom_code"": ""B.1.1"", ""root_cause_code"": ""C"", ""source_sheet"": ""gvisor""}",data/raw/issta2024_bugs_in_pods_understanding_bugs/SI Bugs in Pods_ Exploring Bugs in Container Runtime Systems.xlsx,gvisor,
issta2024_bugs_in_pods_understanding_bugs:f707828586e62819,issta2024_bugs_in_pods_understanding_bugs,gvisor,4742f7d788e784aa2d86f81aecaef2039caad01c,,,,,,,Access Permission Denied,Wrong Code Logic,,gvisor,,,,,,"{""symptom_code"": ""C.3.1"", ""root_cause_code"": ""A.4.1"", ""source_sheet"": ""gvisor""}",data/raw/issta2024_bugs_in_pods_understanding_bugs/SI Bugs in Pods_ Exploring Bugs in Container Runtime Systems.xlsx,gvisor,
issta2024_bugs_in_pods_understanding_bugs:f86bce6a7492d1d5,issta2024_bugs_in_pods_understanding_bugs,gvisor,c7ac581049cf623067ff143b76ca20401077ab5f,,,,,,,Logging Error,Wrong Code Logic,,gvisor,,,,,,"{""symptom_code"": ""C.1"", ""root_cause_code"": ""A.4.1"", ""source_sheet"": ""gvisor""}",data/raw/issta2024_bugs_in_pods_understanding_bugs/SI Bugs in Pods_ Exploring Bugs in Container Runtime Systems.xlsx,gvisor,
issta2024_bugs_in_pods_understanding_bugs:8565729427cf8612,issta2024_bugs_in_pods_understanding_bugs,gvisor,de29d8d415ab539195840aeba57a17cd6c89218f,,,,,,,Preset Exit Code,Incorrect System Config,,gvisor,,,,,,"{""symptom_code"": ""B.2"", ""root_cause_code"": ""B.2.2"", ""source_sheet"": ""gvisor""}",data/raw/issta2024_bugs_in_pods_understanding_bugs/SI Bugs in Pods_ Exploring Bugs in Container Runtime Systems.xlsx,gvisor,
issta2024_bugs_in_pods_understanding_bugs:77487b5fb17a3437,issta2024_bugs_in_pods_understanding_bugs,gvisor,1fc7a9eac2f27053ed4ca138c6568b14ef520648,,,,,,,Runtime Daemon Crash,Wrong Code Logic,,gvisor,,,,,,"{""symptom_code"": ""B.1.2"", ""root_cause_code"": ""A.4.1"", ""source_sheet"": ""gvisor""}",data/raw/issta2024_bugs_in_pods_understanding_bugs/SI Bugs in Pods_ Exploring Bugs in Container Runtime Systems.xlsx,gvisor,
issta2024_bugs_in_pods_understanding_bugs:2bcb5ac42cb012d9,issta2024_bugs_in_pods_understanding_bugs,gvisor,570ca571805d6939c4c24b6a88660eefaf558ae7,,,,,,,Incorrect Configuration Effect,Incorrect 3rd Party Library Usage,,gvisor,,,,,,"{""symptom_code"": ""C.2.3"", ""root_cause_code"": ""A.2"", ""source_sheet"": ""gvisor""}",data/raw/issta2024_bugs_in_pods_understanding_bugs/SI Bugs in Pods_ Exploring Bugs in Container Runtime Systems.xlsx,gvisor,
issta2024_bugs_in_pods_understanding_bugs:92904b73e0de1a41,issta2024_bugs_in_pods_understanding_bugs,gvisor,5f2b3728fc1d71d32912c57d948ba4b15c886f2a,,,,,,,High Disk Resource Occupancy,Improper Exception Handling,,gvisor,,,,,,"{""symptom_code"": ""D.1"", ""root_cause_code"": ""A.1"", ""source_sheet"": ""gvisor""}",data/raw/issta2024_bugs_in_pods_understanding_bugs/SI Bugs in Pods_ Exploring Bugs in Container Runtime Systems.xlsx,gvisor,
issta2024_bugs_in_pods_understanding_bugs:f9e14f80b8cbbb7b,issta2024_bugs_in_pods_understanding_bugs,gvisor,49ada65f4c37a4384ce4f9dc0cf98317207d4472,,,,,,,Incorrect Return Value,Wrong Code Logic,,gvisor,,,,,,"{""symptom_code"": ""C.2.1"", ""root_cause_code"": ""A.4.1"", ""source_sheet"": ""gvisor""}",data/raw/issta2024_bugs_in_pods_understanding_bugs/SI Bugs in Pods_ Exploring Bugs in Container Runtime Systems.xlsx,gvisor,
issta2024_bugs_in_pods_understanding_bugs:42ab83869e9aa9a4,issta2024_bugs_in_pods_understanding_bugs,gvisor,1e472a85729b723c0d737d5e1c68c875a158d6a6,,,,,,,Excessive Execution Time,Inappropriate Lifecycle Organization,,gvisor,,,,,,"{""symptom_code"": ""D.2"", ""root_cause_code"": ""A.3.2"", ""source_sheet"": ""gvisor""}",data/raw/issta2024_bugs_in_pods_understanding_bugs/SI Bugs in Pods_ Exploring Bugs in Container Runtime Systems.xlsx,gvisor,
issta2024_bugs_in_pods_understanding_bugs:0ebee3ac878040e1,issta2024_bugs_in_pods_understanding_bugs,gvisor,d00ef10456cd0fcf142864d6bfc5d8f8bc88e684,,,,,,,Host Memory Leak,Plugin Config Error,,gvisor,,,,,,"{""symptom_code"": ""D.3.2"", ""root_cause_code"": ""B.2.1"", ""source_sheet"": ""gvisor""}",data/raw/issta2024_bugs_in_pods_understanding_bugs/SI Bugs in Pods_ Exploring Bugs in Container Runtime Systems.xlsx,gvisor,
issta2024_bugs_in_pods_understanding_bugs:5a7f62446453bea1,issta2024_bugs_in_pods_understanding_bugs,gvisor,3fcbad509300ac7249156d49d2ec20f30aa1a16d,,,,,,,Excessive Execution Time,Inappropriate Lifecycle Organization,,gvisor,,,,,,"{""symptom_code"": ""D.2"", ""root_cause_code"": ""A.3.2"", ""source_sheet"": ""gvisor""}",data/raw/issta2024_bugs_in_pods_understanding_bugs/SI Bugs in Pods_ Exploring Bugs in Container Runtime Systems.xlsx,gvisor,
issta2024_bugs_in_pods_understanding_bugs:8d3f0eac90509ee8,issta2024_bugs_in_pods_understanding_bugs,gvisor,1ca981f50f0b2ad273bbcb870bca21c4b1264504,,,,,,,System Communication Error,Incorrect Image or Config Parsing,,gvisor,,,,,,"{""symptom_code"": ""B.1.3"", ""root_cause_code"": ""A.4.2"", ""source_sheet"": ""gvisor""}",data/raw/issta2024_bugs_in_pods_understanding_bugs/SI Bugs in Pods_ Exploring Bugs in Container Runtime Systems.xlsx,gvisor,
issta2024_bugs_in_pods_understanding_bugs:ecae91bf65ac3de0,issta2024_bugs_in_pods_understanding_bugs,gvisor,12973f6244bc84fb745f2ae9120a69ffc820ef70,,,,,,,Incorrect Configuration Effect,Plugin Config Error,,gvisor,,,,,,"{""symptom_code"": ""C.2.3"", ""root_cause_code"": ""B.2.1"", ""source_sheet"": ""gvisor""}",data/raw/issta2024_bugs_in_pods_understanding_bugs/SI Bugs in Pods_ Exploring Bugs in Container Runtime Systems.xlsx,gvisor,
issta2024_bugs_in_pods_understanding_bugs:6d7516ffed231a4e,issta2024_bugs_in_pods_understanding_bugs,gvisor,a2c88252c84839550bef1543ed5cc904340a8a3e,,,,,,,Runtime Daemon Crash,Incorrect Image or Config Parsing,,gvisor,,,,,,"{""symptom_code"": ""B.1.2"", ""root_cause_code"": ""A.4.2"", ""source_sheet"": ""gvisor""}",data/raw/issta2024_bugs_in_pods_understanding_bugs/SI Bugs in Pods_ Exploring Bugs in Container Runtime Systems.xlsx,gvisor,
issta2024_bugs_in_pods_understanding_bugs:a6c1197681637394,issta2024_bugs_in_pods_understanding_bugs,gvisor,9357b4f7eb51b78311cb7d6478d5ac3bfcf79948,,,,,,,Wrong Container Behavior,Inappropriate Lifecycle Organization,,gvisor,,,,,,"{""symptom_code"": ""C.2.2"", ""root_cause_code"": ""A.3.2"", ""source_sheet"": ""gvisor""}",data/raw/issta2024_bugs_in_pods_understanding_bugs/SI Bugs in Pods_ Exploring Bugs in Container Runtime Systems.xlsx,gvisor,
issta2024_bugs_in_pods_understanding_bugs:50579d1b2f3a742f,issta2024_bugs_in_pods_understanding_bugs,gvisor,77dc0f5bc94dff28fa23812f3ad60a8b01e91138,,,,,,,Wrong Container Behavior,Wrong Code Logic,,gvisor,,,,,,"{""symptom_code"": ""C.2.2"", ""root_cause_code"": ""A.4.1"", ""source_sheet"": ""gvisor""}",data/raw/issta2024_bugs_in_pods_understanding_bugs/SI Bugs in Pods_ Exploring Bugs in Container Runtime Systems.xlsx,gvisor,
issta2024_bugs_in_pods_understanding_bugs:314842f130628c65,issta2024_bugs_in_pods_understanding_bugs,containerd,42eedc0bc733f579b37874a86ce9f72d41b355a4,,,,,,,Escalized Privilege,Unsafe API Usage,,containerd,,,,,,"{""symptom_code"": ""C.3.2"", ""root_cause_code"": ""A.3.1"", ""source_sheet"": ""containerd""}",data/raw/issta2024_bugs_in_pods_understanding_bugs/SI Bugs in Pods_ Exploring Bugs in Container Runtime Systems.xlsx,containerd,
issta2024_bugs_in_pods_understanding_bugs:87ca9b6378f9d758,issta2024_bugs_in_pods_understanding_bugs,containerd,ebd63adac22e6fad6f6a3e59ecf4185426a3d6ea,,,,,,,Incorrect Configuration Effect,Plugin Config Error,,containerd,,,,,,"{""symptom_code"": ""C.2.3"", ""root_cause_code"": ""B.2.1"", ""source_sheet"": ""containerd""}",data/raw/issta2024_bugs_in_pods_understanding_bugs/SI Bugs in Pods_ Exploring Bugs in Container Runtime Systems.xlsx,containerd,
issta2024_bugs_in_pods_understanding_bugs:143f2ce7e8d1f92d,issta2024_bugs_in_pods_understanding_bugs,containerd,8d868dadb746aabfd3583d834510109afe9b1919,,,,,,,Escalized Privilege,Plugin Config Error,,containerd,,,,,,"{""symptom_code"": ""C.3.2"", ""root_cause_code"": ""B.2.1"", ""source_sheet"": ""containerd""}",data/raw/issta2024_bugs_in_pods_understanding_bugs/SI Bugs in Pods_ Exploring Bugs in Container Runtime Systems.xlsx,containerd,
issta2024_bugs_in_pods_understanding_bugs:f3713e56a07ec268,issta2024_bugs_in_pods_understanding_bugs,containerd,e224f77eb7b4bd062485d6b0a3b8ba7181861bca,,,,,,,Escalized Privilege,Plugin Config Error,,containerd,,,,,,"{""symptom_code"": ""C.3.2"", ""root_cause_code"": ""B.2.1"", ""source_sheet"": ""containerd""}",data/raw/issta2024_bugs_in_pods_understanding_bugs/SI Bugs in Pods_ Exploring Bugs in Container Runtime Systems.xlsx,containerd,
issta2024_bugs_in_pods_understanding_bugs:705ac14ddb68c903,issta2024_bugs_in_pods_understanding_bugs,containerd,c245347e96547adfd8e5df8d90d54485a152f611,,,,,,,Runtime Daemon Crash,Wrong Code Logic,,containerd,,,,,,"{""symptom_code"": ""B.1.2"", ""root_cause_code"": ""A.4.1"", ""source_sheet"": ""containerd""}",data/raw/issta2024_bugs_in_pods_understanding_bugs/SI Bugs in Pods_ Exploring Bugs in Container Runtime Systems.xlsx,containerd,
issta2024_bugs_in_pods_understanding_bugs:2d2c1bc588bceb2f,issta2024_bugs_in_pods_understanding_bugs,containerd,0c63c42f8183d13c2c106c01f5bb3560d39b3295,,,,,,,High Disk Resource Occupancy,Wrong Code Logic,,containerd,,,,,,"{""symptom_code"": ""D.1"", ""root_cause_code"": ""A.4.1"", ""source_sheet"": ""containerd""}",data/raw/issta2024_bugs_in_pods_understanding_bugs/SI Bugs in Pods_ Exploring Bugs in Container Runtime Systems.xlsx,containerd,
issta2024_bugs_in_pods_understanding_bugs:53c388bdea898f5a,issta2024_bugs_in_pods_understanding_bugs,containerd,78ac0046a7af3ff5beeb53d56ba627ec0cf7b32d,,,,,,,Incorrect Configuration Effect,Plugin Config Error,,containerd,,,,,,"{""symptom_code"": ""C.2.3"", ""root_cause_code"": ""B.2.1"", ""source_sheet"": ""containerd""}",data/raw/issta2024_bugs_in_pods_understanding_bugs/SI Bugs in Pods_ Exploring Bugs in Container Runtime Systems.xlsx,containerd,
issta2024_bugs_in_pods_understanding_bugs:004079fd017ebbb5,issta2024_bugs_in_pods_understanding_bugs,containerd,48daccb4dd225784cb802b5ea3fd1d96d18eec8e,,,,,,,Incorrect Configuration Effect,Incorrect Image or Config Parsing,,containerd,,,,,,"{""symptom_code"": ""C.2.3"", ""root_cause_code"": ""A.4.2"", ""source_sheet"": ""containerd""}",data/raw/issta2024_bugs_in_pods_understanding_bugs/SI Bugs in Pods_ Exploring Bugs in Container Runtime Systems.xlsx,containerd,
issta2024_bugs_in_pods_understanding_bugs:17c23538e4c1626d,issta2024_bugs_in_pods_understanding_bugs,containerd,eec7a76ecde1549f5f3afc865c819f64a1c9b95b,,,,,,,Incorrect Configuration Effect,Wrong Code Logic,,containerd,,,,,,"{""symptom_code"": ""C.2.3"", ""root_cause_code"": ""A.4.1"", ""source_sheet"": ""containerd""}",data/raw/issta2024_bugs_in_pods_understanding_bugs/SI Bugs in Pods_ Exploring Bugs in Container Runtime Systems.xlsx,containerd,
issta2024_bugs_in_pods_understanding_bugs:f80639adb218dfa7,issta2024_bugs_in_pods_understanding_bugs,containerd,17a93240359b406c78e5f08a20013f759ea230bf,,,,,,,Escalized Privilege,Inaccurate Permission Assignment,,containerd,,,,,,"{""symptom_code"": ""C.3.2"", ""root_cause_code"": ""B.1.2"", ""source_sheet"": ""containerd""}",data/raw/issta2024_bugs_in_pods_understanding_bugs/SI Bugs in Pods_ Exploring Bugs in Container Runtime Systems.xlsx,containerd,
issta2024_bugs_in_pods_understanding_bugs:048c02f293025009,issta2024_bugs_in_pods_understanding_bugs,containerd,63a7d8a7ff291066b0684e8a62ff598684b8056e,,,,,,,Wrong Container Behavior,Wrong Code Logic,,containerd,,,,,,"{""symptom_code"": ""C.2.2"", ""root_cause_code"": ""A.4.1"", ""source_sheet"": ""containerd""}",data/raw/issta2024_bugs_in_pods_understanding_bugs/SI Bugs in Pods_ Exploring Bugs in Container Runtime Systems.xlsx,containerd,
issta2024_bugs_in_pods_understanding_bugs:191b36d7cfa4d9a2,issta2024_bugs_in_pods_understanding_bugs,containerd,39158629f7b7913e14b94409bf205ee8be965254,,,,,,,Runtime Daemon Crash,Unsafe API Usage,,containerd,,,,,,"{""symptom_code"": ""B.1.2"", ""root_cause_code"": ""A.3.1"", ""source_sheet"": ""containerd""}",data/raw/issta2024_bugs_in_pods_understanding_bugs/SI Bugs in Pods_ Exploring Bugs in Container Runtime Systems.xlsx,containerd,
issta2024_bugs_in_pods_understanding_bugs:64915eed805f2948,issta2024_bugs_in_pods_understanding_bugs,containerd,4333e6a6d6471f4058d46928d4f117a814ed3bc8,,,,,,,System Communication Error,Runtime Shim Config Error,,containerd,,,,,,"{""symptom_code"": ""B.1.3"", ""root_cause_code"": ""B.4"", ""source_sheet"": ""containerd""}",data/raw/issta2024_bugs_in_pods_understanding_bugs/SI Bugs in Pods_ Exploring Bugs in Container Runtime Systems.xlsx,containerd,
issta2024_bugs_in_pods_understanding_bugs:2b84305deafad25a,issta2024_bugs_in_pods_understanding_bugs,containerd,0f743ce4fffc2fad1bdd866c5810dff3d69916af,,,,,,,Plugin Management Error,Plugin Config Error,,containerd,,,,,,"{""symptom_code"": ""B.1.1"", ""root_cause_code"": ""B.2.1"", ""source_sheet"": ""containerd""}",data/raw/issta2024_bugs_in_pods_understanding_bugs/SI Bugs in Pods_ Exploring Bugs in Container Runtime Systems.xlsx,containerd,
issta2024_bugs_in_pods_understanding_bugs:4277c198b31bf90b,issta2024_bugs_in_pods_understanding_bugs,containerd,fdff11def3438382f7fb3d94291a009f64c21687,,,,,,,Runtime Daemon Crash,Incorrect Image or Config Parsing,,containerd,,,,,,"{""symptom_code"": ""B.1.2"", ""root_cause_code"": ""A.4.2"", ""source_sheet"": ""containerd""}",data/raw/issta2024_bugs_in_pods_understanding_bugs/SI Bugs in Pods_ Exploring Bugs in Container Runtime Systems.xlsx,containerd,
issta2024_bugs_in_pods_understanding_bugs:289e9fe2a3103d5b,issta2024_bugs_in_pods_understanding_bugs,containerd,d063597e80080730de4e1ccc76979deda655d897,,,,,,,Plugin Management Error,Plugin Config Error,,containerd,,,,,,"{""symptom_code"": ""B.1.1"", ""root_cause_code"": ""B.2.1"", ""source_sheet"": ""containerd""}",data/raw/issta2024_bugs_in_pods_understanding_bugs/SI Bugs in Pods_ Exploring Bugs in Container Runtime Systems.xlsx,containerd,
issta2024_bugs_in_pods_understanding_bugs:2eb2d7c98f651c50,issta2024_bugs_in_pods_understanding_bugs,containerd,f0036cb9dc049f1b003d770d1e6aab8bf153fa10,,,,,,,System Communication Error,Runtime Shim Config Error,,containerd,,,,,,"{""symptom_code"": ""B.1.3"", ""root_cause_code"": ""B.4"", ""source_sheet"": ""containerd""}",data/raw/issta2024_bugs_in_pods_understanding_bugs/SI Bugs in Pods_ Exploring Bugs in Container Runtime Systems.xlsx,containerd,
issta2024_bugs_in_pods_understanding_bugs:1018d6d8c036b628,issta2024_bugs_in_pods_understanding_bugs,containerd,1f8db2467be53d88fbae6e2335a269b6b515a20d,,,,,,,System Communication Error,Runtime Shim Config Error,,containerd,,,,,,"{""symptom_code"": ""B.1.3"", ""root_cause_code"": ""B.4"", ""source_sheet"": ""containerd""}",data/raw/issta2024_bugs_in_pods_understanding_bugs/SI Bugs in Pods_ Exploring Bugs in Container Runtime Systems.xlsx,containerd,
issta2024_bugs_in_pods_understanding_bugs:9ba83f45846ec924,issta2024_bugs_in_pods_understanding_bugs,containerd,426fcfbc5281b0f1912584f086f9de04682c583a,,,,,,,Build Failure,Others,,containerd,,,,,,"{""symptom_code"": ""A"", ""root_cause_code"": ""C"", ""source_sheet"": ""containerd""}",data/raw/issta2024_bugs_in_pods_understanding_bugs/SI Bugs in Pods_ Exploring Bugs in Container Runtime Systems.xlsx,containerd,
issta2024_bugs_in_pods_understanding_bugs:b479f5918c90e797,issta2024_bugs_in_pods_understanding_bugs,containerd,14003683f0fbd37cb759ef76210f83e6bc968862,,,,,,,Runtime Daemon Crash,Runtime Shim Config Error,,containerd,,,,,,"{""symptom_code"": ""B.1.2"", ""root_cause_code"": ""B.4"", ""source_sheet"": ""containerd""}",data/raw/issta2024_bugs_in_pods_understanding_bugs/SI Bugs in Pods_ Exploring Bugs in Container Runtime Systems.xlsx,containerd,
issta2024_bugs_in_pods_understanding_bugs:2b92edb463a94b3a,issta2024_bugs_in_pods_understanding_bugs,containerd,c15d8e15607a269b00aef2ee56d30f8e50309ae6,,,,,,,Runtime Daemon Crash,Runtime Shim Config Error,,containerd,,,,,,"{""symptom_code"": ""B.1.2"", ""root_cause_code"": ""B.4"", ""source_sheet"": ""containerd""}",data/raw/issta2024_bugs_in_pods_understanding_bugs/SI Bugs in Pods_ Exploring Bugs in Container Runtime Systems.xlsx,containerd,
issta2024_bugs_in_pods_understanding_bugs:857553dc7bc82579,issta2024_bugs_in_pods_understanding_bugs,containerd,344431cdd48ec19b73fdc5d36f056eb7bee5154b,,,,,,,Wrong Container Behavior,Wrong Code Logic,,containerd,,,,,,"{""symptom_code"": ""C.2.2"", ""root_cause_code"": ""A.4.1"", ""source_sheet"": ""containerd""}",data/raw/issta2024_bugs_in_pods_understanding_bugs/SI Bugs in Pods_ Exploring Bugs in Container Runtime Systems.xlsx,containerd,
issta2024_bugs_in_pods_understanding_bugs:38a6160db9079069,issta2024_bugs_in_pods_understanding_bugs,containerd,b297775eafd81e4036845652a722dbfbfb054fae,,,,,,,Logging Error,Improper Exception Handling,,containerd,,,,,,"{""symptom_code"": ""C.1"", ""root_cause_code"": ""A.1"", ""source_sheet"": ""containerd""}",data/raw/issta2024_bugs_in_pods_understanding_bugs/SI Bugs in Pods_ Exploring Bugs in Container Runtime Systems.xlsx,containerd,
issta2024_bugs_in_pods_understanding_bugs:3d1b1a36e585ac0d,issta2024_bugs_in_pods_understanding_bugs,containerd,19e8479837e16630685780de75ea3486f0dc777a,,,,,,,Escalized Privilege,Inaccurate Permission Assignment,,containerd,,,,,,"{""symptom_code"": ""C.3.2"", ""root_cause_code"": ""B.1.2"", ""source_sheet"": ""containerd""}",data/raw/issta2024_bugs_in_pods_understanding_bugs/SI Bugs in Pods_ Exploring Bugs in Container Runtime Systems.xlsx,containerd,
issta2024_bugs_in_pods_understanding_bugs:c7ccafdaae2d9f89,issta2024_bugs_in_pods_understanding_bugs,containerd,b8bb33b92d80dbd6444b052b4dca6340999a55b7,,,,,,,Access Permission Denied,Wrong Code Logic,,containerd,,,,,,"{""symptom_code"": ""C.3.1"", ""root_cause_code"": ""A.4.1"", ""source_sheet"": ""containerd""}",data/raw/issta2024_bugs_in_pods_understanding_bugs/SI Bugs in Pods_ Exploring Bugs in Container Runtime Systems.xlsx,containerd,
issta2024_bugs_in_pods_understanding_bugs:93c30a81a427345c,issta2024_bugs_in_pods_understanding_bugs,containerd,d2588b3fa423851ce20cf19b760837bf37f5f2d9,,,,,,,System Communication Error,Incorrect Mount Options,,containerd,,,,,,"{""symptom_code"": ""B.1.3"", ""root_cause_code"": ""B.1.1"", ""source_sheet"": ""containerd""}",data/raw/issta2024_bugs_in_pods_understanding_bugs/SI Bugs in Pods_ Exploring Bugs in Container Runtime Systems.xlsx,containerd,
issta2024_bugs_in_pods_understanding_bugs:af7c8f4ba9c7aad0,issta2024_bugs_in_pods_understanding_bugs,containerd,42a386c8164bef16d59590c61ab00806f854d8fd,,,,,,,Access Permission Denied,Incorrect Mount Options,,containerd,,,,,,"{""symptom_code"": ""C.3.1"", ""root_cause_code"": ""B.1.1"", ""source_sheet"": ""containerd""}",data/raw/issta2024_bugs_in_pods_understanding_bugs/SI Bugs in Pods_ Exploring Bugs in Container Runtime Systems.xlsx,containerd,
issta2024_bugs_in_pods_understanding_bugs:263c944a1b3a3043,issta2024_bugs_in_pods_understanding_bugs,containerd,a62a95789c14cc09727bd18a3ceb987b9f438868,,,,,,,Incorrect Configuration Effect,Incorrect Mount Options,,containerd,,,,,,"{""symptom_code"": ""C.2.3"", ""root_cause_code"": ""B.1.1"", ""source_sheet"": ""containerd""}",data/raw/issta2024_bugs_in_pods_understanding_bugs/SI Bugs in Pods_ Exploring Bugs in Container Runtime Systems.xlsx,containerd,
issta2024_bugs_in_pods_understanding_bugs:8e2a0b2c07290e32,issta2024_bugs_in_pods_understanding_bugs,containerd,ad8e5980606c5e4bc1bc1a140ddc24f2a626969c,,,,,,,Plugin Management Error,Incorrect Mount Options,,containerd,,,,,,"{""symptom_code"": ""B.1.1"", ""root_cause_code"": ""B.1.1"", ""source_sheet"": ""containerd""}",data/raw/issta2024_bugs_in_pods_understanding_bugs/SI Bugs in Pods_ Exploring Bugs in Container Runtime Systems.xlsx,containerd,
issta2024_bugs_in_pods_understanding_bugs:17c4af10fc7a38b8,issta2024_bugs_in_pods_understanding_bugs,containerd,fa4720fa16b0609c94f776a480bab496f2e3b3fe,,,,,,,Excessive Execution Time,Incorrect Mount Options,,containerd,,,,,,"{""symptom_code"": ""D.2"", ""root_cause_code"": ""B.1.1"", ""source_sheet"": ""containerd""}",data/raw/issta2024_bugs_in_pods_understanding_bugs/SI Bugs in Pods_ Exploring Bugs in Container Runtime Systems.xlsx,containerd,
issta2024_bugs_in_pods_understanding_bugs:bd08aa4f10aee091,issta2024_bugs_in_pods_understanding_bugs,containerd,7b9f1d40587343b32b478e0756e9bfbd3c684f4a,,,,,,,Wrong Container Behavior,Incorrect Image or Config Parsing,,containerd,,,,,,"{""symptom_code"": ""C.2.2"", ""root_cause_code"": ""A.4.2"", ""source_sheet"": ""containerd""}",data/raw/issta2024_bugs_in_pods_understanding_bugs/SI Bugs in Pods_ Exploring Bugs in Container Runtime Systems.xlsx,containerd,
issta2024_bugs_in_pods_understanding_bugs:747b0bf163b73e3f,issta2024_bugs_in_pods_understanding_bugs,containerd,b572a82ad8b2daec351b5f2ee909b1a2102b9cf4,,,,,,,Logging Error,Improper Exception Handling,,containerd,,,,,,"{""symptom_code"": ""C.1"", ""root_cause_code"": ""A.1"", ""source_sheet"": ""containerd""}",data/raw/issta2024_bugs_in_pods_understanding_bugs/SI Bugs in Pods_ Exploring Bugs in Container Runtime Systems.xlsx,containerd,
issta2024_bugs_in_pods_understanding_bugs:e263149014b3a109,issta2024_bugs_in_pods_understanding_bugs,containerd,978ff393d2544f729284cd2dfb70e497c4038a7c,,,,,,,Plugin Management Error,Plugin Config Error,,containerd,,,,,,"{""symptom_code"": ""B.1.1"", ""root_cause_code"": ""B.2.1"", ""source_sheet"": ""containerd""}",data/raw/issta2024_bugs_in_pods_understanding_bugs/SI Bugs in Pods_ Exploring Bugs in Container Runtime Systems.xlsx,containerd,
issta2024_bugs_in_pods_understanding_bugs:442e5e88a7135d73,issta2024_bugs_in_pods_understanding_bugs,containerd,a3a2d14ecc5b0e50efa15c67cfa46e0cb917b02d,,,,,,,Build Failure,Build Configuration Error,,containerd,,,,,,"{""symptom_code"": ""A"", ""root_cause_code"": ""B.3"", ""source_sheet"": ""containerd""}",data/raw/issta2024_bugs_in_pods_understanding_bugs/SI Bugs in Pods_ Exploring Bugs in Container Runtime Systems.xlsx,containerd,
issta2024_bugs_in_pods_understanding_bugs:870937e738b882a6,issta2024_bugs_in_pods_understanding_bugs,containerd,9f9ebbd99103bb60b0b0b45be8d9520b8c047b44,,,,,,,Plugin Management Error,Wrong Code Logic,,containerd,,,,,,"{""symptom_code"": ""B.1.1"", ""root_cause_code"": ""A.4.1"", ""source_sheet"": ""containerd""}",data/raw/issta2024_bugs_in_pods_understanding_bugs/SI Bugs in Pods_ Exploring Bugs in Container Runtime Systems.xlsx,containerd,
issta2024_bugs_in_pods_understanding_bugs:6f6785d1a707b787,issta2024_bugs_in_pods_understanding_bugs,containerd,92b7bc9edcb429ba2c242b7d70b73c6b188581ae,,,,,,,Incorrect Configuration Effect,Incorrect 3rd Party Library Usage,,containerd,,,,,,"{""symptom_code"": ""C.2.3"", ""root_cause_code"": ""A.2"", ""source_sheet"": ""containerd""}",data/raw/issta2024_bugs_in_pods_understanding_bugs/SI Bugs in Pods_ Exploring Bugs in Container Runtime Systems.xlsx,containerd,
issta2024_bugs_in_pods_understanding_bugs:6dd89bcec65a5329,issta2024_bugs_in_pods_understanding_bugs,containerd,25858d621fc200b8ce7f2cfa0f1b2e4147102fc9,,,,,,,Escalized Privilege,Wrong Code Logic,,containerd,,,,,,"{""symptom_code"": ""C.3.2"", ""root_cause_code"": ""A.4.1"", ""source_sheet"": ""containerd""}",data/raw/issta2024_bugs_in_pods_understanding_bugs/SI Bugs in Pods_ Exploring Bugs in Container Runtime Systems.xlsx,containerd,
issta2024_bugs_in_pods_understanding_bugs:1766c712b72674bd,issta2024_bugs_in_pods_understanding_bugs,containerd,f710505f4a2760424258a4d517bc261d5bbfce1c,,,,,,,Logging Error,Incorrect Image or Config Parsing,,containerd,,,,,,"{""symptom_code"": ""C.1"", ""root_cause_code"": ""A.4.2"", ""source_sheet"": ""containerd""}",data/raw/issta2024_bugs_in_pods_understanding_bugs/SI Bugs in Pods_ Exploring Bugs in Container Runtime Systems.xlsx,containerd,
issta2024_bugs_in_pods_understanding_bugs:ee450c613012865c,issta2024_bugs_in_pods_understanding_bugs,containerd,ad8b87ba234e0a4993fe84983ff4e45a3e47a58f,,,,,,,Wrong Container Behavior,Wrong Code Logic,,containerd,,,,,,"{""symptom_code"": ""C.2.2"", ""root_cause_code"": ""A.4.1"", ""source_sheet"": ""containerd""}",data/raw/issta2024_bugs_in_pods_understanding_bugs/SI Bugs in Pods_ Exploring Bugs in Container Runtime Systems.xlsx,containerd,
issta2024_bugs_in_pods_understanding_bugs:a4c515bb31e3cc2f,issta2024_bugs_in_pods_understanding_bugs,containerd,d9fc5f4b008e4966d07441409b662840b4f0bdb9,,,,,,,Access Permission Denied,Incorrect System Config,,containerd,,,,,,"{""symptom_code"": ""C.3.1"", ""root_cause_code"": ""B.2.2"", ""source_sheet"": ""containerd""}",data/raw/issta2024_bugs_in_pods_understanding_bugs/SI Bugs in Pods_ Exploring Bugs in Container Runtime Systems.xlsx,containerd,
issta2024_bugs_in_pods_understanding_bugs:05bec03aa3864f28,issta2024_bugs_in_pods_understanding_bugs,containerd,42584167b765180c83a3d4456882ce8237e27dad,,,,,,,Build Failure,Build Configuration Error,,containerd,,,,,,"{""symptom_code"": ""A"", ""root_cause_code"": ""B.3"", ""source_sheet"": ""containerd""}",data/raw/issta2024_bugs_in_pods_understanding_bugs/SI Bugs in Pods_ Exploring Bugs in Container Runtime Systems.xlsx,containerd,
issta2024_bugs_in_pods_understanding_bugs:0f00688e96a758a5,issta2024_bugs_in_pods_understanding_bugs,containerd,46773c341796748a7057e4f03826e738bc6778ec,,,,,,,Host Memory Leak,Inappropriate Lifecycle Organization,,containerd,,,,,,"{""symptom_code"": ""D.3.2"", ""root_cause_code"": ""A.3.2"", ""source_sheet"": ""containerd""}",data/raw/issta2024_bugs_in_pods_understanding_bugs/SI Bugs in Pods_ Exploring Bugs in Container Runtime Systems.xlsx,containerd,
issta2024_bugs_in_pods_understanding_bugs:1b2be98352f16ce3,issta2024_bugs_in_pods_understanding_bugs,containerd,22cd13b3702753b4b28a731a7d8a5c4794307a16,,,,,,,Logging Error,Unsafe API Usage,,containerd,,,,,,"{""symptom_code"": ""C.1"", ""root_cause_code"": ""A.3.1"", ""source_sheet"": ""containerd""}",data/raw/issta2024_bugs_in_pods_understanding_bugs/SI Bugs in Pods_ Exploring Bugs in Container Runtime Systems.xlsx,containerd,
issta2024_bugs_in_pods_understanding_bugs:ea25483f96e17393,issta2024_bugs_in_pods_understanding_bugs,containerd,80b825ca2ce0f4e9c1618303cbbc043448fe9515,,,,,,,Build Failure,Build Configuration Error,,containerd,,,,,,"{""symptom_code"": ""A"", ""root_cause_code"": ""B.3"", ""source_sheet"": ""containerd""}",data/raw/issta2024_bugs_in_pods_understanding_bugs/SI Bugs in Pods_ Exploring Bugs in Container Runtime Systems.xlsx,containerd,
issta2024_bugs_in_pods_understanding_bugs:039fb78a49113a87,issta2024_bugs_in_pods_understanding_bugs,containerd,8a1280b2b604f4eff856b8ac6d0d717f2ccc0550,,,,,,,Excessive Execution Time,Wrong Code Logic,,containerd,,,,,,"{""symptom_code"": ""D.2"", ""root_cause_code"": ""A.4.1"", ""source_sheet"": ""containerd""}",data/raw/issta2024_bugs_in_pods_understanding_bugs/SI Bugs in Pods_ Exploring Bugs in Container Runtime Systems.xlsx,containerd,
issta2024_bugs_in_pods_understanding_bugs:1c681a12f3098e1e,issta2024_bugs_in_pods_understanding_bugs,containerd,927b34e41e2ed0050dbeccbc7c3dffaeb2969949,,,,,,,Runtime Daemon Crash,Plugin Config Error,,containerd,,,,,,"{""symptom_code"": ""B.1.2"", ""root_cause_code"": ""B.2.1"", ""source_sheet"": ""containerd""}",data/raw/issta2024_bugs_in_pods_understanding_bugs/SI Bugs in Pods_ Exploring Bugs in Container Runtime Systems.xlsx,containerd,
issta2024_bugs_in_pods_understanding_bugs:0f5710d51a5e907e,issta2024_bugs_in_pods_understanding_bugs,containerd,fe426227d4ccb06fc5cbe7f11aa8eefc8d77768a,,,,,,,Logging Error,Improper Exception Handling,,containerd,,,,,,"{""symptom_code"": ""C.1"", ""root_cause_code"": ""A.1"", ""source_sheet"": ""containerd""}",data/raw/issta2024_bugs_in_pods_understanding_bugs/SI Bugs in Pods_ Exploring Bugs in Container Runtime Systems.xlsx,containerd,
issta2024_bugs_in_pods_understanding_bugs:e5d10132834ae9a8,issta2024_bugs_in_pods_understanding_bugs,containerd,df93940fb2a63c78791de006fb9b599a9005099e,,,,,,,Incorrect Configuration Effect,Incorrect Mount Options,,containerd,,,,,,"{""symptom_code"": ""C.2.3"", ""root_cause_code"": ""B.1.1"", ""source_sheet"": ""containerd""}",data/raw/issta2024_bugs_in_pods_understanding_bugs/SI Bugs in Pods_ Exploring Bugs in Container Runtime Systems.xlsx,containerd,
issta2024_bugs_in_pods_understanding_bugs:151fe5b121527c2c,issta2024_bugs_in_pods_understanding_bugs,containerd,040babe0030919730cc7903526dc174c022569c1,,,,,,,Build Failure,Build Configuration Error,,containerd,,,,,,"{""symptom_code"": ""A"", ""root_cause_code"": ""B.3"", ""source_sheet"": ""containerd""}",data/raw/issta2024_bugs_in_pods_understanding_bugs/SI Bugs in Pods_ Exploring Bugs in Container Runtime Systems.xlsx,containerd,
issta2024_bugs_in_pods_understanding_bugs:cd8db309f2fe75fc,issta2024_bugs_in_pods_understanding_bugs,containerd,9aadef1bee81d9377d481cfa53703d51bbaa7eca,,,,,,,Wrong Container Behavior,Build Configuration Error,,containerd,,,,,,"{""symptom_code"": ""C.2.2"", ""root_cause_code"": ""B.3"", ""source_sheet"": ""containerd""}",data/raw/issta2024_bugs_in_pods_understanding_bugs/SI Bugs in Pods_ Exploring Bugs in Container Runtime Systems.xlsx,containerd,
issta2024_bugs_in_pods_understanding_bugs:41917be77779ddbb,issta2024_bugs_in_pods_understanding_bugs,containerd,2a0b2ee9ebc11dc8d707064749564b666e10fe7a,,,,,,,Escalized Privilege,Inappropriate Lifecycle Organization,,containerd,,,,,,"{""symptom_code"": ""C.3.2"", ""root_cause_code"": ""A.3.2"", ""source_sheet"": ""containerd""}",data/raw/issta2024_bugs_in_pods_understanding_bugs/SI Bugs in Pods_ Exploring Bugs in Container Runtime Systems.xlsx,containerd,
issta2024_bugs_in_pods_understanding_bugs:aa2c3cd44ed6a987,issta2024_bugs_in_pods_understanding_bugs,containerd,2a425990cf16650c7acb1d44e0d03578e60e91d5,,,,,,,Incorrect Configuration Effect,Runtime Shim Config Error,,containerd,,,,,,"{""symptom_code"": ""C.2.3"", ""root_cause_code"": ""B.4"", ""source_sheet"": ""containerd""}",data/raw/issta2024_bugs_in_pods_understanding_bugs/SI Bugs in Pods_ Exploring Bugs in Container Runtime Systems.xlsx,containerd,
issta2024_bugs_in_pods_understanding_bugs:7478ea6063856863,issta2024_bugs_in_pods_understanding_bugs,containerd,0d0b2bd4fe0551464e1ab6adc39077e833be8746,,,,,,,Access Permission Denied,Incorrect Mount Options,,containerd,,,,,,"{""symptom_code"": ""C.3.1"", ""root_cause_code"": ""B.1.1"", ""source_sheet"": ""containerd""}",data/raw/issta2024_bugs_in_pods_understanding_bugs/SI Bugs in Pods_ Exploring Bugs in Container Runtime Systems.xlsx,containerd,
issta2024_bugs_in_pods_understanding_bugs:2d1ddb7ddb7be4d2,issta2024_bugs_in_pods_understanding_bugs,containerd,481fb923c591944bbaef88a94ac4da1d17552a53,,,,,,,Others,Build Configuration Error,,containerd,,,,,,"{""symptom_code"": ""C.2.4"", ""root_cause_code"": ""B.3"", ""source_sheet"": ""containerd""}",data/raw/issta2024_bugs_in_pods_understanding_bugs/SI Bugs in Pods_ Exploring Bugs in Container Runtime Systems.xlsx,containerd,
issta2024_bugs_in_pods_understanding_bugs:0974415d06dde0cc,issta2024_bugs_in_pods_understanding_bugs,containerd,8b9571e348da88a59afcabc4d687c1414ffc0c0f,,,,,,,Runtime Daemon Crash,Wrong Code Logic,,containerd,,,,,,"{""symptom_code"": ""B.1.2"", ""root_cause_code"": ""A.4.1"", ""source_sheet"": ""containerd""}",data/raw/issta2024_bugs_in_pods_understanding_bugs/SI Bugs in Pods_ Exploring Bugs in Container Runtime Systems.xlsx,containerd,
issta2024_bugs_in_pods_understanding_bugs:0505b0422ad4ac40,issta2024_bugs_in_pods_understanding_bugs,containerd,9b1fb82584b6bb780e91fab3ab56282affbb272d,,,,,,,Incorrect Configuration Effect,Improper Exception Handling,,containerd,,,,,,"{""symptom_code"": ""C.2.3"", ""root_cause_code"": ""A.1"", ""source_sheet"": ""containerd""}",data/raw/issta2024_bugs_in_pods_understanding_bugs/SI Bugs in Pods_ Exploring Bugs in Container Runtime Systems.xlsx,containerd,
issta2024_bugs_in_pods_understanding_bugs:fd02ecf2c609f60a,issta2024_bugs_in_pods_understanding_bugs,containerd,821c961c86f370d06bdb6ae3f8bb797821a390c0,,,,,,,Preset Exit Code,Improper Exception Handling,,containerd,,,,,,"{""symptom_code"": ""B.2"", ""root_cause_code"": ""A.1"", ""source_sheet"": ""containerd""}",data/raw/issta2024_bugs_in_pods_understanding_bugs/SI Bugs in Pods_ Exploring Bugs in Container Runtime Systems.xlsx,containerd,
issta2024_bugs_in_pods_understanding_bugs:13fa29d819b233e4,issta2024_bugs_in_pods_understanding_bugs,containerd,8d69c041c52ac688430df7fd540018bf74f341c2,,,,,,,Wrong Container Behavior,Incorrect System Config,,containerd,,,,,,"{""symptom_code"": ""C.2.2"", ""root_cause_code"": ""B.2.2"", ""source_sheet"": ""containerd""}",data/raw/issta2024_bugs_in_pods_understanding_bugs/SI Bugs in Pods_ Exploring Bugs in Container Runtime Systems.xlsx,containerd,
issta2024_bugs_in_pods_understanding_bugs:9e0e2d09a5ed74c7,issta2024_bugs_in_pods_understanding_bugs,containerd,34f7173491c45cca5c19643b54cc6f9fe0f92f04,,,,,,,Access Permission Denied,Inaccurate Permission Assignment,,containerd,,,,,,"{""symptom_code"": ""C.3.1"", ""root_cause_code"": ""B.1.2"", ""source_sheet"": ""containerd""}",data/raw/issta2024_bugs_in_pods_understanding_bugs/SI Bugs in Pods_ Exploring Bugs in Container Runtime Systems.xlsx,containerd,
issta2024_bugs_in_pods_understanding_bugs:9df67c71b5c7c95e,issta2024_bugs_in_pods_understanding_bugs,containerd,813a061fe13998dfaaceec6173448d0c12434e7b,,,,,,,High Disk Resource Occupancy,Incorrect Mount Options,,containerd,,,,,,"{""symptom_code"": ""D.1"", ""root_cause_code"": ""B.1.1"", ""source_sheet"": ""containerd""}",data/raw/issta2024_bugs_in_pods_understanding_bugs/SI Bugs in Pods_ Exploring Bugs in Container Runtime Systems.xlsx,containerd,
issta2024_bugs_in_pods_understanding_bugs:0b260f53806638dc,issta2024_bugs_in_pods_understanding_bugs,containerd,c0e00f19abe3aabe04769b75fea51b7b5cb69ee7,,,,,,,Incorrect Return Value,Wrong Code Logic,,containerd,,,,,,"{""symptom_code"": ""C.2.1"", ""root_cause_code"": ""A.4.1"", ""source_sheet"": ""containerd""}",data/raw/issta2024_bugs_in_pods_understanding_bugs/SI Bugs in Pods_ Exploring Bugs in Container Runtime Systems.xlsx,containerd,
issta2024_bugs_in_pods_understanding_bugs:21c9a93c56a0dead,issta2024_bugs_in_pods_understanding_bugs,containerd,4aff7431feaa0ab94ed16d36f0ed940db0ec3948,,,,,,,Preset Exit Code,Incorrect Image or Config Parsing,,containerd,,,,,,"{""symptom_code"": ""B.2"", ""root_cause_code"": ""A.4.2"", ""source_sheet"": ""containerd""}",data/raw/issta2024_bugs_in_pods_understanding_bugs/SI Bugs in Pods_ Exploring Bugs in Container Runtime Systems.xlsx,containerd,
issta2024_bugs_in_pods_understanding_bugs:ff1c0ad25fc5f25e,issta2024_bugs_in_pods_understanding_bugs,containerd,31a710c492ecb225ecbc4d43fddc2c36ec962f16,,,,,,,Preset Exit Code,Improper Exception Handling,,containerd,,,,,,"{""symptom_code"": ""B.2"", ""root_cause_code"": ""A.1"", ""source_sheet"": ""containerd""}",data/raw/issta2024_bugs_in_pods_understanding_bugs/SI Bugs in Pods_ Exploring Bugs in Container Runtime Systems.xlsx,containerd,
issta2024_bugs_in_pods_understanding_bugs:65da95a3100dcd22,issta2024_bugs_in_pods_understanding_bugs,containerd,af83e9af10cb7c0b0aa116914b6e58592b8c0f05,,,,,,,Incorrect Configuration Effect,Incorrect Image or Config Parsing,,containerd,,,,,,"{""symptom_code"": ""C.2.3"", ""root_cause_code"": ""A.4.2"", ""source_sheet"": ""containerd""}",data/raw/issta2024_bugs_in_pods_understanding_bugs/SI Bugs in Pods_ Exploring Bugs in Container Runtime Systems.xlsx,containerd,
issta2024_bugs_in_pods_understanding_bugs:5907a911427dde1c,issta2024_bugs_in_pods_understanding_bugs,containerd,af39d2ad71a599b2873ee657c5caf9f9d8203354,,,,,,,Wrong Container Behavior,Runtime Shim Config Error,,containerd,,,,,,"{""symptom_code"": ""C.2.2"", ""root_cause_code"": ""B.4"", ""source_sheet"": ""containerd""}",data/raw/issta2024_bugs_in_pods_understanding_bugs/SI Bugs in Pods_ Exploring Bugs in Container Runtime Systems.xlsx,containerd,
issta2024_bugs_in_pods_understanding_bugs:aa6ed1006ac7d49a,issta2024_bugs_in_pods_understanding_bugs,containerd,8aca314ddb4feb71072f1a8fa76d144026dd7939,,,,,,,Logging Error,Plugin Config Error,,containerd,,,,,,"{""symptom_code"": ""C.1"", ""root_cause_code"": ""B.2.1"", ""source_sheet"": ""containerd""}",data/raw/issta2024_bugs_in_pods_understanding_bugs/SI Bugs in Pods_ Exploring Bugs in Container Runtime Systems.xlsx,containerd,
issta2024_bugs_in_pods_understanding_bugs:b60fe5aa724bf3d5,issta2024_bugs_in_pods_understanding_bugs,containerd,48c7529de2003a3b3cdfc6119796663fde32c681,,,,,,,Incorrect Return Value,Others,,containerd,,,,,,"{""symptom_code"": ""C.2.1"", ""root_cause_code"": ""C"", ""source_sheet"": ""containerd""}",data/raw/issta2024_bugs_in_pods_understanding_bugs/SI Bugs in Pods_ Exploring Bugs in Container Runtime Systems.xlsx,containerd,
issta2024_bugs_in_pods_understanding_bugs:5d7b526132dfd523,issta2024_bugs_in_pods_understanding_bugs,containerd,0c2c289d4c833e3f54d515f98c7e1fc0f64655e6,,,,,,,Preset Exit Code,Improper Exception Handling,,containerd,,,,,,"{""symptom_code"": ""B.2"", ""root_cause_code"": ""A.1"", ""source_sheet"": ""containerd""}",data/raw/issta2024_bugs_in_pods_understanding_bugs/SI Bugs in Pods_ Exploring Bugs in Container Runtime Systems.xlsx,containerd,
issta2024_bugs_in_pods_understanding_bugs:6b3d647d985e6cfb,issta2024_bugs_in_pods_understanding_bugs,containerd,adee2c797433f8de084e6500bf901b6ade75c24f,,,,,,,Access Permission Denied,Incorrect System Config,,containerd,,,,,,"{""symptom_code"": ""C.3.1"", ""root_cause_code"": ""B.2.2"", ""source_sheet"": ""containerd""}",data/raw/issta2024_bugs_in_pods_understanding_bugs/SI Bugs in Pods_ Exploring Bugs in Container Runtime Systems.xlsx,containerd,
issta2024_bugs_in_pods_understanding_bugs:5597065460572485,issta2024_bugs_in_pods_understanding_bugs,containerd,f39b3ac7eaf52bc7eeb85adb08e521f5477f25f0,,,,,,,Incorrect Configuration Effect,Incorrect 3rd Party Library Usage,,containerd,,,,,,"{""symptom_code"": ""C.2.3"", ""root_cause_code"": ""A.2"", ""source_sheet"": ""containerd""}",data/raw/issta2024_bugs_in_pods_understanding_bugs/SI Bugs in Pods_ Exploring Bugs in Container Runtime Systems.xlsx,containerd,
issta2024_bugs_in_pods_understanding_bugs:c1f6e96f175bb78c,issta2024_bugs_in_pods_understanding_bugs,containerd,34c4abc341bd1fb24a37458caaab59716c6cd395,,,,,,,Build Failure,Build Configuration Error,,containerd,,,,,,"{""symptom_code"": ""A"", ""root_cause_code"": ""B.3"", ""source_sheet"": ""containerd""}",data/raw/issta2024_bugs_in_pods_understanding_bugs/SI Bugs in Pods_ Exploring Bugs in Container Runtime Systems.xlsx,containerd,
issta2024_bugs_in_pods_understanding_bugs:64b2a01a30863317,issta2024_bugs_in_pods_understanding_bugs,containerd,54e95e6b880912e489529be120d4ecead80dbd90,,,,,,,Out of Memory,Wrong Code Logic,,containerd,,,,,,"{""symptom_code"": ""D.3.1"", ""root_cause_code"": ""A.4.1"", ""source_sheet"": ""containerd""}",data/raw/issta2024_bugs_in_pods_understanding_bugs/SI Bugs in Pods_ Exploring Bugs in Container Runtime Systems.xlsx,containerd,
issta2024_bugs_in_pods_understanding_bugs:21ae5f7cb054a53c,issta2024_bugs_in_pods_understanding_bugs,containerd,94462d8f5d9d2537e82762234365df78f2c6fb56,,,,,,,Logging Error,Improper Exception Handling,,containerd,,,,,,"{""symptom_code"": ""C.1"", ""root_cause_code"": ""A.1"", ""source_sheet"": ""containerd""}",data/raw/issta2024_bugs_in_pods_understanding_bugs/SI Bugs in Pods_ Exploring Bugs in Container Runtime Systems.xlsx,containerd,
issta2024_bugs_in_pods_understanding_bugs:814c5f8cc4f72501,issta2024_bugs_in_pods_understanding_bugs,containerd,0b3c31dd7c75186ad53f22ff0ccc6738412097ab,,,,,,,Out of Memory,Incorrect System Config,,containerd,,,,,,"{""symptom_code"": ""D.3.1"", ""root_cause_code"": ""B.2.2"", ""source_sheet"": ""containerd""}",data/raw/issta2024_bugs_in_pods_understanding_bugs/SI Bugs in Pods_ Exploring Bugs in Container Runtime Systems.xlsx,containerd,
issta2024_bugs_in_pods_understanding_bugs:d68c0ebbda0cbec4,issta2024_bugs_in_pods_understanding_bugs,containerd,a35ead5b9d1eb21ccc923b097777c44137628264,,,,,,,Host Memory Leak,Unsafe API Usage,,containerd,,,,,,"{""symptom_code"": ""D.3.2"", ""root_cause_code"": ""A.3.1"", ""source_sheet"": ""containerd""}",data/raw/issta2024_bugs_in_pods_understanding_bugs/SI Bugs in Pods_ Exploring Bugs in Container Runtime Systems.xlsx,containerd,
issta2024_bugs_in_pods_understanding_bugs:c17315f35b5dcac9,issta2024_bugs_in_pods_understanding_bugs,containerd,94f0af3ece002c2c49b02b868844b0f6fec74d7d,,,,,,,Others,Improper Exception Handling,,containerd,,,,,,"{""symptom_code"": ""C.2.4"", ""root_cause_code"": ""A.1"", ""source_sheet"": ""containerd""}",data/raw/issta2024_bugs_in_pods_understanding_bugs/SI Bugs in Pods_ Exploring Bugs in Container Runtime Systems.xlsx,containerd,
issta2024_bugs_in_pods_understanding_bugs:80442d0a3552b358,issta2024_bugs_in_pods_understanding_bugs,containerd,ec2bec6481d5ad53a2a21a7ad1a3c48efca3999f,,,,,,,Runtime Daemon Crash,Incorrect Image or Config Parsing,,containerd,,,,,,"{""symptom_code"": ""B.1.2"", ""root_cause_code"": ""A.4.2"", ""source_sheet"": ""containerd""}",data/raw/issta2024_bugs_in_pods_understanding_bugs/SI Bugs in Pods_ Exploring Bugs in Container Runtime Systems.xlsx,containerd,
issta2024_bugs_in_pods_understanding_bugs:aa4c419af670f330,issta2024_bugs_in_pods_understanding_bugs,containerd,a6cd5e3f4f83988c46f0a1963b6d4eae039f2710,,,,,,,Access Permission Denied,Incorrect 3rd Party Library Usage,,containerd,,,,,,"{""symptom_code"": ""C.3.1"", ""root_cause_code"": ""A.2"", ""source_sheet"": ""containerd""}",data/raw/issta2024_bugs_in_pods_understanding_bugs/SI Bugs in Pods_ Exploring Bugs in Container Runtime Systems.xlsx,containerd,
issta2024_bugs_in_pods_understanding_bugs:0f552660dc9e307e,issta2024_bugs_in_pods_understanding_bugs,containerd,3d9dd2022d82c235306b87a1b36bb69a02647c9a,,,,,,,Logging Error,Improper Exception Handling,,containerd,,,,,,"{""symptom_code"": ""C.1"", ""root_cause_code"": ""A.1"", ""source_sheet"": ""containerd""}",data/raw/issta2024_bugs_in_pods_understanding_bugs/SI Bugs in Pods_ Exploring Bugs in Container Runtime Systems.xlsx,containerd,
issta2024_bugs_in_pods_understanding_bugs:2f8570ad1c4d59f8,issta2024_bugs_in_pods_understanding_bugs,containerd,8ba285f6b257867bdb05a3c4e2ddeaa6817872bb,,,,,,,Wrong Container Behavior,Incorrect 3rd Party Library Usage,,containerd,,,,,,"{""symptom_code"": ""C.2.2"", ""root_cause_code"": ""A.2"", ""source_sheet"": ""containerd""}",data/raw/issta2024_bugs_in_pods_understanding_bugs/SI Bugs in Pods_ Exploring Bugs in Container Runtime Systems.xlsx,containerd,
issta2024_bugs_in_pods_understanding_bugs:5b44e94d212928e2,issta2024_bugs_in_pods_understanding_bugs,containerd,18d7e84f9beb7effc5db7cd4a01c4e5f0e3d12c5,,,,,,,Incorrect Return Value,Incorrect Image or Config Parsing,,containerd,,,,,,"{""symptom_code"": ""C.2.1"", ""root_cause_code"": ""A.4.2"", ""source_sheet"": ""containerd""}",data/raw/issta2024_bugs_in_pods_understanding_bugs/SI Bugs in Pods_ Exploring Bugs in Container Runtime Systems.xlsx,containerd,
issta2024_bugs_in_pods_understanding_bugs:d8aea6d89a523a8f,issta2024_bugs_in_pods_understanding_bugs,containerd,7a36efd75e8b767511e63b0a22818726d902ceec,,,,,,,Runtime Daemon Crash,Improper Exception Handling,,containerd,,,,,,"{""symptom_code"": ""B.1.2"", ""root_cause_code"": ""A.1"", ""source_sheet"": ""containerd""}",data/raw/issta2024_bugs_in_pods_understanding_bugs/SI Bugs in Pods_ Exploring Bugs in Container Runtime Systems.xlsx,containerd,
issta2024_bugs_in_pods_understanding_bugs:7c0d356691ef8e88,issta2024_bugs_in_pods_understanding_bugs,containerd,82ec62b8658259eb29635045c5e190df26833da2,,,,,,,Host Memory Leak,Unsafe API Usage,,containerd,,,,,,"{""symptom_code"": ""D.3.2"", ""root_cause_code"": ""A.3.1"", ""source_sheet"": ""containerd""}",data/raw/issta2024_bugs_in_pods_understanding_bugs/SI Bugs in Pods_ Exploring Bugs in Container Runtime Systems.xlsx,containerd,
issta2024_bugs_in_pods_understanding_bugs:663bd05f0faef497,issta2024_bugs_in_pods_understanding_bugs,containerd,c56f54aa1ea89f3207e3effe1b5d50ed4e6f1908,,,,,,,Logging Error,Incorrect Image or Config Parsing,,containerd,,,,,,"{""symptom_code"": ""C.1"", ""root_cause_code"": ""A.4.2"", ""source_sheet"": ""containerd""}",data/raw/issta2024_bugs_in_pods_understanding_bugs/SI Bugs in Pods_ Exploring Bugs in Container Runtime Systems.xlsx,containerd,
issta2024_bugs_in_pods_understanding_bugs:72078588940914a4,issta2024_bugs_in_pods_understanding_bugs,containerd,f48ae222738760d96b6f488880e87bbdec6a4ac6,,,,,,,Logging Error,Improper Exception Handling,,containerd,,,,,,"{""symptom_code"": ""C.1"", ""root_cause_code"": ""A.1"", ""source_sheet"": ""containerd""}",data/raw/issta2024_bugs_in_pods_understanding_bugs/SI Bugs in Pods_ Exploring Bugs in Container Runtime Systems.xlsx,containerd,
issta2024_bugs_in_pods_understanding_bugs:a252f057f8498f71,issta2024_bugs_in_pods_understanding_bugs,containerd,3193650f130b67471afb58252a7d422c848b9bdd,,,,,,,Incorrect Return Value,Improper Exception Handling,,containerd,,,,,,"{""symptom_code"": ""C.2.1"", ""root_cause_code"": ""A.1"", ""source_sheet"": ""containerd""}",data/raw/issta2024_bugs_in_pods_understanding_bugs/SI Bugs in Pods_ Exploring Bugs in Container Runtime Systems.xlsx,containerd,
issta2024_bugs_in_pods_understanding_bugs:5e31442e99bf8a43,issta2024_bugs_in_pods_understanding_bugs,containerd,d26587c725d1e27aa973e411079c433ac1445956,,,,,,,Logging Error,Incorrect 3rd Party Library Usage,,containerd,,,,,,"{""symptom_code"": ""C.1"", ""root_cause_code"": ""A.2"", ""source_sheet"": ""containerd""}",data/raw/issta2024_bugs_in_pods_understanding_bugs/SI Bugs in Pods_ Exploring Bugs in Container Runtime Systems.xlsx,containerd,
issta2024_bugs_in_pods_understanding_bugs:698450f42a7592a1,issta2024_bugs_in_pods_understanding_bugs,containerd,6b4b6956e3a0a7943782a5ea4ccbaa39a54ea749,,,,,,,Logging Error,Improper Exception Handling,,containerd,,,,,,"{""symptom_code"": ""C.1"", ""root_cause_code"": ""A.1"", ""source_sheet"": ""containerd""}",data/raw/issta2024_bugs_in_pods_understanding_bugs/SI Bugs in Pods_ Exploring Bugs in Container Runtime Systems.xlsx,containerd,
issta2024_bugs_in_pods_understanding_bugs:3f3e269d3aa90be6,issta2024_bugs_in_pods_understanding_bugs,containerd,8ce3e4e159ffe5b98272836a33e5c6c5657fdb87,,,,,,,Preset Exit Code,Wrong Code Logic,,containerd,,,,,,"{""symptom_code"": ""B.2"", ""root_cause_code"": ""A.4.1"", ""source_sheet"": ""containerd""}",data/raw/issta2024_bugs_in_pods_understanding_bugs/SI Bugs in Pods_ Exploring Bugs in Container Runtime Systems.xlsx,containerd,
issta2024_bugs_in_pods_understanding_bugs:b7640c1d2359b4a8,issta2024_bugs_in_pods_understanding_bugs,containerd,98cb6d7eb8c95de40e8d908a3285e94fb16a44e3,,,,,,,Plugin Management Error,Improper Exception Handling,,containerd,,,,,,"{""symptom_code"": ""B.1.1"", ""root_cause_code"": ""A.1"", ""source_sheet"": ""containerd""}",data/raw/issta2024_bugs_in_pods_understanding_bugs/SI Bugs in Pods_ Exploring Bugs in Container Runtime Systems.xlsx,containerd,
issta2024_bugs_in_pods_understanding_bugs:68d83e2908dfa90a,issta2024_bugs_in_pods_understanding_bugs,containerd,f25ec98d0d9528e8772bf05dee45ae9550d04f91,,,,,,,Others,Incorrect 3rd Party Library Usage,,containerd,,,,,,"{""symptom_code"": ""C.2.4"", ""root_cause_code"": ""A.2"", ""source_sheet"": ""containerd""}",data/raw/issta2024_bugs_in_pods_understanding_bugs/SI Bugs in Pods_ Exploring Bugs in Container Runtime Systems.xlsx,containerd,
issta2024_bugs_in_pods_understanding_bugs:b795ed802da064f7,issta2024_bugs_in_pods_understanding_bugs,containerd,727b254039d0fb04183a351633a8a51b33a19620,,,,,,,Incorrect Return Value,Wrong Code Logic,,containerd,,,,,,"{""symptom_code"": ""C.2.1"", ""root_cause_code"": ""A.4.1"", ""source_sheet"": ""containerd""}",data/raw/issta2024_bugs_in_pods_understanding_bugs/SI Bugs in Pods_ Exploring Bugs in Container Runtime Systems.xlsx,containerd,
issta2024_bugs_in_pods_understanding_bugs:bc45fd1602726774,issta2024_bugs_in_pods_understanding_bugs,containerd,a3265102d9318fac00c2425f46b2d532bacc3afb,,,,,,,Wrong Container Behavior,Incorrect System Config,,containerd,,,,,,"{""symptom_code"": ""C.2.2"", ""root_cause_code"": ""B.2.2"", ""source_sheet"": ""containerd""}",data/raw/issta2024_bugs_in_pods_understanding_bugs/SI Bugs in Pods_ Exploring Bugs in Container Runtime Systems.xlsx,containerd,
issta2024_bugs_in_pods_understanding_bugs:764041f59ec640de,issta2024_bugs_in_pods_understanding_bugs,containerd,3eda46af12b1deedab3d0802adb2e81cb3521950,,,,,,,Wrong Container Behavior,Wrong Code Logic,,containerd,,,,,,"{""symptom_code"": ""C.2.2"", ""root_cause_code"": ""A.4.1"", ""source_sheet"": ""containerd""}",data/raw/issta2024_bugs_in_pods_understanding_bugs/SI Bugs in Pods_ Exploring Bugs in Container Runtime Systems.xlsx,containerd,
issta2024_bugs_in_pods_understanding_bugs:e1cc933a4ced2fc5,issta2024_bugs_in_pods_understanding_bugs,containerd,62df35df66f6b78908ff30acc8692ef26dcd9d12,,,,,,,Incorrect Return Value,Incorrect 3rd Party Library Usage,,containerd,,,,,,"{""symptom_code"": ""C.2.1"", ""root_cause_code"": ""A.2"", ""source_sheet"": ""containerd""}",data/raw/issta2024_bugs_in_pods_understanding_bugs/SI Bugs in Pods_ Exploring Bugs in Container Runtime Systems.xlsx,containerd,
issta2024_bugs_in_pods_understanding_bugs:77ff8e74851ac673,issta2024_bugs_in_pods_understanding_bugs,containerd,4f39b164f3a52b121a11e2ac91f5fa147ca39ca0,,,,,,,Incorrect Return Value,Plugin Config Error,,containerd,,,,,,"{""symptom_code"": ""C.2.1"", ""root_cause_code"": ""B.2.1"", ""source_sheet"": ""containerd""}",data/raw/issta2024_bugs_in_pods_understanding_bugs/SI Bugs in Pods_ Exploring Bugs in Container Runtime Systems.xlsx,containerd,
issta2024_bugs_in_pods_understanding_bugs:1b09e8249d7d9b79,issta2024_bugs_in_pods_understanding_bugs,containerd,9f6058d029ebffdcd6a8a954143cd4070f62f720,,,,,,,Wrong Container Behavior,Improper Exception Handling,,containerd,,,,,,"{""symptom_code"": ""C.2.2"", ""root_cause_code"": ""A.1"", ""source_sheet"": ""containerd""}",data/raw/issta2024_bugs_in_pods_understanding_bugs/SI Bugs in Pods_ Exploring Bugs in Container Runtime Systems.xlsx,containerd,
issta2024_bugs_in_pods_understanding_bugs:0874d97d17ae4457,issta2024_bugs_in_pods_understanding_bugs,containerd,5e84f08c4a41ba10a2b23e2b44f90ed8eb0e8e0a,,,,,,,System Communication Error,Incorrect System Config,,containerd,,,,,,"{""symptom_code"": ""B.1.3"", ""root_cause_code"": ""B.2.2"", ""source_sheet"": ""containerd""}",data/raw/issta2024_bugs_in_pods_understanding_bugs/SI Bugs in Pods_ Exploring Bugs in Container Runtime Systems.xlsx,containerd,
issta2024_bugs_in_pods_understanding_bugs:b4016c800648d69b,issta2024_bugs_in_pods_understanding_bugs,containerd,1753e5af7ad2e958bb692efa654b2ae429a4222f,,,,,,,Others,Improper Exception Handling,,containerd,,,,,,"{""symptom_code"": ""C.2.4"", ""root_cause_code"": ""A.1"", ""source_sheet"": ""containerd""}",data/raw/issta2024_bugs_in_pods_understanding_bugs/SI Bugs in Pods_ Exploring Bugs in Container Runtime Systems.xlsx,containerd,
issta2024_bugs_in_pods_understanding_bugs:2e21f3b7ebe16852,issta2024_bugs_in_pods_understanding_bugs,containerd,94c68aa0019dcca11eae8b075b21849f418dadb7,,,,,,,Others,Others,,containerd,,,,,,"{""symptom_code"": ""C.2.4"", ""root_cause_code"": ""C"", ""source_sheet"": ""containerd""}",data/raw/issta2024_bugs_in_pods_understanding_bugs/SI Bugs in Pods_ Exploring Bugs in Container Runtime Systems.xlsx,containerd,
issta2024_bugs_in_pods_understanding_bugs:88b259cbd76119cd,issta2024_bugs_in_pods_understanding_bugs,containerd,b10536d64f8dc5d424d8bc048bae73f02d81a942,,,,,,,Others,Improper Exception Handling,,containerd,,,,,,"{""symptom_code"": ""C.2.4"", ""root_cause_code"": ""A.1"", ""source_sheet"": ""containerd""}",data/raw/issta2024_bugs_in_pods_understanding_bugs/SI Bugs in Pods_ Exploring Bugs in Container Runtime Systems.xlsx,containerd,
issta2024_bugs_in_pods_understanding_bugs:f260db0f1943aa57,issta2024_bugs_in_pods_understanding_bugs,containerd,a2df12d1a374990606ef91c04ebd346a439d1e27,,,,,,,Wrong Container Behavior,Wrong Code Logic,,containerd,,,,,,"{""symptom_code"": ""C.2.2"", ""root_cause_code"": ""A.4.1"", ""source_sheet"": ""containerd""}",data/raw/issta2024_bugs_in_pods_understanding_bugs/SI Bugs in Pods_ Exploring Bugs in Container Runtime Systems.xlsx,containerd,
issta2024_bugs_in_pods_understanding_bugs:f2afea2319556c84,issta2024_bugs_in_pods_understanding_bugs,containerd,41575038819551c255ea2385dfe6c63cb7048dca,,,,,,,Plugin Management Error,Wrong Code Logic,,containerd,,,,,,"{""symptom_code"": ""B.1.1"", ""root_cause_code"": ""A.4.1"", ""source_sheet"": ""containerd""}",data/raw/issta2024_bugs_in_pods_understanding_bugs/SI Bugs in Pods_ Exploring Bugs in Container Runtime Systems.xlsx,containerd,
issta2024_bugs_in_pods_understanding_bugs:0500d17d6376a79b,issta2024_bugs_in_pods_understanding_bugs,containerd,5a3a9baec96cb674406eeecf93da6e5e1fb201d6,,,,,,,Runtime Daemon Crash,Incorrect 3rd Party Library Usage,,containerd,,,,,,"{""symptom_code"": ""B.1.2"", ""root_cause_code"": ""A.2"", ""source_sheet"": ""containerd""}",data/raw/issta2024_bugs_in_pods_understanding_bugs/SI Bugs in Pods_ Exploring Bugs in Container Runtime Systems.xlsx,containerd,
issta2024_bugs_in_pods_understanding_bugs:78be21cdb4514faf,issta2024_bugs_in_pods_understanding_bugs,containerd,f219f7d1ead90abede190cd74a3c5c4cdc580457,,,,,,,Logging Error,Improper Exception Handling,,containerd,,,,,,"{""symptom_code"": ""C.1"", ""root_cause_code"": ""A.1"", ""source_sheet"": ""containerd""}",data/raw/issta2024_bugs_in_pods_understanding_bugs/SI Bugs in Pods_ Exploring Bugs in Container Runtime Systems.xlsx,containerd,
issta2024_bugs_in_pods_understanding_bugs:6ede63efc55784c6,issta2024_bugs_in_pods_understanding_bugs,containerd,80839f11e2ea6759eed4b5e616d65cb59258a5f3,,,,,,,Wrong Container Behavior,Inappropriate Lifecycle Organization,,containerd,,,,,,"{""symptom_code"": ""C.2.2"", ""root_cause_code"": ""A.3.2"", ""source_sheet"": ""containerd""}",data/raw/issta2024_bugs_in_pods_understanding_bugs/SI Bugs in Pods_ Exploring Bugs in Container Runtime Systems.xlsx,containerd,
issta2024_bugs_in_pods_understanding_bugs:23b6250c43569f32,issta2024_bugs_in_pods_understanding_bugs,containerd,2eabcf7026816c46cfc5be03402716138f4c3332,,,,,,,Runtime Daemon Crash,Incorrect Image or Config Parsing,,containerd,,,,,,"{""symptom_code"": ""B.1.2"", ""root_cause_code"": ""A.4.2"", ""source_sheet"": ""containerd""}",data/raw/issta2024_bugs_in_pods_understanding_bugs/SI Bugs in Pods_ Exploring Bugs in Container Runtime Systems.xlsx,containerd,
issta2024_bugs_in_pods_understanding_bugs:887b85e8c8d1dc7e,issta2024_bugs_in_pods_understanding_bugs,containerd,c040f83825c532cf6bbe2b5f7518d266489c6c7f,,,,,,,Build Failure,Build Configuration Error,,containerd,,,,,,"{""symptom_code"": ""A"", ""root_cause_code"": ""B.3"", ""source_sheet"": ""containerd""}",data/raw/issta2024_bugs_in_pods_understanding_bugs/SI Bugs in Pods_ Exploring Bugs in Container Runtime Systems.xlsx,containerd,
issta2024_bugs_in_pods_understanding_bugs:03bdda8f9e5292f7,issta2024_bugs_in_pods_understanding_bugs,containerd,3b71cfd407bdf0b0e5a8c576dff02cd3d33c89ab,,,,,,,Wrong Container Behavior,Inappropriate Lifecycle Organization,,containerd,,,,,,"{""symptom_code"": ""C.2.2"", ""root_cause_code"": ""A.3.2"", ""source_sheet"": ""containerd""}",data/raw/issta2024_bugs_in_pods_understanding_bugs/SI Bugs in Pods_ Exploring Bugs in Container Runtime Systems.xlsx,containerd,
issta2024_bugs_in_pods_understanding_bugs:1e4d63f219d23bd2,issta2024_bugs_in_pods_understanding_bugs,containerd,662d8a085e46749f5ebc18e8ee4466a281a2fc31,,,,,,,Host Memory Leak,Unsafe API Usage,,containerd,,,,,,"{""symptom_code"": ""D.3.2"", ""root_cause_code"": ""A.3.1"", ""source_sheet"": ""containerd""}",data/raw/issta2024_bugs_in_pods_understanding_bugs/SI Bugs in Pods_ Exploring Bugs in Container Runtime Systems.xlsx,containerd,
issta2024_bugs_in_pods_understanding_bugs:d6a1f7911c157f50,issta2024_bugs_in_pods_understanding_bugs,containerd,a113737ccf2014581811039b61b68f27fa9347f1,,,,,,,Wrong Container Behavior,Wrong Code Logic,,containerd,,,,,,"{""symptom_code"": ""C.2.2"", ""root_cause_code"": ""A.4.1"", ""source_sheet"": ""containerd""}",data/raw/issta2024_bugs_in_pods_understanding_bugs/SI Bugs in Pods_ Exploring Bugs in Container Runtime Systems.xlsx,containerd,
issta2024_bugs_in_pods_understanding_bugs:de81de808e4ae635,issta2024_bugs_in_pods_understanding_bugs,containerd,8a25fa584f0a0f116db82c3cedcc38c629e9effa,,,,,,,Incorrect Return Value,Wrong Code Logic,,containerd,,,,,,"{""symptom_code"": ""C.2.1"", ""root_cause_code"": ""A.4.1"", ""source_sheet"": ""containerd""}",data/raw/issta2024_bugs_in_pods_understanding_bugs/SI Bugs in Pods_ Exploring Bugs in Container Runtime Systems.xlsx,containerd,
issta2024_bugs_in_pods_understanding_bugs:19fb43fb60e957f9,issta2024_bugs_in_pods_understanding_bugs,containerd,b0dd5065533378b7a4bd32789fdd7de087432e80,,,,,,,Runtime Daemon Crash,Incorrect Image or Config Parsing,,containerd,,,,,,"{""symptom_code"": ""B.1.2"", ""root_cause_code"": ""A.4.2"", ""source_sheet"": ""containerd""}",data/raw/issta2024_bugs_in_pods_understanding_bugs/SI Bugs in Pods_ Exploring Bugs in Container Runtime Systems.xlsx,containerd,
issta2024_bugs_in_pods_understanding_bugs:19c8517eca6b4ff4,issta2024_bugs_in_pods_understanding_bugs,containerd,f012617edfd887a29345888d65640a7ccd7c72ce,,,,,,,Host Memory Leak,Unsafe API Usage,,containerd,,,,,,"{""symptom_code"": ""D.3.2"", ""root_cause_code"": ""A.3.1"", ""source_sheet"": ""containerd""}",data/raw/issta2024_bugs_in_pods_understanding_bugs/SI Bugs in Pods_ Exploring Bugs in Container Runtime Systems.xlsx,containerd,
issta2024_bugs_in_pods_understanding_bugs:fa23087b23dcaebb,issta2024_bugs_in_pods_understanding_bugs,containerd,00d102da9f73110bf9e79f9139d10ee2f249effb,,,,,,,Excessive Execution Time,Improper Exception Handling,,containerd,,,,,,"{""symptom_code"": ""D.2"", ""root_cause_code"": ""A.1"", ""source_sheet"": ""containerd""}",data/raw/issta2024_bugs_in_pods_understanding_bugs/SI Bugs in Pods_ Exploring Bugs in Container Runtime Systems.xlsx,containerd,
issta2024_bugs_in_pods_understanding_bugs:072c254d94331210,issta2024_bugs_in_pods_understanding_bugs,containerd,6906b57c721f9114377ceb069662b196876915c0,,,,,,,Incorrect Configuration Effect,Incorrect Image or Config Parsing,,containerd,,,,,,"{""symptom_code"": ""C.2.3"", ""root_cause_code"": ""A.4.2"", ""source_sheet"": ""containerd""}",data/raw/issta2024_bugs_in_pods_understanding_bugs/SI Bugs in Pods_ Exploring Bugs in Container Runtime Systems.xlsx,containerd,
issta2024_bugs_in_pods_understanding_bugs:ed3673c0dc02fc8b,issta2024_bugs_in_pods_understanding_bugs,containerd,6ff1a59345d3b3e5f6006c5a01ad9274a72722a0,,,,,,,System Communication Error,Wrong Code Logic,,containerd,,,,,,"{""symptom_code"": ""B.1.3"", ""root_cause_code"": ""A.4.1"", ""source_sheet"": ""containerd""}",data/raw/issta2024_bugs_in_pods_understanding_bugs/SI Bugs in Pods_ Exploring Bugs in Container Runtime Systems.xlsx,containerd,
issta2024_bugs_in_pods_understanding_bugs:624d892eecd6f2e4,issta2024_bugs_in_pods_understanding_bugs,containerd,a97564411cf8f306983915f75de774828ebbd712,,,,,,,Wrong Container Behavior,Inappropriate Lifecycle Organization,,containerd,,,,,,"{""symptom_code"": ""C.2.2"", ""root_cause_code"": ""A.3.2"", ""source_sheet"": ""containerd""}",data/raw/issta2024_bugs_in_pods_understanding_bugs/SI Bugs in Pods_ Exploring Bugs in Container Runtime Systems.xlsx,containerd,
issta2024_bugs_in_pods_understanding_bugs:45d02ec9d21def42,issta2024_bugs_in_pods_understanding_bugs,containerd,fa6759ae5378e5332f4ef5d4f2baca2bdef48115,,,,,,,Incorrect Return Value,Wrong Code Logic,,containerd,,,,,,"{""symptom_code"": ""C.2.1"", ""root_cause_code"": ""A.4.1"", ""source_sheet"": ""containerd""}",data/raw/issta2024_bugs_in_pods_understanding_bugs/SI Bugs in Pods_ Exploring Bugs in Container Runtime Systems.xlsx,containerd,
issta2024_bugs_in_pods_understanding_bugs:c78a8b7fd056ee6b,issta2024_bugs_in_pods_understanding_bugs,containerd,89eebc4c0fcbdef9b75440de25ce51b1cece6dc6,,,,,,,Incorrect Return Value,Improper Exception Handling,,containerd,,,,,,"{""symptom_code"": ""C.2.1"", ""root_cause_code"": ""A.1"", ""source_sheet"": ""containerd""}",data/raw/issta2024_bugs_in_pods_understanding_bugs/SI Bugs in Pods_ Exploring Bugs in Container Runtime Systems.xlsx,containerd,
issta2024_bugs_in_pods_understanding_bugs:330e94b134d09198,issta2024_bugs_in_pods_understanding_bugs,containerd,3e51312a61ea9d727d082818e487b76a7739385a,,,,,,,Wrong Container Behavior,Runtime Shim Config Error,,containerd,,,,,,"{""symptom_code"": ""C.2.2"", ""root_cause_code"": ""B.4"", ""source_sheet"": ""containerd""}",data/raw/issta2024_bugs_in_pods_understanding_bugs/SI Bugs in Pods_ Exploring Bugs in Container Runtime Systems.xlsx,containerd,
issta2024_bugs_in_pods_understanding_bugs:135d627658a7c243,issta2024_bugs_in_pods_understanding_bugs,containerd,535191abf3b3f6a41fe63fc7952f1f72690b2d70,,,,,,,Incorrect Configuration Effect,Incorrect Image or Config Parsing,,containerd,,,,,,"{""symptom_code"": ""C.2.3"", ""root_cause_code"": ""A.4.2"", ""source_sheet"": ""containerd""}",data/raw/issta2024_bugs_in_pods_understanding_bugs/SI Bugs in Pods_ Exploring Bugs in Container Runtime Systems.xlsx,containerd,
issta2024_bugs_in_pods_understanding_bugs:27c846b60d8bb224,issta2024_bugs_in_pods_understanding_bugs,containerd,1ee2bff0e02136099cb49c08dab25830e7778535,,,,,,,Build Failure,Build Configuration Error,,containerd,,,,,,"{""symptom_code"": ""A"", ""root_cause_code"": ""B.3"", ""source_sheet"": ""containerd""}",data/raw/issta2024_bugs_in_pods_understanding_bugs/SI Bugs in Pods_ Exploring Bugs in Container Runtime Systems.xlsx,containerd,
issta2024_bugs_in_pods_understanding_bugs:394e149a021bd8bb,issta2024_bugs_in_pods_understanding_bugs,containerd,02e77bcdc1e48fb4089dab02d6b67955d48df4ad,,,,,,,Incorrect Return Value,Improper Exception Handling,,containerd,,,,,,"{""symptom_code"": ""C.2.1"", ""root_cause_code"": ""A.1"", ""source_sheet"": ""containerd""}",data/raw/issta2024_bugs_in_pods_understanding_bugs/SI Bugs in Pods_ Exploring Bugs in Container Runtime Systems.xlsx,containerd,
issta2024_bugs_in_pods_understanding_bugs:0086f59e0f3a9ae2,issta2024_bugs_in_pods_understanding_bugs,containerd,791e175c79930a34cfbb2048fbcaa8493fd2c86b,,,,,,,Runtime Daemon Crash,Wrong Code Logic,,containerd,,,,,,"{""symptom_code"": ""B.1.2"", ""root_cause_code"": ""A.4.1"", ""source_sheet"": ""containerd""}",data/raw/issta2024_bugs_in_pods_understanding_bugs/SI Bugs in Pods_ Exploring Bugs in Container Runtime Systems.xlsx,containerd,
issta2024_bugs_in_pods_understanding_bugs:c859a8dab661b7d0,issta2024_bugs_in_pods_understanding_bugs,containerd,ca35f4e820b11d329e1824314480b15a2be0d08d,,,,,,,Incorrect Return Value,Others,,containerd,,,,,,"{""symptom_code"": ""C.2.1"", ""root_cause_code"": ""C"", ""source_sheet"": ""containerd""}",data/raw/issta2024_bugs_in_pods_understanding_bugs/SI Bugs in Pods_ Exploring Bugs in Container Runtime Systems.xlsx,containerd,
issta2024_bugs_in_pods_understanding_bugs:67764ac5f74e19ff,issta2024_bugs_in_pods_understanding_bugs,containerd,933ddaa6f870e10b1164d7a4a442c0e026ba7975,,,,,,,Incorrect Return Value,Others,,containerd,,,,,,"{""symptom_code"": ""C.2.1"", ""root_cause_code"": ""C"", ""source_sheet"": ""containerd""}",data/raw/issta2024_bugs_in_pods_understanding_bugs/SI Bugs in Pods_ Exploring Bugs in Container Runtime Systems.xlsx,containerd,
issta2024_bugs_in_pods_understanding_bugs:f7fe687f7d980adb,issta2024_bugs_in_pods_understanding_bugs,containerd,b9cf0d75a9f4a8a09ab55caa1983a8988ba4834d,,,,,,,Runtime Daemon Crash,Wrong Code Logic,,containerd,,,,,,"{""symptom_code"": ""B.1.2"", ""root_cause_code"": ""A.4.1"", ""source_sheet"": ""containerd""}",data/raw/issta2024_bugs_in_pods_understanding_bugs/SI Bugs in Pods_ Exploring Bugs in Container Runtime Systems.xlsx,containerd,
issta2024_bugs_in_pods_understanding_bugs:8c90d52f0e973daa,issta2024_bugs_in_pods_understanding_bugs,containerd,6886c6a2ec0c70dde1aa64e77b64a5ad47b983c3,,,,,,,Access Permission Denied,Inaccurate Permission Assignment,,containerd,,,,,,"{""symptom_code"": ""C.3.1"", ""root_cause_code"": ""B.1.2"", ""source_sheet"": ""containerd""}",data/raw/issta2024_bugs_in_pods_understanding_bugs/SI Bugs in Pods_ Exploring Bugs in Container Runtime Systems.xlsx,containerd,
issta2024_bugs_in_pods_understanding_bugs:61aa3d8760440b97,issta2024_bugs_in_pods_understanding_bugs,containerd,7d56b24f1a9af82dfaa10ff55a4e3c36a7efd943,,,,,,,Escalized Privilege,Inaccurate Permission Assignment,,containerd,,,,,,"{""symptom_code"": ""C.3.2"", ""root_cause_code"": ""B.1.2"", ""source_sheet"": ""containerd""}",data/raw/issta2024_bugs_in_pods_understanding_bugs/SI Bugs in Pods_ Exploring Bugs in Container Runtime Systems.xlsx,containerd,
issta2024_bugs_in_pods_understanding_bugs:32b83e1760da4870,issta2024_bugs_in_pods_understanding_bugs,containerd,f7658e37d94674b8bfaf3206d425f102c5d9b552,,,,,,,Plugin Management Error,Runtime Shim Config Error,,containerd,,,,,,"{""symptom_code"": ""B.1.1"", ""root_cause_code"": ""B.4"", ""source_sheet"": ""containerd""}",data/raw/issta2024_bugs_in_pods_understanding_bugs/SI Bugs in Pods_ Exploring Bugs in Container Runtime Systems.xlsx,containerd,
issta2024_bugs_in_pods_understanding_bugs:08bd2e2ba5f84867,issta2024_bugs_in_pods_understanding_bugs,containerd,2bffb5f9b234bff72739f48f7d027b47a178a9ae,,,,,,,Incorrect Return Value,Wrong Code Logic,,containerd,,,,,,"{""symptom_code"": ""C.2.1"", ""root_cause_code"": ""A.4.1"", ""source_sheet"": ""containerd""}",data/raw/issta2024_bugs_in_pods_understanding_bugs/SI Bugs in Pods_ Exploring Bugs in Container Runtime Systems.xlsx,containerd,
issta2024_bugs_in_pods_understanding_bugs:9177640ee22c692d,issta2024_bugs_in_pods_understanding_bugs,containerd,55923daa9f56c8a890875f1e111201d918b382e2,,,,,,,Runtime Daemon Crash,Incorrect System Config,,containerd,,,,,,"{""symptom_code"": ""B.1.2"", ""root_cause_code"": ""B.2.2"", ""source_sheet"": ""containerd""}",data/raw/issta2024_bugs_in_pods_understanding_bugs/SI Bugs in Pods_ Exploring Bugs in Container Runtime Systems.xlsx,containerd,
issta2024_bugs_in_pods_understanding_bugs:9c3ad7cf37eeb2c9,issta2024_bugs_in_pods_understanding_bugs,containerd,55faa5e93d7fdacc7d9b28ee79a0972ec18e3471,,,,,,,Excessive Execution Time,Inappropriate Lifecycle Organization,,containerd,,,,,,"{""symptom_code"": ""D.2"", ""root_cause_code"": ""A.3.2"", ""source_sheet"": ""containerd""}",data/raw/issta2024_bugs_in_pods_understanding_bugs/SI Bugs in Pods_ Exploring Bugs in Container Runtime Systems.xlsx,containerd,
issta2024_bugs_in_pods_understanding_bugs:d667a972fbe1d921,issta2024_bugs_in_pods_understanding_bugs,containerd,57e10439d9d1d66492ae55e48af713d9a7a4c6f8,,,,,,,Incorrect Return Value,Wrong Code Logic,,containerd,,,,,,"{""symptom_code"": ""C.2.1"", ""root_cause_code"": ""A.4.1"", ""source_sheet"": ""containerd""}",data/raw/issta2024_bugs_in_pods_understanding_bugs/SI Bugs in Pods_ Exploring Bugs in Container Runtime Systems.xlsx,containerd,
issta2024_bugs_in_pods_understanding_bugs:95404ceb8564a344,issta2024_bugs_in_pods_understanding_bugs,containerd,7bc5aa74c2cf054b8e5a7982cad073c252fb5f4a,,,,,,,Preset Exit Code,Wrong Code Logic,,containerd,,,,,,"{""symptom_code"": ""B.2"", ""root_cause_code"": ""A.4.1"", ""source_sheet"": ""containerd""}",data/raw/issta2024_bugs_in_pods_understanding_bugs/SI Bugs in Pods_ Exploring Bugs in Container Runtime Systems.xlsx,containerd,
issta2024_bugs_in_pods_understanding_bugs:c3576f65277ea6b0,issta2024_bugs_in_pods_understanding_bugs,containerd,2ac996840187b2e42fdbe4e4c9b6b55a7c775c43,,,,,,,Escalized Privilege,Unsafe API Usage,,containerd,,,,,,"{""symptom_code"": ""C.3.2"", ""root_cause_code"": ""A.3.1"", ""source_sheet"": ""containerd""}",data/raw/issta2024_bugs_in_pods_understanding_bugs/SI Bugs in Pods_ Exploring Bugs in Container Runtime Systems.xlsx,containerd,
issta2024_bugs_in_pods_understanding_bugs:299cfc8780a20b90,issta2024_bugs_in_pods_understanding_bugs,containerd,ce437864b2e7e2f9b94e02ba564e010a5ea2248d,,,,,,,Runtime Daemon Crash,Plugin Config Error,,containerd,,,,,,"{""symptom_code"": ""B.1.2"", ""root_cause_code"": ""B.2.1"", ""source_sheet"": ""containerd""}",data/raw/issta2024_bugs_in_pods_understanding_bugs/SI Bugs in Pods_ Exploring Bugs in Container Runtime Systems.xlsx,containerd,
issta2024_bugs_in_pods_understanding_bugs:bacdeacb799e94c1,issta2024_bugs_in_pods_understanding_bugs,containerd,a81f05f3602a2b1eee9bff12ce9b985d16aadb60,,,,,,,Wrong Container Behavior,Runtime Shim Config Error,,containerd,,,,,,"{""symptom_code"": ""C.2.2"", ""root_cause_code"": ""B.4"", ""source_sheet"": ""containerd""}",data/raw/issta2024_bugs_in_pods_understanding_bugs/SI Bugs in Pods_ Exploring Bugs in Container Runtime Systems.xlsx,containerd,
issta2024_bugs_in_pods_understanding_bugs:9739b2bb67ec59a8,issta2024_bugs_in_pods_understanding_bugs,containerd,2019a1e68f7488bdc0975062cbbd933b53595714,,,,,,,Build Failure,Build Configuration Error,,containerd,,,,,,"{""symptom_code"": ""A"", ""root_cause_code"": ""B.3"", ""source_sheet"": ""containerd""}",data/raw/issta2024_bugs_in_pods_understanding_bugs/SI Bugs in Pods_ Exploring Bugs in Container Runtime Systems.xlsx,containerd,
issta2024_bugs_in_pods_understanding_bugs:e2fdc5c536bd50e3,issta2024_bugs_in_pods_understanding_bugs,containerd,f60d447c16991a183853cce58d21d88351cb0f16,,,,,,,Incorrect Configuration Effect,Build Configuration Error,,containerd,,,,,,"{""symptom_code"": ""C.2.3"", ""root_cause_code"": ""B.3"", ""source_sheet"": ""containerd""}",data/raw/issta2024_bugs_in_pods_understanding_bugs/SI Bugs in Pods_ Exploring Bugs in Container Runtime Systems.xlsx,containerd,
issta2024_bugs_in_pods_understanding_bugs:21793765ff6ef589,issta2024_bugs_in_pods_understanding_bugs,containerd,014748bc04623346725d2a1330d7a2292563a4df,,,,,,,Incorrect Return Value,Wrong Code Logic,,containerd,,,,,,"{""symptom_code"": ""C.2.1"", ""root_cause_code"": ""A.4.1"", ""source_sheet"": ""containerd""}",data/raw/issta2024_bugs_in_pods_understanding_bugs/SI Bugs in Pods_ Exploring Bugs in Container Runtime Systems.xlsx,containerd,
issta2024_bugs_in_pods_understanding_bugs:71af0cd110883585,issta2024_bugs_in_pods_understanding_bugs,containerd,edfd8d59937faeb36f40b8baeff488a6d693ef49,,,,,,,Wrong Container Behavior,Improper Exception Handling,,containerd,,,,,,"{""symptom_code"": ""C.2.2"", ""root_cause_code"": ""A.1"", ""source_sheet"": ""containerd""}",data/raw/issta2024_bugs_in_pods_understanding_bugs/SI Bugs in Pods_ Exploring Bugs in Container Runtime Systems.xlsx,containerd,
issta2024_bugs_in_pods_understanding_bugs:4a05e6b84f144fef,issta2024_bugs_in_pods_understanding_bugs,containerd,241563be06a3de8b6a849414c4e805b68d3bb295,,,,,,,Host Memory Leak,Wrong Code Logic,,containerd,,,,,,"{""symptom_code"": ""D.3.2"", ""root_cause_code"": ""A.4.1"", ""source_sheet"": ""containerd""}",data/raw/issta2024_bugs_in_pods_understanding_bugs/SI Bugs in Pods_ Exploring Bugs in Container Runtime Systems.xlsx,containerd,
issta2024_bugs_in_pods_understanding_bugs:b539f970725dd7d2,issta2024_bugs_in_pods_understanding_bugs,containerd,5b46e404f6b9f661a205e28d59c982d3634148f8,,,,,,,Escalized Privilege,Inaccurate Permission Assignment,,containerd,,,,,,"{""symptom_code"": ""C.3.2"", ""root_cause_code"": ""B.1.2"", ""source_sheet"": ""containerd""}",data/raw/issta2024_bugs_in_pods_understanding_bugs/SI Bugs in Pods_ Exploring Bugs in Container Runtime Systems.xlsx,containerd,
issta2024_bugs_in_pods_understanding_bugs:31e109a8bf339d4d,issta2024_bugs_in_pods_understanding_bugs,containerd,51a8f969bd5b4e5759ad11327820536648153cfd,,,,,,,Access Permission Denied,Incorrect Image or Config Parsing,,containerd,,,,,,"{""symptom_code"": ""C.3.1"", ""root_cause_code"": ""A.4.2"", ""source_sheet"": ""containerd""}",data/raw/issta2024_bugs_in_pods_understanding_bugs/SI Bugs in Pods_ Exploring Bugs in Container Runtime Systems.xlsx,containerd,
issta2024_bugs_in_pods_understanding_bugs:6b50463db6b99e52,issta2024_bugs_in_pods_understanding_bugs,containerd,133f6bb6cd827ce35a5fb279c1ead12b9d21460a,,,,,,,Escalized Privilege,Inaccurate Permission Assignment,,containerd,,,,,,"{""symptom_code"": ""C.3.2"", ""root_cause_code"": ""B.1.2"", ""source_sheet"": ""containerd""}",data/raw/issta2024_bugs_in_pods_understanding_bugs/SI Bugs in Pods_ Exploring Bugs in Container Runtime Systems.xlsx,containerd,
issta2024_bugs_in_pods_understanding_bugs:a3fdbe9972fb3e2e,issta2024_bugs_in_pods_understanding_bugs,containerd,0c314901076a74a7b797a545d2f462285fdbb8c4,,,,,,,Host Memory Leak,Plugin Config Error,,containerd,,,,,,"{""symptom_code"": ""D.3.2"", ""root_cause_code"": ""B.2.1"", ""source_sheet"": ""containerd""}",data/raw/issta2024_bugs_in_pods_understanding_bugs/SI Bugs in Pods_ Exploring Bugs in Container Runtime Systems.xlsx,containerd,
issta2024_bugs_in_pods_understanding_bugs:1fbe3e30ddcb0fa2,issta2024_bugs_in_pods_understanding_bugs,containerd,c1bcabb4541930f643aa36a2b38655e131346382,,,,,,,Host Memory Leak,Unsafe API Usage,,containerd,,,,,,"{""symptom_code"": ""D.3.2"", ""root_cause_code"": ""A.3.1"", ""source_sheet"": ""containerd""}",data/raw/issta2024_bugs_in_pods_understanding_bugs/SI Bugs in Pods_ Exploring Bugs in Container Runtime Systems.xlsx,containerd,
issta2024_bugs_in_pods_understanding_bugs:32ff99e9853d1fb9,issta2024_bugs_in_pods_understanding_bugs,containerd,8acbb276477c8353ddb7551b58cb3fdeb0b13caa,,,,,,,Escalized Privilege,Incorrect Image or Config Parsing,,containerd,,,,,,"{""symptom_code"": ""C.3.2"", ""root_cause_code"": ""A.4.2"", ""source_sheet"": ""containerd""}",data/raw/issta2024_bugs_in_pods_understanding_bugs/SI Bugs in Pods_ Exploring Bugs in Container Runtime Systems.xlsx,containerd,
issta2024_bugs_in_pods_understanding_bugs:6da4e5622bd97944,issta2024_bugs_in_pods_understanding_bugs,containerd,551516a18d0a60c4afbc85e7588af356191eaead,,,,,,,Escalized Privilege,Inappropriate Lifecycle Organization,,containerd,,,,,,"{""symptom_code"": ""C.3.2"", ""root_cause_code"": ""A.3.2"", ""source_sheet"": ""containerd""}",data/raw/issta2024_bugs_in_pods_understanding_bugs/SI Bugs in Pods_ Exploring Bugs in Container Runtime Systems.xlsx,containerd,
issta2024_bugs_in_pods_understanding_bugs:58554191020dbd04,issta2024_bugs_in_pods_understanding_bugs,containerd,a776a27af54a803657d002e7574a4425b3949f56,,,,,,,Incorrect Configuration Effect,Incorrect Image or Config Parsing,,containerd,,,,,,"{""symptom_code"": ""C.2.3"", ""root_cause_code"": ""A.4.2"", ""source_sheet"": ""containerd""}",data/raw/issta2024_bugs_in_pods_understanding_bugs/SI Bugs in Pods_ Exploring Bugs in Container Runtime Systems.xlsx,containerd,
issta2024_bugs_in_pods_understanding_bugs:c19960bcedacb91a,issta2024_bugs_in_pods_understanding_bugs,cri-o,6da8e46b1a54eda348b8bc95bd2ffd0f3fbba54f,,,,,,,Excessive Execution Time,Incorrect Image or Config Parsing,,cri-o,,,,,,"{""symptom_code"": ""D.2"", ""root_cause_code"": ""A.4.2"", ""source_sheet"": ""cri-o""}",data/raw/issta2024_bugs_in_pods_understanding_bugs/SI Bugs in Pods_ Exploring Bugs in Container Runtime Systems.xlsx,cri-o,
issta2024_bugs_in_pods_understanding_bugs:fe3bb5c3c97a1127,issta2024_bugs_in_pods_understanding_bugs,cri-o,f59c1f72a837c2235010813b8f361bb57c8c551b,,,,,,,Wrong Container Behavior,Wrong Code Logic,,cri-o,,,,,,"{""symptom_code"": ""C.2.2"", ""root_cause_code"": ""A.4.1"", ""source_sheet"": ""cri-o""}",data/raw/issta2024_bugs_in_pods_understanding_bugs/SI Bugs in Pods_ Exploring Bugs in Container Runtime Systems.xlsx,cri-o,
issta2024_bugs_in_pods_understanding_bugs:fd284ea3f0340fa6,issta2024_bugs_in_pods_understanding_bugs,cri-o,003edc26c625210b57e4e567b8ea182d4682f4c4,,,,,,,Incorrect Configuration Effect,Wrong Code Logic,,cri-o,,,,,,"{""symptom_code"": ""C.2.3"", ""root_cause_code"": ""A.4.1"", ""source_sheet"": ""cri-o""}",data/raw/issta2024_bugs_in_pods_understanding_bugs/SI Bugs in Pods_ Exploring Bugs in Container Runtime Systems.xlsx,cri-o,
issta2024_bugs_in_pods_understanding_bugs:7c9b8f9023785530,issta2024_bugs_in_pods_understanding_bugs,cri-o,5e751fda379280b1157f046725eea63bee7609fc,,,,,,,Build Failure,Build Configuration Error,,cri-o,,,,,,"{""symptom_code"": ""A"", ""root_cause_code"": ""B.3"", ""source_sheet"": ""cri-o""}",data/raw/issta2024_bugs_in_pods_understanding_bugs/SI Bugs in Pods_ Exploring Bugs in Container Runtime Systems.xlsx,cri-o,
issta2024_bugs_in_pods_understanding_bugs:7e983af52598ef29,issta2024_bugs_in_pods_understanding_bugs,cri-o,5ecc82e6ffe962a489183d16be523370036e5056,,,,,,,Build Failure,Build Configuration Error,,cri-o,,,,,,"{""symptom_code"": ""A"", ""root_cause_code"": ""B.3"", ""source_sheet"": ""cri-o""}",data/raw/issta2024_bugs_in_pods_understanding_bugs/SI Bugs in Pods_ Exploring Bugs in Container Runtime Systems.xlsx,cri-o,
issta2024_bugs_in_pods_understanding_bugs:71921e04c23a08cb,issta2024_bugs_in_pods_understanding_bugs,cri-o,c9bb988d1adf4af2c094509071372c14f51ae23c,,,,,,,Build Failure,Build Configuration Error,,cri-o,,,,,,"{""symptom_code"": ""A"", ""root_cause_code"": ""B.3"", ""source_sheet"": ""cri-o""}",data/raw/issta2024_bugs_in_pods_understanding_bugs/SI Bugs in Pods_ Exploring Bugs in Container Runtime Systems.xlsx,cri-o,
issta2024_bugs_in_pods_understanding_bugs:e5c0f8f5c695edae,issta2024_bugs_in_pods_understanding_bugs,cri-o,f83a4faba2513137ad7a18540ceaefa0ab94d3af,,,,,,,Wrong Container Behavior,Wrong Code Logic,,cri-o,,,,,,"{""symptom_code"": ""C.2.2"", ""root_cause_code"": ""A.4.1"", ""source_sheet"": ""cri-o""}",data/raw/issta2024_bugs_in_pods_understanding_bugs/SI Bugs in Pods_ Exploring Bugs in Container Runtime Systems.xlsx,cri-o,
issta2024_bugs_in_pods_understanding_bugs:893a6de489778c02,issta2024_bugs_in_pods_understanding_bugs,cri-o,249c340d31b1f0d801f6d94e42dc3de2e522c130,,,,,,,Build Failure,Plugin Config Error,,cri-o,,,,,,"{""symptom_code"": ""A"", ""root_cause_code"": ""B.2.1"", ""source_sheet"": ""cri-o""}",data/raw/issta2024_bugs_in_pods_understanding_bugs/SI Bugs in Pods_ Exploring Bugs in Container Runtime Systems.xlsx,cri-o,
issta2024_bugs_in_pods_understanding_bugs:d8ef4bb6a693d699,issta2024_bugs_in_pods_understanding_bugs,cri-o,cf30845e7df7653cefcebe089816dbe6502317d9,,,,,,,Incorrect Return Value,Incorrect 3rd Party Library Usage,,cri-o,,,,,,"{""symptom_code"": ""C.2.1"", ""root_cause_code"": ""A.2"", ""source_sheet"": ""cri-o""}",data/raw/issta2024_bugs_in_pods_understanding_bugs/SI Bugs in Pods_ Exploring Bugs in Container Runtime Systems.xlsx,cri-o,
issta2024_bugs_in_pods_understanding_bugs:ad43f5c32c76239e,issta2024_bugs_in_pods_understanding_bugs,cri-o,30ddd6d89ba636aae8eb36d89cf91f0d0791e930,,,,,,,Logging Error,Inappropriate Lifecycle Organization,,cri-o,,,,,,"{""symptom_code"": ""C.1"", ""root_cause_code"": ""A.3.2"", ""source_sheet"": ""cri-o""}",data/raw/issta2024_bugs_in_pods_understanding_bugs/SI Bugs in Pods_ Exploring Bugs in Container Runtime Systems.xlsx,cri-o,
issta2024_bugs_in_pods_understanding_bugs:84e062f48a52561d,issta2024_bugs_in_pods_understanding_bugs,cri-o,b8d8ff14b2e806d8d95efef27397b2b5ab653858,,,,,,,Incorrect Return Value,Incorrect 3rd Party Library Usage,,cri-o,,,,,,"{""symptom_code"": ""C.2.1"", ""root_cause_code"": ""A.2"", ""source_sheet"": ""cri-o""}",data/raw/issta2024_bugs_in_pods_understanding_bugs/SI Bugs in Pods_ Exploring Bugs in Container Runtime Systems.xlsx,cri-o,
issta2024_bugs_in_pods_understanding_bugs:15c6d53dd1f81b06,issta2024_bugs_in_pods_understanding_bugs,cri-o,e967a178c6ac896848943753f3c7c52a8666dd79,,,,,,,Runtime Daemon Crash,Wrong Code Logic,,cri-o,,,,,,"{""symptom_code"": ""B.1.2"", ""root_cause_code"": ""A.4.1"", ""source_sheet"": ""cri-o""}",data/raw/issta2024_bugs_in_pods_understanding_bugs/SI Bugs in Pods_ Exploring Bugs in Container Runtime Systems.xlsx,cri-o,
issta2024_bugs_in_pods_understanding_bugs:02bc09d347993560,issta2024_bugs_in_pods_understanding_bugs,cri-o,efaea10606ce6c70128c90c7d136784bcbcf2c40,,,,,,,Incorrect Configuration Effect,Runtime Shim Config Error,,cri-o,,,,,,"{""symptom_code"": ""C.2.3"", ""root_cause_code"": ""B.4"", ""source_sheet"": ""cri-o""}",data/raw/issta2024_bugs_in_pods_understanding_bugs/SI Bugs in Pods_ Exploring Bugs in Container Runtime Systems.xlsx,cri-o,
issta2024_bugs_in_pods_understanding_bugs:7ad3ebc9c6b3f26b,issta2024_bugs_in_pods_understanding_bugs,cri-o,c1c52191dc75caed0931afd59a5b6d0623a6ba9e,,,,,,,Incorrect Return Value,Plugin Config Error,,cri-o,,,,,,"{""symptom_code"": ""C.2.1"", ""root_cause_code"": ""B.2.1"", ""source_sheet"": ""cri-o""}",data/raw/issta2024_bugs_in_pods_understanding_bugs/SI Bugs in Pods_ Exploring Bugs in Container Runtime Systems.xlsx,cri-o,
issta2024_bugs_in_pods_understanding_bugs:fed96d9212f98fdd,issta2024_bugs_in_pods_understanding_bugs,cri-o,53431c68a34650a4b76a7f8ca2183eae65a492d6,,,,,,,Incorrect Return Value,Wrong Code Logic,,cri-o,,,,,,"{""symptom_code"": ""C.2.1"", ""root_cause_code"": ""A.4.1"", ""source_sheet"": ""cri-o""}",data/raw/issta2024_bugs_in_pods_understanding_bugs/SI Bugs in Pods_ Exploring Bugs in Container Runtime Systems.xlsx,cri-o,
issta2024_bugs_in_pods_understanding_bugs:7717dc88a1ce2d8a,issta2024_bugs_in_pods_understanding_bugs,cri-o,a86fbb63eb684be2cc58f8eba62d032dddc3c1c7,,,,,,,Build Failure,Build Configuration Error,,cri-o,,,,,,"{""symptom_code"": ""A"", ""root_cause_code"": ""B.3"", ""source_sheet"": ""cri-o""}",data/raw/issta2024_bugs_in_pods_understanding_bugs/SI Bugs in Pods_ Exploring Bugs in Container Runtime Systems.xlsx,cri-o,
issta2024_bugs_in_pods_understanding_bugs:2b7d2fcf674ea044,issta2024_bugs_in_pods_understanding_bugs,cri-o,fd35a25b1207798aaf9ef450d75477dfff95517f,,,,,,,System Communication Error,Incorrect 3rd Party Library Usage,,cri-o,,,,,,"{""symptom_code"": ""B.1.3"", ""root_cause_code"": ""A.2"", ""source_sheet"": ""cri-o""}",data/raw/issta2024_bugs_in_pods_understanding_bugs/SI Bugs in Pods_ Exploring Bugs in Container Runtime Systems.xlsx,cri-o,
issta2024_bugs_in_pods_understanding_bugs:256e61192eb215f2,issta2024_bugs_in_pods_understanding_bugs,cri-o,e158549386d8d040a4a6ffc44d225f4c0f2f5708,,,,,,,Wrong Container Behavior,Inappropriate Lifecycle Organization,,cri-o,,,,,,"{""symptom_code"": ""C.2.2"", ""root_cause_code"": ""A.3.2"", ""source_sheet"": ""cri-o""}",data/raw/issta2024_bugs_in_pods_understanding_bugs/SI Bugs in Pods_ Exploring Bugs in Container Runtime Systems.xlsx,cri-o,
issta2024_bugs_in_pods_understanding_bugs:9bc91311461be665,issta2024_bugs_in_pods_understanding_bugs,cri-o,828ad0200b30bf063e435316c7657684f5299806,,,,,,,Runtime Daemon Crash,Improper Exception Handling,,cri-o,,,,,,"{""symptom_code"": ""B.1.2"", ""root_cause_code"": ""A.1"", ""source_sheet"": ""cri-o""}",data/raw/issta2024_bugs_in_pods_understanding_bugs/SI Bugs in Pods_ Exploring Bugs in Container Runtime Systems.xlsx,cri-o,
issta2024_bugs_in_pods_understanding_bugs:b32d9fd3f813e71d,issta2024_bugs_in_pods_understanding_bugs,cri-o,ef164da82ae1f05b754d5b711332f97437949d04,,,,,,,Access Permission Denied,Inaccurate Permission Assignment,,cri-o,,,,,,"{""symptom_code"": ""C.3.1"", ""root_cause_code"": ""B.1.2"", ""source_sheet"": ""cri-o""}",data/raw/issta2024_bugs_in_pods_understanding_bugs/SI Bugs in Pods_ Exploring Bugs in Container Runtime Systems.xlsx,cri-o,
issta2024_bugs_in_pods_understanding_bugs:3b3cc94158414db4,issta2024_bugs_in_pods_understanding_bugs,cri-o,4cf3d37742f639a674cfb88e73d36904e95f8000,,,,,,,Plugin Management Error,Runtime Shim Config Error,,cri-o,,,,,,"{""symptom_code"": ""B.1.1"", ""root_cause_code"": ""B.4"", ""source_sheet"": ""cri-o""}",data/raw/issta2024_bugs_in_pods_understanding_bugs/SI Bugs in Pods_ Exploring Bugs in Container Runtime Systems.xlsx,cri-o,
issta2024_bugs_in_pods_understanding_bugs:e6a45f9f55094df9,issta2024_bugs_in_pods_understanding_bugs,cri-o,c80ae0acddeb92534dfe412b2c6c075ea910f0df,,,,,,,Logging Error,Wrong Code Logic,,cri-o,,,,,,"{""symptom_code"": ""C.1"", ""root_cause_code"": ""A.4.1"", ""source_sheet"": ""cri-o""}",data/raw/issta2024_bugs_in_pods_understanding_bugs/SI Bugs in Pods_ Exploring Bugs in Container Runtime Systems.xlsx,cri-o,
issta2024_bugs_in_pods_understanding_bugs:07fbb03d2e2d3a2d,issta2024_bugs_in_pods_understanding_bugs,cri-o,1fb1771bde8c352116d17627e4f58f47105c4846,,,,,,,Plugin Management Error,Incorrect 3rd Party Library Usage,,cri-o,,,,,,"{""symptom_code"": ""B.1.1"", ""root_cause_code"": ""A.2"", ""source_sheet"": ""cri-o""}",data/raw/issta2024_bugs_in_pods_understanding_bugs/SI Bugs in Pods_ Exploring Bugs in Container Runtime Systems.xlsx,cri-o,
issta2024_bugs_in_pods_understanding_bugs:ee1b37826d9939e5,issta2024_bugs_in_pods_understanding_bugs,cri-o,f291de93a03a29e4ea8004707c341dd08bb386cc,,,,,,,Excessive Execution Time,Improper Exception Handling,,cri-o,,,,,,"{""symptom_code"": ""D.2"", ""root_cause_code"": ""A.1"", ""source_sheet"": ""cri-o""}",data/raw/issta2024_bugs_in_pods_understanding_bugs/SI Bugs in Pods_ Exploring Bugs in Container Runtime Systems.xlsx,cri-o,
issta2024_bugs_in_pods_understanding_bugs:62a0a4bf86d5a69d,issta2024_bugs_in_pods_understanding_bugs,cri-o,fadc73bc730674ad60150f44166e080ca83110b4,,,,,,,Build Failure,Build Configuration Error,,cri-o,,,,,,"{""symptom_code"": ""A"", ""root_cause_code"": ""B.3"", ""source_sheet"": ""cri-o""}",data/raw/issta2024_bugs_in_pods_understanding_bugs/SI Bugs in Pods_ Exploring Bugs in Container Runtime Systems.xlsx,cri-o,
issta2024_bugs_in_pods_understanding_bugs:b5a6596eca5bce39,issta2024_bugs_in_pods_understanding_bugs,cri-o,29ce5a7b2a8b74de8ee511866cac411cd8d9c06d,,,,,,,Build Failure,Build Configuration Error,,cri-o,,,,,,"{""symptom_code"": ""A"", ""root_cause_code"": ""B.3"", ""source_sheet"": ""cri-o""}",data/raw/issta2024_bugs_in_pods_understanding_bugs/SI Bugs in Pods_ Exploring Bugs in Container Runtime Systems.xlsx,cri-o,
issta2024_bugs_in_pods_understanding_bugs:370cb27daff76986,issta2024_bugs_in_pods_understanding_bugs,cri-o,79b1b5937788031d8a6d7e80fb970282532aac37,,,,,,,Wrong Container Behavior,Plugin Config Error,,cri-o,,,,,,"{""symptom_code"": ""C.2.2"", ""root_cause_code"": ""B.2.1"", ""source_sheet"": ""cri-o""}",data/raw/issta2024_bugs_in_pods_understanding_bugs/SI Bugs in Pods_ Exploring Bugs in Container Runtime Systems.xlsx,cri-o,
issta2024_bugs_in_pods_understanding_bugs:51c042145ead4dc6,issta2024_bugs_in_pods_understanding_bugs,cri-o,62d77513b8bc0412ba0b3e1c56670eb7a7abfd46,,,,,,,System Communication Error,Incorrect Mount Options,,cri-o,,,,,,"{""symptom_code"": ""B.1.3"", ""root_cause_code"": ""B.1.1"", ""source_sheet"": ""cri-o""}",data/raw/issta2024_bugs_in_pods_understanding_bugs/SI Bugs in Pods_ Exploring Bugs in Container Runtime Systems.xlsx,cri-o,
issta2024_bugs_in_pods_understanding_bugs:5d5e29bfacee26e1,issta2024_bugs_in_pods_understanding_bugs,cri-o,481683497c009e5a6c985f646ef6a74d882bce56,,,,,,,System Communication Error,Incorrect System Config,,cri-o,,,,,,"{""symptom_code"": ""B.1.3"", ""root_cause_code"": ""B.2.2"", ""source_sheet"": ""cri-o""}",data/raw/issta2024_bugs_in_pods_understanding_bugs/SI Bugs in Pods_ Exploring Bugs in Container Runtime Systems.xlsx,cri-o,
issta2024_bugs_in_pods_understanding_bugs:bce2bc2188a1bc2a,issta2024_bugs_in_pods_understanding_bugs,cri-o,ee5d9725489c23270b070f9f9e8ff7b5a7f98978,,,,,,,Incorrect Configuration Effect,Incorrect System Config,,cri-o,,,,,,"{""symptom_code"": ""C.2.3"", ""root_cause_code"": ""B.2.2"", ""source_sheet"": ""cri-o""}",data/raw/issta2024_bugs_in_pods_understanding_bugs/SI Bugs in Pods_ Exploring Bugs in Container Runtime Systems.xlsx,cri-o,
issta2024_bugs_in_pods_understanding_bugs:f143b9782c6dd1f6,issta2024_bugs_in_pods_understanding_bugs,cri-o,33fbbcde1f1f47c4d90c41f52387f7b2e9f3e2f5,,,,,,,Runtime Daemon Crash,Incorrect 3rd Party Library Usage,,cri-o,,,,,,"{""symptom_code"": ""B.1.2"", ""root_cause_code"": ""A.2"", ""source_sheet"": ""cri-o""}",data/raw/issta2024_bugs_in_pods_understanding_bugs/SI Bugs in Pods_ Exploring Bugs in Container Runtime Systems.xlsx,cri-o,
issta2024_bugs_in_pods_understanding_bugs:039e7af45446014f,issta2024_bugs_in_pods_understanding_bugs,cri-o,1e277b8364eb8ece18a0c6d1fe1d7f4a5933d6d8,,,,,,,Excessive Execution Time,Wrong Code Logic,,cri-o,,,,,,"{""symptom_code"": ""D.2"", ""root_cause_code"": ""A.4.1"", ""source_sheet"": ""cri-o""}",data/raw/issta2024_bugs_in_pods_understanding_bugs/SI Bugs in Pods_ Exploring Bugs in Container Runtime Systems.xlsx,cri-o,
issta2024_bugs_in_pods_understanding_bugs:ef444522c6d6ae3d,issta2024_bugs_in_pods_understanding_bugs,cri-o,9f6a6724d1d34f77700a91e1b6bef5bd830b8289,,,,,,,Logging Error,Incorrect 3rd Party Library Usage,,cri-o,,,,,,"{""symptom_code"": ""C.1"", ""root_cause_code"": ""A.2"", ""source_sheet"": ""cri-o""}",data/raw/issta2024_bugs_in_pods_understanding_bugs/SI Bugs in Pods_ Exploring Bugs in Container Runtime Systems.xlsx,cri-o,
issta2024_bugs_in_pods_understanding_bugs:145cddc8a37353f5,issta2024_bugs_in_pods_understanding_bugs,cri-o,019c578fa757636641562a12f3ac1c49cd7b2c61,,,,,,,Incorrect Return Value,Wrong Code Logic,,cri-o,,,,,,"{""symptom_code"": ""C.2.1"", ""root_cause_code"": ""A.4.1"", ""source_sheet"": ""cri-o""}",data/raw/issta2024_bugs_in_pods_understanding_bugs/SI Bugs in Pods_ Exploring Bugs in Container Runtime Systems.xlsx,cri-o,
issta2024_bugs_in_pods_understanding_bugs:65c73cb3990fcfa9,issta2024_bugs_in_pods_understanding_bugs,cri-o,153bb668c6ac42bc61dde8d53027ac5053c6e45f,,,,,,,System Communication Error,Wrong Code Logic,,cri-o,,,,,,"{""symptom_code"": ""B.1.3"", ""root_cause_code"": ""A.4.1"", ""source_sheet"": ""cri-o""}",data/raw/issta2024_bugs_in_pods_understanding_bugs/SI Bugs in Pods_ Exploring Bugs in Container Runtime Systems.xlsx,cri-o,
issta2024_bugs_in_pods_understanding_bugs:66fe173ebc3fc5d1,issta2024_bugs_in_pods_understanding_bugs,cri-o,64270ef918a35385667a2deee7cc20ed9ff3c36c,,,,,,,Build Failure,Build Configuration Error,,cri-o,,,,,,"{""symptom_code"": ""A"", ""root_cause_code"": ""B.3"", ""source_sheet"": ""cri-o""}",data/raw/issta2024_bugs_in_pods_understanding_bugs/SI Bugs in Pods_ Exploring Bugs in Container Runtime Systems.xlsx,cri-o,
issta2024_bugs_in_pods_understanding_bugs:73c4f0a35709aaa4,issta2024_bugs_in_pods_understanding_bugs,cri-o,1098cc9b95ea2cd7bd038f2b55cb49e505e39224,,,,,,,Plugin Management Error,Wrong Code Logic,,cri-o,,,,,,"{""symptom_code"": ""B.1.1"", ""root_cause_code"": ""A.4.1"", ""source_sheet"": ""cri-o""}",data/raw/issta2024_bugs_in_pods_understanding_bugs/SI Bugs in Pods_ Exploring Bugs in Container Runtime Systems.xlsx,cri-o,
issta2024_bugs_in_pods_understanding_bugs:9e7203f0c4512cbe,issta2024_bugs_in_pods_understanding_bugs,cri-o,b106fcd7106bc348267e35b5d3f1fe4f898c74df,,,,,,,Out of Memory,Inappropriate Lifecycle Organization,,cri-o,,,,,,"{""symptom_code"": ""D.3.1"", ""root_cause_code"": ""A.3.2"", ""source_sheet"": ""cri-o""}",data/raw/issta2024_bugs_in_pods_understanding_bugs/SI Bugs in Pods_ Exploring Bugs in Container Runtime Systems.xlsx,cri-o,
issta2024_bugs_in_pods_understanding_bugs:170d6096bd240c70,issta2024_bugs_in_pods_understanding_bugs,cri-o,51a800af0fe72b2524b7755167e57892044e7c3f,,,,,,,Plugin Management Error,Incorrect 3rd Party Library Usage,,cri-o,,,,,,"{""symptom_code"": ""B.1.1"", ""root_cause_code"": ""A.2"", ""source_sheet"": ""cri-o""}",data/raw/issta2024_bugs_in_pods_understanding_bugs/SI Bugs in Pods_ Exploring Bugs in Container Runtime Systems.xlsx,cri-o,
issta2024_bugs_in_pods_understanding_bugs:4e2b00cc3f7fc863,issta2024_bugs_in_pods_understanding_bugs,cri-o,6c3144af2d3fa3b319d8d2ae2bf738bb8342ef0c,,,,,,,Build Failure,Build Configuration Error,,cri-o,,,,,,"{""symptom_code"": ""A"", ""root_cause_code"": ""B.3"", ""source_sheet"": ""cri-o""}",data/raw/issta2024_bugs_in_pods_understanding_bugs/SI Bugs in Pods_ Exploring Bugs in Container Runtime Systems.xlsx,cri-o,
issta2024_bugs_in_pods_understanding_bugs:8377292efd552ac5,issta2024_bugs_in_pods_understanding_bugs,cri-o,14d742672f0ed8fe151b14c5036416b27268b4d0,,,,,,,Incorrect Configuration Effect,Plugin Config Error,,cri-o,,,,,,"{""symptom_code"": ""C.2.3"", ""root_cause_code"": ""B.2.1"", ""source_sheet"": ""cri-o""}",data/raw/issta2024_bugs_in_pods_understanding_bugs/SI Bugs in Pods_ Exploring Bugs in Container Runtime Systems.xlsx,cri-o,
issta2024_bugs_in_pods_understanding_bugs:e60f4e925abb8a06,issta2024_bugs_in_pods_understanding_bugs,cri-o,6449ff0d3ea43143d3c29352c849a97e139ee1d8,,,,,,,Host Memory Leak,Inappropriate Lifecycle Organization,,cri-o,,,,,,"{""symptom_code"": ""D.3.2"", ""root_cause_code"": ""A.3.2"", ""source_sheet"": ""cri-o""}",data/raw/issta2024_bugs_in_pods_understanding_bugs/SI Bugs in Pods_ Exploring Bugs in Container Runtime Systems.xlsx,cri-o,
issta2024_bugs_in_pods_understanding_bugs:4c1afa8ec551f338,issta2024_bugs_in_pods_understanding_bugs,cri-o,bcf069b123d4480d8e5c6eb5532d091bf7244171,,,,,,,Wrong Container Behavior,Plugin Config Error,,cri-o,,,,,,"{""symptom_code"": ""C.2.2"", ""root_cause_code"": ""B.2.1"", ""source_sheet"": ""cri-o""}",data/raw/issta2024_bugs_in_pods_understanding_bugs/SI Bugs in Pods_ Exploring Bugs in Container Runtime Systems.xlsx,cri-o,
issta2024_bugs_in_pods_understanding_bugs:c59d9999a2d8f97c,issta2024_bugs_in_pods_understanding_bugs,cri-o,0769411bb9e9a47b2a047b337cba01358d92072e,,,,,,,Runtime Daemon Crash,Inappropriate Lifecycle Organization,,cri-o,,,,,,"{""symptom_code"": ""B.1.2"", ""root_cause_code"": ""A.3.2"", ""source_sheet"": ""cri-o""}",data/raw/issta2024_bugs_in_pods_understanding_bugs/SI Bugs in Pods_ Exploring Bugs in Container Runtime Systems.xlsx,cri-o,
issta2024_bugs_in_pods_understanding_bugs:a5b37510729ad0b8,issta2024_bugs_in_pods_understanding_bugs,cri-o,35c02b56ea307d90c5375e35888bf12174ea5148,,,,,,,Logging Error,Inaccurate Permission Assignment,,cri-o,,,,,,"{""symptom_code"": ""C.1"", ""root_cause_code"": ""B.1.2"", ""source_sheet"": ""cri-o""}",data/raw/issta2024_bugs_in_pods_understanding_bugs/SI Bugs in Pods_ Exploring Bugs in Container Runtime Systems.xlsx,cri-o,
issta2024_bugs_in_pods_understanding_bugs:547bf0c38c02fca2,issta2024_bugs_in_pods_understanding_bugs,cri-o,25a2eec40065dc30d2a961a6064854df3dc96c82,,,,,,,Incorrect Return Value,Incorrect 3rd Party Library Usage,,cri-o,,,,,,"{""symptom_code"": ""C.2.1"", ""root_cause_code"": ""A.2"", ""source_sheet"": ""cri-o""}",data/raw/issta2024_bugs_in_pods_understanding_bugs/SI Bugs in Pods_ Exploring Bugs in Container Runtime Systems.xlsx,cri-o,
issta2024_bugs_in_pods_understanding_bugs:3fe2bc7a02c9f26a,issta2024_bugs_in_pods_understanding_bugs,cri-o,9a051dede1d09fd72243a2963c871fc5db496fe8,,,,,,,Incorrect Return Value,Wrong Code Logic,,cri-o,,,,,,"{""symptom_code"": ""C.2.1"", ""root_cause_code"": ""A.4.1"", ""source_sheet"": ""cri-o""}",data/raw/issta2024_bugs_in_pods_understanding_bugs/SI Bugs in Pods_ Exploring Bugs in Container Runtime Systems.xlsx,cri-o,
issta2024_bugs_in_pods_understanding_bugs:9720e6984458f21e,issta2024_bugs_in_pods_understanding_bugs,cri-o,cbfab09d5801bf94f6e2ec3d85cf30f33f59c3b0,,,,,,,Out of Memory,Incorrect Image or Config Parsing,,cri-o,,,,,,"{""symptom_code"": ""D.3.1"", ""root_cause_code"": ""A.4.2"", ""source_sheet"": ""cri-o""}",data/raw/issta2024_bugs_in_pods_understanding_bugs/SI Bugs in Pods_ Exploring Bugs in Container Runtime Systems.xlsx,cri-o,
issta2024_bugs_in_pods_understanding_bugs:6fd6bffa97c4438a,issta2024_bugs_in_pods_understanding_bugs,cri-o,0ce45a37212501c49a6de23015e506e8085bcb73,,,,,,,Excessive Execution Time,Wrong Code Logic,,cri-o,,,,,,"{""symptom_code"": ""D.2"", ""root_cause_code"": ""A.4.1"", ""source_sheet"": ""cri-o""}",data/raw/issta2024_bugs_in_pods_understanding_bugs/SI Bugs in Pods_ Exploring Bugs in Container Runtime Systems.xlsx,cri-o,
issta2024_bugs_in_pods_understanding_bugs:b7b512120d4b091a,issta2024_bugs_in_pods_understanding_bugs,cri-o,cd2b0028a6abeed6d9a71545d0969324bc9c36a7,,,,,,,Access Permission Denied,Inaccurate Permission Assignment,,cri-o,,,,,,"{""symptom_code"": ""C.3.1"", ""root_cause_code"": ""B.1.2"", ""source_sheet"": ""cri-o""}",data/raw/issta2024_bugs_in_pods_understanding_bugs/SI Bugs in Pods_ Exploring Bugs in Container Runtime Systems.xlsx,cri-o,
issta2024_bugs_in_pods_understanding_bugs:15304fea1685e171,issta2024_bugs_in_pods_understanding_bugs,cri-o,20e962381d2c5c28d590fc07fde62505027485fd,,,,,,,Build Failure,Build Configuration Error,,cri-o,,,,,,"{""symptom_code"": ""A"", ""root_cause_code"": ""B.3"", ""source_sheet"": ""cri-o""}",data/raw/issta2024_bugs_in_pods_understanding_bugs/SI Bugs in Pods_ Exploring Bugs in Container Runtime Systems.xlsx,cri-o,
issta2024_bugs_in_pods_understanding_bugs:435724b5e0c729eb,issta2024_bugs_in_pods_understanding_bugs,cri-o,5849ed8badca4ce20f1cd81f0b82bdeb64b9d93c,,,,,,,Runtime Daemon Crash,Wrong Code Logic,,cri-o,,,,,,"{""symptom_code"": ""B.1.2"", ""root_cause_code"": ""A.4.1"", ""source_sheet"": ""cri-o""}",data/raw/issta2024_bugs_in_pods_understanding_bugs/SI Bugs in Pods_ Exploring Bugs in Container Runtime Systems.xlsx,cri-o,
issta2024_bugs_in_pods_understanding_bugs:aab70c37dddc15ef,issta2024_bugs_in_pods_understanding_bugs,cri-o,8d11fc6910587e03b3ceccfc56d90ba8bb3a34ea,,,,,,,Wrong Container Behavior,Incorrect Image or Config Parsing,,cri-o,,,,,,"{""symptom_code"": ""C.2.2"", ""root_cause_code"": ""A.4.2"", ""source_sheet"": ""cri-o""}",data/raw/issta2024_bugs_in_pods_understanding_bugs/SI Bugs in Pods_ Exploring Bugs in Container Runtime Systems.xlsx,cri-o,
issta2024_bugs_in_pods_understanding_bugs:02191423ff27f129,issta2024_bugs_in_pods_understanding_bugs,cri-o,5e0334f778409f36640d8b2c1a8652fb1f299303,,,,,,,Others,Improper Exception Handling,,cri-o,,,,,,"{""symptom_code"": ""C.2.4"", ""root_cause_code"": ""A.1"", ""source_sheet"": ""cri-o""}",data/raw/issta2024_bugs_in_pods_understanding_bugs/SI Bugs in Pods_ Exploring Bugs in Container Runtime Systems.xlsx,cri-o,
issta2024_bugs_in_pods_understanding_bugs:e2146517eaf8b677,issta2024_bugs_in_pods_understanding_bugs,cri-o,c5bdf6f88cae3f80591e404228e38f39c196fceb,,,,,,,System Communication Error,Inaccurate Permission Assignment,,cri-o,,,,,,"{""symptom_code"": ""B.1.3"", ""root_cause_code"": ""B.1.2"", ""source_sheet"": ""cri-o""}",data/raw/issta2024_bugs_in_pods_understanding_bugs/SI Bugs in Pods_ Exploring Bugs in Container Runtime Systems.xlsx,cri-o,
issta2024_bugs_in_pods_understanding_bugs:5013c60fb30c59c0,issta2024_bugs_in_pods_understanding_bugs,cri-o,94be3040f324a8958890e1bd86bb0bbd27a10a0f,,,,,,,Host Memory Leak,Improper Exception Handling,,cri-o,,,,,,"{""symptom_code"": ""D.3.2"", ""root_cause_code"": ""A.1"", ""source_sheet"": ""cri-o""}",data/raw/issta2024_bugs_in_pods_understanding_bugs/SI Bugs in Pods_ Exploring Bugs in Container Runtime Systems.xlsx,cri-o,
issta2024_bugs_in_pods_understanding_bugs:f5dc6fde7bd97697,issta2024_bugs_in_pods_understanding_bugs,cri-o,e648fde3ae730b05f685a974d2466a18ba4741c6,,,,,,,Incorrect Return Value,Improper Exception Handling,,cri-o,,,,,,"{""symptom_code"": ""C.2.1"", ""root_cause_code"": ""A.1"", ""source_sheet"": ""cri-o""}",data/raw/issta2024_bugs_in_pods_understanding_bugs/SI Bugs in Pods_ Exploring Bugs in Container Runtime Systems.xlsx,cri-o,
issta2024_bugs_in_pods_understanding_bugs:f7b80cfe1d92c4e1,issta2024_bugs_in_pods_understanding_bugs,cri-o,2877425dd57959a0a059733b1cae787936891d0e,,,,,,,Excessive Execution Time,Improper Exception Handling,,cri-o,,,,,,"{""symptom_code"": ""D.2"", ""root_cause_code"": ""A.1"", ""source_sheet"": ""cri-o""}",data/raw/issta2024_bugs_in_pods_understanding_bugs/SI Bugs in Pods_ Exploring Bugs in Container Runtime Systems.xlsx,cri-o,
issta2024_bugs_in_pods_understanding_bugs:d7db9d37dc3067ac,issta2024_bugs_in_pods_understanding_bugs,cri-o,db3b399a8d7dabf7f073db73894bee98311d7909,,,,,,,Escalized Privilege,Wrong Code Logic,,cri-o,,,,,,"{""symptom_code"": ""C.3.2"", ""root_cause_code"": ""A.4.1"", ""source_sheet"": ""cri-o""}",data/raw/issta2024_bugs_in_pods_understanding_bugs/SI Bugs in Pods_ Exploring Bugs in Container Runtime Systems.xlsx,cri-o,
issta2024_bugs_in_pods_understanding_bugs:ae02d864443a91c2,issta2024_bugs_in_pods_understanding_bugs,cri-o,406f367cbb7bdc5e24edf7c116f031acb6e2de0b,,,,,,,Escalized Privilege,Inappropriate Lifecycle Organization,,cri-o,,,,,,"{""symptom_code"": ""C.3.2"", ""root_cause_code"": ""A.3.2"", ""source_sheet"": ""cri-o""}",data/raw/issta2024_bugs_in_pods_understanding_bugs/SI Bugs in Pods_ Exploring Bugs in Container Runtime Systems.xlsx,cri-o,
issta2024_bugs_in_pods_understanding_bugs:5e06bc3a2d3069ea,issta2024_bugs_in_pods_understanding_bugs,cri-o,f032cf649ecc7e0c46718bd9e7814bfb317cb544,,,,,,,Host Memory Leak,Unsafe API Usage,,cri-o,,,,,,"{""symptom_code"": ""D.3.2"", ""root_cause_code"": ""A.3.1"", ""source_sheet"": ""cri-o""}",data/raw/issta2024_bugs_in_pods_understanding_bugs/SI Bugs in Pods_ Exploring Bugs in Container Runtime Systems.xlsx,cri-o,
issta2024_bugs_in_pods_understanding_bugs:b8bd9a0c3b6c83db,issta2024_bugs_in_pods_understanding_bugs,cri-o,1af1f8af2c7e23525102dffbf0899b69e34ed3d2,,,,,,,Escalized Privilege,Incorrect System Config,,cri-o,,,,,,"{""symptom_code"": ""C.3.2"", ""root_cause_code"": ""B.2.2"", ""source_sheet"": ""cri-o""}",data/raw/issta2024_bugs_in_pods_understanding_bugs/SI Bugs in Pods_ Exploring Bugs in Container Runtime Systems.xlsx,cri-o,
issta2024_bugs_in_pods_understanding_bugs:8a39f88a3320651e,issta2024_bugs_in_pods_understanding_bugs,cri-o,1667b5a668a13e0a18ac4317fa13fa8a6865e73a,,,,,,,Escalized Privilege,Plugin Config Error,,cri-o,,,,,,"{""symptom_code"": ""C.3.2"", ""root_cause_code"": ""B.2.1"", ""source_sheet"": ""cri-o""}",data/raw/issta2024_bugs_in_pods_understanding_bugs/SI Bugs in Pods_ Exploring Bugs in Container Runtime Systems.xlsx,cri-o,
