record_id,paper_id,source_project,issue_url,title,body,comments,created_at,updated_at,state,symptom,root_cause,bug_type,component,sub_component,trigger_condition,consequence,fix_type,severity_or_impact,original_label_json,source_file,source_sheet,source_row_index
ase2021_an_empirical_study_of_bugs:6db0bac452455122,ase2021_an_empirical_study_of_bugs,webassembly_compilers,https://github.com/emscripten-core/emscripten/issues/10654,Atomics are miscompiled in wasm backend,,,2020-03-06T00:00:00+00:00,2020-03-06T00:00:00+00:00,,Stack Trace?; Incorrect Result Output/ Ground Truth Known?; Faulty WebAssembly Output?,1. Incorrect Thread-Safe Types,Data Type Incompatibilities,Special Types,,,,Change Casting Type,,"{""Bug Fix Category"": ""Change Casting Type"", ""Bug Fix Category 2"": ""1. Change Type Used"", ""Bug Fix Link"": ""https://github.com/emscripten-core/emscripten/commit/f89d14ed0c7e6424a8338da0edb5eeebe62e03ba"", ""Bug-Inducing Input is Simplified/Reduced in Size"": ""False"", ""Cannot Reproduce Locally"": ""False"", ""Closed Date"": ""2020-03-06"", ""Compiler Options/Command?"": ""True"", ""Compiler Version?"": ""False"", ""Created Date"": ""2020-03-06"", ""Developer Reported Difficult to Reproduce"": ""False"", ""Developer reported difficult to fix"": ""False"", ""Faulty WebAssembly Output?"": ""True"", ""ID"": ""52858.0"", ""Incorrect Result Output/ Ground Truth Known?"": ""True"", ""JS Code Snippet?"": ""False"", ""Root Cause Category"": ""1. Incorrect Thread-Safe Types"", ""Root Cause Category 2"": ""Special Types"", ""Runtime Environment?"": ""False"", ""Source Code Snippet?"": ""True"", ""Stack Trace?"": ""True"", ""Title"": ""Atomics are miscompiled in wasm backend"", ""URL"": ""https://github.com/emscripten-core/emscripten/issues/10654"", ""WebAssembly-Specific Paradigm"": ""Data Type Incompatibilities""}",data/raw_stage1/ase2021_an_empirical_study_of_bugs/qualitative_dataset.csv,,0
ase2021_an_empirical_study_of_bugs:d565d4e640d995c3,ase2021_an_empirical_study_of_bugs,webassembly_compilers,https://github.com/emscripten-core/emscripten/issues/9996,errno.h constants regression (wasi types vs preprocessor),,,2019-12-09T00:00:00+00:00,2019-12-13T00:00:00+00:00,,Stack Trace?; Incorrect Result Output/ Ground Truth Known?,2. Error Code Type Change,Data Type Incompatibilities,Special Types,,,,Change Variable Type,,"{""Bug Fix Category"": ""Change Variable Type"", ""Bug Fix Category 2"": ""1. Change Type Used"", ""Bug Fix Link"": ""https://github.com/brion/emscripten/commit/fdac20f39e2cac2f790af4d8e25cb7fa1309ffed"", ""Bug-Inducing Input is Simplified/Reduced in Size"": ""False"", ""Cannot Reproduce Locally"": ""False"", ""Closed Date"": ""2019-12-13"", ""Compiler Options/Command?"": ""True"", ""Compiler Version?"": ""True"", ""Created Date"": ""2019-12-09"", ""Developer Reported Difficult to Reproduce"": ""False"", ""Developer reported difficult to fix"": ""False"", ""Faulty WebAssembly Output?"": ""False"", ""ID"": ""53516.0"", ""Incorrect Result Output/ Ground Truth Known?"": ""True"", ""JS Code Snippet?"": ""False"", ""Root Cause Category"": ""2. Error Code Type Change"", ""Root Cause Category 2"": ""Special Types"", ""Runtime Environment?"": ""False"", ""Source Code Snippet?"": ""True"", ""Stack Trace?"": ""True"", ""Title"": ""errno.h constants regression (wasi types vs preprocessor)"", ""URL"": ""https://github.com/emscripten-core/emscripten/issues/9996"", ""WebAssembly-Specific Paradigm"": ""Data Type Incompatibilities""}",data/raw_stage1/ase2021_an_empirical_study_of_bugs/qualitative_dataset.csv,,1
ase2021_an_empirical_study_of_bugs:a205b6e57a3afe5e,ase2021_an_empirical_study_of_bugs,webassembly_compilers,https://github.com/emscripten-core/emscripten/issues/9850,Indirect call signature mismatch with MAIN_MODULE=1,,,2019-11-17T00:00:00+00:00,2019-11-19T00:00:00+00:00,,Stack Trace?; Incorrect Result Output/ Ground Truth Known?,3. i64 Legalization Issue,Data Type Incompatibilities,Native Types,,,,Fix return type legalization,,"{""Bug Fix Category"": ""Fix return type legalization"", ""Bug Fix Category 2"": ""2. Fix/Bypass Legalization"", ""Bug Fix Link"": ""https://github.com/emscripten-core/emscripten/commit/1488c44c521c3d312028a81cf314ed6c8562b2c9"", ""Bug-Inducing Input is Simplified/Reduced in Size"": ""False"", ""Cannot Reproduce Locally"": ""False"", ""Closed Date"": ""2019-11-19"", ""Compiler Options/Command?"": ""True"", ""Compiler Version?"": ""True"", ""Created Date"": ""2019-11-17"", ""Developer Reported Difficult to Reproduce"": ""False"", ""Developer reported difficult to fix"": ""False"", ""Faulty WebAssembly Output?"": ""False"", ""ID"": ""53662.0"", ""Incorrect Result Output/ Ground Truth Known?"": ""True"", ""JS Code Snippet?"": ""False"", ""Root Cause Category"": ""3. i64 Legalization Issue"", ""Root Cause Category 2"": ""Native Types"", ""Runtime Environment?"": ""False"", ""Source Code Snippet?"": ""True"", ""Stack Trace?"": ""True"", ""Title"": ""Indirect call signature mismatch with MAIN_MODULE=1"", ""URL"": ""https://github.com/emscripten-core/emscripten/issues/9850"", ""WebAssembly-Specific Paradigm"": ""Data Type Incompatibilities""}",data/raw_stage1/ase2021_an_empirical_study_of_bugs/qualitative_dataset.csv,,2
ase2021_an_empirical_study_of_bugs:5d774355acb71b48,ase2021_an_empirical_study_of_bugs,webassembly_compilers,https://github.com/emscripten-core/emscripten/issues/9562,-s MAIN_MODULE=1 + upstream + function pointer calls using i64 => TypeError: cannot pass i64 to or from JS,,,2019-10-02T00:00:00+00:00,2019-11-14T00:00:00+00:00,,Stack Trace?; Incorrect Result Output/ Ground Truth Known?,3. i64 Legalization Issue,Data Type Incompatibilities,Native Types,,,,Bypass Legalization,,"{""Bug Fix Category"": ""Bypass Legalization"", ""Bug Fix Category 2"": ""2. Fix/Bypass Legalization"", ""Bug Fix Link"": ""https://github.com/emscripten-core/emscripten/pull/9810/files"", ""Bug-Inducing Input is Simplified/Reduced in Size"": ""True"", ""Cannot Reproduce Locally"": ""False"", ""Closed Date"": ""2019-11-14"", ""Compiler Options/Command?"": ""True"", ""Compiler Version?"": ""True"", ""Created Date"": ""2019-10-02"", ""Developer Reported Difficult to Reproduce"": ""False"", ""Developer reported difficult to fix"": ""False"", ""Faulty WebAssembly Output?"": ""False"", ""ID"": ""53950.0"", ""Incorrect Result Output/ Ground Truth Known?"": ""True"", ""JS Code Snippet?"": ""False"", ""Root Cause Category"": ""3. i64 Legalization Issue"", ""Root Cause Category 2"": ""Native Types"", ""Runtime Environment?"": ""True"", ""Source Code Snippet?"": ""True"", ""Stack Trace?"": ""True"", ""Title"": ""-s MAIN_MODULE=1 + upstream + function pointer calls using i64 => TypeError: cannot pass i64 to or from JS"", ""URL"": ""https://github.com/emscripten-core/emscripten/issues/9562"", ""WebAssembly-Specific Paradigm"": ""Data Type Incompatibilities""}",data/raw_stage1/ase2021_an_empirical_study_of_bugs/qualitative_dataset.csv,,3
ase2021_an_empirical_study_of_bugs:b816f029a081c8a1,ase2021_an_empirical_study_of_bugs,webassembly_compilers,https://github.com/emscripten-core/emscripten/issues/7399,EMULATED_FUNCTION_POINTERS=1 issue with EH and functions returning int64,,,2018-10-27T00:00:00+00:00,2019-02-23T00:00:00+00:00,,Stack Trace?; Incorrect Result Output/ Ground Truth Known?,3. i64 Legalization Issue,Data Type Incompatibilities,Native Types,,,,Fix legalization,,"{""Bug Fix Category"": ""Fix legalization"", ""Bug Fix Category 2"": ""2. Fix/Bypass Legalization"", ""Bug Fix Link"": ""https://github.com/emscripten-core/emscripten/pull/8065/files"", ""Bug-Inducing Input is Simplified/Reduced in Size"": ""False"", ""Cannot Reproduce Locally"": ""False"", ""Closed Date"": ""2019-02-23"", ""Compiler Options/Command?"": ""True"", ""Compiler Version?"": ""False"", ""Created Date"": ""2018-10-27"", ""Developer Reported Difficult to Reproduce"": ""False"", ""Developer reported difficult to fix"": ""False"", ""Faulty WebAssembly Output?"": ""False"", ""ID"": ""56062.0"", ""Incorrect Result Output/ Ground Truth Known?"": ""True"", ""JS Code Snippet?"": ""False"", ""Root Cause Category"": ""3. i64 Legalization Issue"", ""Root Cause Category 2"": ""Native Types"", ""Runtime Environment?"": ""False"", ""Source Code Snippet?"": ""True"", ""Stack Trace?"": ""True"", ""Title"": ""EMULATED_FUNCTION_POINTERS=1 issue with EH and functions returning int64"", ""URL"": ""https://github.com/emscripten-core/emscripten/issues/7399"", ""WebAssembly-Specific Paradigm"": ""Data Type Incompatibilities""}",data/raw_stage1/ase2021_an_empirical_study_of_bugs/qualitative_dataset.csv,,4
ase2021_an_empirical_study_of_bugs:7d077bad926ba440,ase2021_an_empirical_study_of_bugs,webassembly_compilers,https://github.com/emscripten-core/emscripten/issues/6352,WebAssembly: wrong conversion from double to int64 when OUTLINING_LIMIT isn't 0,,,2018-03-20T00:00:00+00:00,2019-09-26T00:00:00+00:00,,Stack Trace?; Incorrect Result Output/ Ground Truth Known?,4. Floating Point Precision Issue,Data Type Incompatibilities,Native Types,,,,Add to documentation,,"{""Bug Fix Category"": ""Add to documentation"", ""Bug Fix Category 2"": ""3. Add Documentation"", ""Bug Fix Link"": ""https://github.com/emscripten-core/emscripten/pull/6371/files"", ""Bug-Inducing Input is Simplified/Reduced in Size"": ""False"", ""Cannot Reproduce Locally"": ""False"", ""Closed Date"": ""2019-09-26"", ""Compiler Options/Command?"": ""True"", ""Compiler Version?"": ""False"", ""Created Date"": ""2018-03-20"", ""Developer Reported Difficult to Reproduce"": ""False"", ""Developer reported difficult to fix"": ""False"", ""Faulty WebAssembly Output?"": ""False"", ""ID"": ""57077.0"", ""Incorrect Result Output/ Ground Truth Known?"": ""True"", ""JS Code Snippet?"": ""False"", ""Root Cause Category"": ""4. Floating Point Precision Issue"", ""Root Cause Category 2"": ""Native Types"", ""Runtime Environment?"": ""False"", ""Source Code Snippet?"": ""True"", ""Stack Trace?"": ""True"", ""Title"": ""WebAssembly: wrong conversion from double to int64 when OUTLINING_LIMIT isn't 0"", ""URL"": ""https://github.com/emscripten-core/emscripten/issues/6352"", ""WebAssembly-Specific Paradigm"": ""Data Type Incompatibilities""}",data/raw_stage1/ase2021_an_empirical_study_of_bugs/qualitative_dataset.csv,,5
ase2021_an_empirical_study_of_bugs:7f7acbd6578deab7,ase2021_an_empirical_study_of_bugs,webassembly_compilers,https://github.com/emscripten-core/emscripten/issues/5370,64-bit code generation,,,2017-07-07T00:00:00+00:00,2019-11-20T00:00:00+00:00,,Faulty WebAssembly Output?,3. i64 Legalization Issue,Data Type Incompatibilities,Native Types,,,,Disable Legalization,,"{""Bug Fix Category"": ""Disable Legalization"", ""Bug Fix Category 2"": ""2. Fix/Bypass Legalization"", ""Bug Fix Link"": ""https://github.com/emscripten-core/emscripten/pull/7498/files"", ""Bug-Inducing Input is Simplified/Reduced in Size"": ""False"", ""Cannot Reproduce Locally"": ""False"", ""Closed Date"": ""2019-11-20"", ""Compiler Options/Command?"": ""True"", ""Compiler Version?"": ""True"", ""Created Date"": ""2017-07-07"", ""Developer Reported Difficult to Reproduce"": ""False"", ""Developer reported difficult to fix"": ""False"", ""Faulty WebAssembly Output?"": ""True"", ""ID"": ""58059.0"", ""Incorrect Result Output/ Ground Truth Known?"": ""False"", ""JS Code Snippet?"": ""False"", ""Root Cause Category"": ""3. i64 Legalization Issue"", ""Root Cause Category 2"": ""Native Types"", ""Runtime Environment?"": ""False"", ""Source Code Snippet?"": ""True"", ""Stack Trace?"": ""False"", ""Title"": ""64-bit code generation"", ""URL"": ""https://github.com/emscripten-core/emscripten/issues/5370"", ""WebAssembly-Specific Paradigm"": ""Data Type Incompatibilities""}",data/raw_stage1/ase2021_an_empirical_study_of_bugs/qualitative_dataset.csv,,6
ase2021_an_empirical_study_of_bugs:c97a9614a2e60dad,ase2021_an_empirical_study_of_bugs,webassembly_compilers,https://github.com/emscripten-core/emscripten/issues/6425,EmterpreterAsync -O0 Float errors,,,2018-04-05T00:00:00+00:00,2018-04-06T00:00:00+00:00,,Incorrect Result Output/ Ground Truth Known?,4. Unsupported Floating-Point or Precision Loss,Data Type Incompatibilities,Native Types,,,,Add type support,,"{""Bug Fix Category"": ""Add type support"", ""Bug Fix Category 2"": ""4. Add/Improve Type Support"", ""Bug Fix Link"": ""https://github.com/emscripten-core/emscripten/commit/cbf96bcde4be30f9221597a55b507c039bd217ad"", ""Bug-Inducing Input is Simplified/Reduced in Size"": ""True"", ""Cannot Reproduce Locally"": ""False"", ""Closed Date"": ""2018-04-06"", ""Compiler Options/Command?"": ""True"", ""Compiler Version?"": ""False"", ""Created Date"": ""2018-04-05"", ""Developer Reported Difficult to Reproduce"": ""False"", ""Developer reported difficult to fix"": ""False"", ""Faulty WebAssembly Output?"": ""False"", ""ID"": ""57004.0"", ""Incorrect Result Output/ Ground Truth Known?"": ""True"", ""JS Code Snippet?"": ""False"", ""Root Cause Category"": ""4. Unsupported Floating-Point or Precision Loss"", ""Root Cause Category 2"": ""Native Types"", ""Runtime Environment?"": ""True"", ""Source Code Snippet?"": ""True"", ""Stack Trace?"": ""False"", ""Title"": ""EmterpreterAsync -O0 Float errors"", ""URL"": ""https://github.com/emscripten-core/emscripten/issues/6425"", ""WebAssembly-Specific Paradigm"": ""Data Type Incompatibilities""}",data/raw_stage1/ase2021_an_empirical_study_of_bugs/qualitative_dataset.csv,,7
ase2021_an_empirical_study_of_bugs:a68f4776aa6be23b,ase2021_an_empirical_study_of_bugs,webassembly_compilers,https://github.com/emscripten-core/emscripten/issues/3489,"Embind Reference Error: ""getTypeName is not defined""",,,2015-06-02T00:00:00+00:00,2018-04-02T00:00:00+00:00,,Incorrect Result Output/ Ground Truth Known?,5. Undefined Cross-Langauge Type Function,Data Type Incompatibilities,Undefined Function,,,,Add missing function,,"{""Bug Fix Category"": ""Add missing function"", ""Bug Fix Category 2"": ""5. Add Missing Function"", ""Bug Fix Link"": ""https://github.com/emscripten-core/emscripten/pull/3809/files"", ""Bug-Inducing Input is Simplified/Reduced in Size"": ""False"", ""Cannot Reproduce Locally"": ""False"", ""Closed Date"": ""2018-04-02"", ""Compiler Options/Command?"": ""False"", ""Compiler Version?"": ""False"", ""Created Date"": ""2015-06-02"", ""Developer Reported Difficult to Reproduce"": ""False"", ""Developer reported difficult to fix"": ""False"", ""Faulty WebAssembly Output?"": ""False"", ""ID"": ""59934.0"", ""Incorrect Result Output/ Ground Truth Known?"": ""True"", ""JS Code Snippet?"": ""True"", ""Needs Additional User Action"": ""Use custom JS Code to call export"", ""Root Cause Category"": ""5. Undefined Cross-Langauge Type Function"", ""Root Cause Category 2"": ""Undefined Function"", ""Runtime Environment?"": ""False"", ""Source Code Snippet?"": ""True"", ""Stack Trace?"": ""False"", ""Title"": ""Embind Reference Error: \""getTypeName is not defined\"""", ""URL"": ""https://github.com/emscripten-core/emscripten/issues/3489"", ""WebAssembly-Specific Paradigm"": ""Data Type Incompatibilities""}",data/raw_stage1/ase2021_an_empirical_study_of_bugs/qualitative_dataset.csv,,8
ase2021_an_empirical_study_of_bugs:bc18abb31997fe57,ase2021_an_empirical_study_of_bugs,webassembly_compilers,https://github.com/emscripten-core/emscripten/issues/5277,emscripten::val::as<uint32_t> - 'RuntimeError: integer result unrepresentable' where value >= 0x80000000,,,2017-06-06T00:00:00+00:00,2018-03-30T00:00:00+00:00,,,6. Missing i32 Operation,Data Type Incompatibilities,Native Types,,,,Add type support,,"{""Bug Fix Category"": ""Add type support"", ""Bug Fix Category 2"": ""4. Add/Improve Type Support"", ""Bug Fix Link"": ""https://github.com/juj/emscripten/commit/d57c2300656c5ea399024f641a8c42e996c25b57"", ""Bug-Inducing Input is Simplified/Reduced in Size"": ""False"", ""Cannot Reproduce Locally"": ""False"", ""Closed Date"": ""2018-03-30"", ""Compiler Options/Command?"": ""False"", ""Compiler Version?"": ""True"", ""Created Date"": ""2017-06-06"", ""Developer Reported Difficult to Reproduce"": ""False"", ""Developer reported difficult to fix"": ""False"", ""Faulty WebAssembly Output?"": ""False"", ""ID"": ""58152.0"", ""Incorrect Result Output/ Ground Truth Known?"": ""False"", ""JS Code Snippet?"": ""True"", ""Needs Additional User Action"": ""Use custom JS Code to call export"", ""Root Cause Category"": ""6. Missing i32 Operation"", ""Root Cause Category 2"": ""Native Types"", ""Runtime Environment?"": ""False"", ""Source Code Snippet?"": ""True"", ""Stack Trace?"": ""False"", ""Title"": ""emscripten::val::as<uint32_t> - 'RuntimeError: integer result unrepresentable' where value >= 0x80000000"", ""URL"": ""https://github.com/emscripten-core/emscripten/issues/5277"", ""WebAssembly-Specific Paradigm"": ""Data Type Incompatibilities""}",data/raw_stage1/ase2021_an_empirical_study_of_bugs/qualitative_dataset.csv,,9
ase2021_an_empirical_study_of_bugs:5b2992155a7c9af6,ase2021_an_empirical_study_of_bugs,webassembly_compilers,https://github.com/emscripten-core/emscripten/issues/5031,`-s WASM=1` not working with emterpreter,,,2017-03-14T00:00:00+00:00,2017-04-10T00:00:00+00:00,,,4. Unsupported Floating-Point or Precision Loss,Data Type Incompatibilities,Native Types,,,,Improve float sign handling,,"{""Bug Fix Category"": ""Improve float sign handling"", ""Bug Fix Category 2"": ""4. Add/Improve Type Support"", ""Bug Fix Link"": ""https://github.com/emscripten-core/emscripten/pull/5046/files"", ""Bug-Inducing Input is Simplified/Reduced in Size"": ""True"", ""Cannot Reproduce Locally"": ""False"", ""Closed Date"": ""2017-04-10"", ""Compiler Options/Command?"": ""False"", ""Compiler Version?"": ""False"", ""Created Date"": ""2017-03-14"", ""Developer Reported Difficult to Reproduce"": ""False"", ""Developer reported difficult to fix"": ""False"", ""Faulty WebAssembly Output?"": ""False"", ""ID"": ""58398.0"", ""Incorrect Result Output/ Ground Truth Known?"": ""False"", ""JS Code Snippet?"": ""False"", ""Root Cause Category"": ""4. Unsupported Floating-Point or Precision Loss"", ""Root Cause Category 2"": ""Native Types"", ""Runtime Environment?"": ""False"", ""Source Code Snippet?"": ""False"", ""Stack Trace?"": ""False"", ""Title"": ""`-s WASM=1` not working with emterpreter"", ""URL"": ""https://github.com/emscripten-core/emscripten/issues/5031"", ""WebAssembly-Specific Paradigm"": ""Data Type Incompatibilities""}",data/raw_stage1/ase2021_an_empirical_study_of_bugs/qualitative_dataset.csv,,10
ase2021_an_empirical_study_of_bugs:c7405d58219bbe33,ase2021_an_empirical_study_of_bugs,webassembly_compilers,https://github.com/emscripten-core/emscripten/issues/7208,WASM + USE_PTHREADS doesn't work with SAFE_HEAP,,,2018-10-01T00:00:00+00:00,2018-10-05T00:00:00+00:00,,Stack Trace?; Incorrect Result Output/ Ground Truth Known?,1. Incorrect Thread-Safe Types,Data Type Incompatibilities,Special Types,,,,Remove emitted invalid code,,"{""Bug Fix Category"": ""Remove emitted invalid code"", ""Bug Fix Category 2"": ""6. Fix/Remove Emitted Type Operations"", ""Bug Fix Link"": ""https://github.com/WebAssembly/binaryen/commit/e7756828726ec87afeb923a94d785f594de96aa7"", ""Bug-Inducing Input is Simplified/Reduced in Size"": ""False"", ""Cannot Reproduce Locally"": ""False"", ""Closed Date"": ""2018-10-05"", ""Compiler Options/Command?"": ""True"", ""Compiler Version?"": ""True"", ""Created Date"": ""2018-10-01"", ""Developer Reported Difficult to Reproduce"": ""False"", ""Developer reported difficult to fix"": ""False"", ""Faulty WebAssembly Output?"": ""False"", ""ID"": ""56221.0"", ""Incorrect Result Output/ Ground Truth Known?"": ""True"", ""JS Code Snippet?"": ""False"", ""Root Cause Category"": ""1. Incorrect Thread-Safe Types"", ""Root Cause Category 2"": ""Special Types"", ""Runtime Environment?"": ""False"", ""Source Code Snippet?"": ""False"", ""Stack Trace?"": ""True"", ""Title"": ""WASM + USE_PTHREADS doesn't work with SAFE_HEAP"", ""URL"": ""https://github.com/emscripten-core/emscripten/issues/7208"", ""WebAssembly-Specific Paradigm"": ""Data Type Incompatibilities""}",data/raw_stage1/ase2021_an_empirical_study_of_bugs/qualitative_dataset.csv,,11
ase2021_an_empirical_study_of_bugs:a3606ea23bdffc1e,ase2021_an_empirical_study_of_bugs,webassembly_compilers,https://github.com/emscripten-core/emscripten/issues/4251,Single precision floating point issues,,,2016-04-16T00:00:00+00:00,2019-09-25T00:00:00+00:00,,Incorrect Result Output/ Ground Truth Known?,4. Unsupported Floating-Point or Precision Loss,Data Type Incompatibilities,Native Types,,,,Provide Workaround,,"{""Bug Fix Category"": ""Provide Workaround"", ""Bug Fix Category 2"": ""7. Provide Workaround"", ""Bug Fix Link"": ""https://github.com/emscripten-core/emscripten/issues/4251#issuecomment-219486317"", ""Bug-Inducing Input is Simplified/Reduced in Size"": ""True"", ""Cannot Reproduce Locally"": ""False"", ""Closed Date"": ""2019-09-25"", ""Compiler Options/Command?"": ""True"", ""Compiler Version?"": ""True"", ""Created Date"": ""2016-04-16"", ""Developer Reported Difficult to Reproduce"": ""False"", ""Developer reported difficult to fix"": ""False"", ""Faulty WebAssembly Output?"": ""False"", ""ID"": ""59176.0"", ""Incorrect Result Output/ Ground Truth Known?"": ""True"", ""JS Code Snippet?"": ""False"", ""Root Cause Category"": ""4. Unsupported Floating-Point or Precision Loss"", ""Root Cause Category 2"": ""Native Types"", ""Runtime Environment?"": ""True"", ""Source Code Snippet?"": ""True"", ""Stack Trace?"": ""False"", ""Title"": ""Single precision floating point issues"", ""URL"": ""https://github.com/emscripten-core/emscripten/issues/4251"", ""WebAssembly-Specific Paradigm"": ""Data Type Incompatibilities""}",data/raw_stage1/ase2021_an_empirical_study_of_bugs/qualitative_dataset.csv,,12
ase2021_an_empirical_study_of_bugs:89fbe6a607c42d79,ase2021_an_empirical_study_of_bugs,webassembly_compilers,https://github.com/emscripten-core/emscripten/pull/3892,64-bit c++11 atomics do not behave correctly when high bits are set,,,2015-11-03T00:00:00+00:00,2015-11-25T00:00:00+00:00,,Incorrect Result Output/ Ground Truth Known?; Cannot Reproduce Locally,1. Incorrect Thread-Safe Types,Data Type Incompatibilities,Special Types,,,,Fix emitted type,,"{""Bug Fix Category"": ""Fix emitted type"", ""Bug Fix Category 2"": ""6. Fix/Remove Emitted Type Operations"", ""Bug Fix Link"": ""https://github.com/juj/emscripten/commit/ea80084b419fc0fd61399aae993e9aa32099e830"", ""Bug-Inducing Input is Simplified/Reduced in Size"": ""False"", ""Cannot Reproduce Locally"": ""True"", ""Closed Date"": ""2015-11-25"", ""Compiler Options/Command?"": ""False"", ""Compiler Version?"": ""True"", ""Created Date"": ""2015-11-03"", ""Developer Reported Difficult to Reproduce"": ""False"", ""Developer reported difficult to fix"": ""False"", ""Faulty WebAssembly Output?"": ""False"", ""ID"": ""59532.0"", ""Incorrect Result Output/ Ground Truth Known?"": ""True"", ""JS Code Snippet?"": ""False"", ""Root Cause Category"": ""1. Incorrect Thread-Safe Types"", ""Root Cause Category 2"": ""Special Types"", ""Runtime Environment?"": ""True"", ""Source Code Snippet?"": ""True"", ""Stack Trace?"": ""False"", ""Title"": ""64-bit c++11 atomics do not behave correctly when high bits are set"", ""URL"": ""https://github.com/emscripten-core/emscripten/pull/3892"", ""WebAssembly-Specific Paradigm"": ""Data Type Incompatibilities""}",data/raw_stage1/ase2021_an_empirical_study_of_bugs/qualitative_dataset.csv,,13
ase2021_an_empirical_study_of_bugs:9b331d737286245c,ase2021_an_empirical_study_of_bugs,webassembly_compilers,https://github.com/emscripten-core/emscripten/issues/3789,LLVM optimizations generate temporary 128-bit integers which fail compilation.,,,2015-09-18T00:00:00+00:00,2019-11-28T00:00:00+00:00,,Incorrect Result Output/ Ground Truth Known?,7. Invalid SIMD Type Operations,Data Type Incompatibilities,Special Types,,,,Prevent emitted type,,"{""Bug Fix Category"": ""Prevent emitted type"", ""Bug Fix Category 2"": ""6. Fix/Remove Emitted Type Operations"", ""Bug Fix Link"": ""https://github.com/emscripten-core/emscripten-fastcomp/pull/124/files"", ""Bug-Inducing Input is Simplified/Reduced in Size"": ""True"", ""Cannot Reproduce Locally"": ""False"", ""Closed Date"": ""2019-11-28"", ""Compiler Options/Command?"": ""False"", ""Compiler Version?"": ""False"", ""Created Date"": ""2015-09-18"", ""Developer Reported Difficult to Reproduce"": ""False"", ""Developer reported difficult to fix"": ""False"", ""Faulty WebAssembly Output?"": ""False"", ""ID"": ""59634.0"", ""Incorrect Result Output/ Ground Truth Known?"": ""True"", ""JS Code Snippet?"": ""False"", ""Root Cause Category"": ""7. Invalid SIMD Type Operations"", ""Root Cause Category 2"": ""Special Types"", ""Runtime Environment?"": ""False"", ""Source Code Snippet?"": ""True"", ""Stack Trace?"": ""False"", ""Title"": ""LLVM optimizations generate temporary 128-bit integers which fail compilation."", ""URL"": ""https://github.com/emscripten-core/emscripten/issues/3789"", ""WebAssembly-Specific Paradigm"": ""Data Type Incompatibilities""}",data/raw_stage1/ase2021_an_empirical_study_of_bugs/qualitative_dataset.csv,,14
ase2021_an_empirical_study_of_bugs:18466d24b1c73551,ase2021_an_empirical_study_of_bugs,webassembly_compilers,https://github.com/emscripten-core/emscripten/issues/3787,Passing SIMD output by reference fails asm.js validation.,,,2015-09-18T00:00:00+00:00,2015-09-22T00:00:00+00:00,,Stack Trace?; Incorrect Result Output/ Ground Truth Known?,7. Invalid SIMD Type Operations,Data Type Incompatibilities,Special Types,,,,Remove emitted invalid code,,"{""Bug Fix Category"": ""Remove emitted invalid code"", ""Bug Fix Category 2"": ""6. Fix/Remove Emitted Type Operations"", ""Bug Fix Link"": ""https://github.com/emscripten-core/emscripten-fastcomp/pull/119/files"", ""Bug-Inducing Input is Simplified/Reduced in Size"": ""False"", ""Cannot Reproduce Locally"": ""False"", ""Closed Date"": ""2015-09-22"", ""Compiler Options/Command?"": ""True"", ""Compiler Version?"": ""False"", ""Created Date"": ""2015-09-18"", ""Developer Reported Difficult to Reproduce"": ""False"", ""Developer reported difficult to fix"": ""False"", ""Faulty WebAssembly Output?"": ""False"", ""ID"": ""59636.0"", ""Incorrect Result Output/ Ground Truth Known?"": ""True"", ""JS Code Snippet?"": ""False"", ""Root Cause Category"": ""7. Invalid SIMD Type Operations"", ""Root Cause Category 2"": ""Special Types"", ""Runtime Environment?"": ""False"", ""Source Code Snippet?"": ""True"", ""Stack Trace?"": ""True"", ""Title"": ""Passing SIMD output by reference fails asm.js validation."", ""URL"": ""https://github.com/emscripten-core/emscripten/issues/3787"", ""WebAssembly-Specific Paradigm"": ""Data Type Incompatibilities""}",data/raw_stage1/ase2021_an_empirical_study_of_bugs/qualitative_dataset.csv,,15
ase2021_an_empirical_study_of_bugs:7641645aba567ae2,ase2021_an_empirical_study_of_bugs,webassembly_compilers,https://github.com/emscripten-core/emscripten/issues/3487,getTypeName is not defined when calling C function,,,2015-06-01T00:00:00+00:00,2018-04-02T00:00:00+00:00,,Stack Trace?,5. Undefined Cross-Langauge Type Function,Data Type Incompatibilities,Undefined Function,,,,Add missing function,,"{""Bug Fix Category"": ""Add missing function"", ""Bug Fix Category 2"": ""5. Add Missing Function"", ""Bug Fix Link"": ""https://github.com/emscripten-core/emscripten/pull/3809/files"", ""Bug-Inducing Input is Simplified/Reduced in Size"": ""False"", ""Cannot Reproduce Locally"": ""False"", ""Closed Date"": ""2018-04-02"", ""Compiler Options/Command?"": ""True"", ""Compiler Version?"": ""True"", ""Created Date"": ""2015-06-01"", ""Developer Reported Difficult to Reproduce"": ""False"", ""Developer reported difficult to fix"": ""False"", ""Faulty WebAssembly Output?"": ""False"", ""ID"": ""59936.0"", ""Incorrect Result Output/ Ground Truth Known?"": ""False"", ""JS Code Snippet?"": ""True"", ""Root Cause Category"": ""5. Undefined Cross-Langauge Type Function"", ""Root Cause Category 2"": ""Undefined Function"", ""Runtime Environment?"": ""False"", ""Source Code Snippet?"": ""True"", ""Stack Trace?"": ""True"", ""Title"": ""getTypeName is not defined when calling C function"", ""URL"": ""https://github.com/emscripten-core/emscripten/issues/3487"", ""WebAssembly-Specific Paradigm"": ""Data Type Incompatibilities""}",data/raw_stage1/ase2021_an_empirical_study_of_bugs/qualitative_dataset.csv,,16
ase2021_an_empirical_study_of_bugs:4e208ccd89bee4bc,ase2021_an_empirical_study_of_bugs,webassembly_compilers,https://github.com/emscripten-core/emscripten/issues/5164,Test case of extractelement-incompatibility with Int64-related SIMD,,,2017-04-26T00:00:00+00:00,2019-09-26T00:00:00+00:00,,Stack Trace?; Incorrect Result Output/ Ground Truth Known?,7. Invalid SIMD Type Operations,Data Type Incompatibilities,Special Types,,,,Provide Workaround,,"{""Bug Fix Category"": ""Provide Workaround"", ""Bug Fix Category 2"": ""7. Provide Workaround"", ""Bug Fix Link"": ""https://github.com/emscripten-core/emscripten/commit/2ec641a5bd034ca7b3dffab10be02c8aef0445cb"", ""Bug-Inducing Input is Simplified/Reduced in Size"": ""False"", ""Cannot Reproduce Locally"": ""False"", ""Closed Date"": ""2019-09-26"", ""Compiler Options/Command?"": ""False"", ""Compiler Version?"": ""False"", ""Created Date"": ""2017-04-26"", ""Developer Reported Difficult to Reproduce"": ""False"", ""Developer reported difficult to fix"": ""False"", ""Faulty WebAssembly Output?"": ""False"", ""ID"": ""58265.0"", ""Incorrect Result Output/ Ground Truth Known?"": ""True"", ""JS Code Snippet?"": ""False"", ""Root Cause Category"": ""7. Invalid SIMD Type Operations"", ""Root Cause Category 2"": ""Special Types"", ""Runtime Environment?"": ""False"", ""Source Code Snippet?"": ""True"", ""Stack Trace?"": ""True"", ""Title"": ""Test case of extractelement-incompatibility with Int64-related SIMD"", ""URL"": ""https://github.com/emscripten-core/emscripten/issues/5164"", ""WebAssembly-Specific Paradigm"": ""Data Type Incompatibilities""}",data/raw_stage1/ase2021_an_empirical_study_of_bugs/qualitative_dataset.csv,,17
ase2021_an_empirical_study_of_bugs:e9099284e0ee7cb3,ase2021_an_empirical_study_of_bugs,webassembly_compilers,https://github.com/emscripten-core/emscripten/pull/7708,WIP: Fix function pointer calls with new signatures in side modules,,,2018-12-20T00:00:00+00:00,2020-01-04T00:00:00+00:00,,Stack Trace?,3. i64 Legalization Issue,Data Type Incompatibilities,Native Types,,,,Bypass Legalization,,"{""Bug Fix Category"": ""Bypass Legalization"", ""Bug Fix Category 2"": ""2. Fix/Bypass Legalization"", ""Bug Fix Link"": ""https://github.com/emscripten-core/emscripten/pull/7708/files"", ""Bug-Inducing Input is Simplified/Reduced in Size"": ""True"", ""Cannot Reproduce Locally"": ""False"", ""Closed Date"": ""2020-01-04"", ""Compiler Options/Command?"": ""False"", ""Compiler Version?"": ""False"", ""Created Date"": ""2018-12-20"", ""Developer Reported Difficult to Reproduce"": ""False"", ""Developer reported difficult to fix"": ""False"", ""Faulty WebAssembly Output?"": ""False"", ""ID"": ""55753.0"", ""Incorrect Result Output/ Ground Truth Known?"": ""False"", ""JS Code Snippet?"": ""False"", ""Root Cause Category"": ""3. i64 Legalization Issue"", ""Root Cause Category 2"": ""Native Types"", ""Runtime Environment?"": ""False"", ""Source Code Snippet?"": ""False"", ""Stack Trace?"": ""True"", ""Title"": ""WIP: Fix function pointer calls with new signatures in side modules"", ""URL"": ""https://github.com/emscripten-core/emscripten/pull/7708"", ""WebAssembly-Specific Paradigm"": ""Data Type Incompatibilities""}",data/raw_stage1/ase2021_an_empirical_study_of_bugs/qualitative_dataset.csv,,18
ase2021_an_empirical_study_of_bugs:4143d6474f688eda,ase2021_an_empirical_study_of_bugs,webassembly_compilers,https://github.com/emscripten-core/emscripten/issues/7199,Incorrect results when calling functions with int64_t parameters.,,,2018-09-27T00:00:00+00:00,2020-01-29T00:00:00+00:00,,Incorrect Result Output/ Ground Truth Known?,3. i64 Legalization Issue,Data Type Incompatibilities,Native Types,,,,Add to documentation,,"{""Bug Fix Category"": ""Add to documentation"", ""Bug Fix Category 2"": ""3. Add Documentation"", ""Bug Fix Link"": ""https://github.com/emscripten-core/emscripten/pull/7224/files"", ""Bug-Inducing Input is Simplified/Reduced in Size"": ""False"", ""Cannot Reproduce Locally"": ""False"", ""Closed Date"": ""2020-01-29"", ""Compiler Options/Command?"": ""True"", ""Compiler Version?"": ""True"", ""Created Date"": ""2018-09-27"", ""Developer Reported Difficult to Reproduce"": ""False"", ""Developer reported difficult to fix"": ""False"", ""Faulty WebAssembly Output?"": ""False"", ""ID"": ""56230.0"", ""Incorrect Result Output/ Ground Truth Known?"": ""True"", ""JS Code Snippet?"": ""True"", ""Root Cause Category"": ""3. i64 Legalization Issue"", ""Root Cause Category 2"": ""Native Types"", ""Runtime Environment?"": ""False"", ""Source Code Snippet?"": ""True"", ""Stack Trace?"": ""False"", ""Title"": ""Incorrect results when calling functions with int64_t parameters."", ""URL"": ""https://github.com/emscripten-core/emscripten/issues/7199"", ""WebAssembly-Specific Paradigm"": ""Data Type Incompatibilities""}",data/raw_stage1/ase2021_an_empirical_study_of_bugs/qualitative_dataset.csv,,19
ase2021_an_empirical_study_of_bugs:024332f2ccaef043,ase2021_an_empirical_study_of_bugs,webassembly_compilers,https://github.com/emscripten-core/emscripten/issues/6309,EMULATE_FUNCTION_POINTER_CASTS and WASM=1,,,2018-03-07T00:00:00+00:00,2018-03-15T00:00:00+00:00,,Stack Trace?,3. i64 Legalization Issue,Data Type Incompatibilities,Native Types,,,,Improve type metadata handling,,"{""Bug Fix Category"": ""Improve type metadata handling"", ""Bug Fix Category 2"": ""4. Add/Improve Type Support"", ""Bug Fix Link"": ""https://github.com/emscripten-core/emscripten/commit/286b22c688c53e2784bd30d031a0210ffd9092f4"", ""Bug-Inducing Input is Simplified/Reduced in Size"": ""True"", ""Cannot Reproduce Locally"": ""False"", ""Closed Date"": ""2018-03-15"", ""Compiler Options/Command?"": ""False"", ""Compiler Version?"": ""False"", ""Created Date"": ""2018-03-07"", ""Developer Reported Difficult to Reproduce"": ""False"", ""Developer reported difficult to fix"": ""True"", ""Faulty WebAssembly Output?"": ""False"", ""ID"": ""57120.0"", ""Incorrect Result Output/ Ground Truth Known?"": ""False"", ""JS Code Snippet?"": ""False"", ""Root Cause Category"": ""3. i64 Legalization Issue"", ""Root Cause Category 2"": ""Native Types"", ""Runtime Environment?"": ""False"", ""Source Code Snippet?"": ""False"", ""Stack Trace?"": ""True"", ""Title"": ""EMULATE_FUNCTION_POINTER_CASTS and WASM=1"", ""URL"": ""https://github.com/emscripten-core/emscripten/issues/6309"", ""WebAssembly-Specific Paradigm"": ""Data Type Incompatibilities""}",data/raw_stage1/ase2021_an_empirical_study_of_bugs/qualitative_dataset.csv,,20
ase2021_an_empirical_study_of_bugs:ea788d313ec6d497,ase2021_an_empirical_study_of_bugs,webassembly_compilers,https://github.com/emscripten-core/emscripten/issues/4307,TypeError: asm.js type error: void incompatible with previous return of type i32,,,2016-05-10T00:00:00+00:00,2016-05-17T00:00:00+00:00,,Stack Trace?,1. Incorrect Thread-Safe Types,Data Type Incompatibilities,Special Types,,,,Fix invalid emitted code,,"{""Bug Fix Category"": ""Fix invalid emitted code"", ""Bug Fix Category 2"": ""6. Fix/Remove Emitted Type Operations"", ""Bug Fix Link"": ""https://github.com/emscripten-core/emscripten-fastcomp/commit/84e3c5678fea206b918490d1ab1588aa5bdbf1f3"", ""Bug-Inducing Input is Simplified/Reduced in Size"": ""False"", ""Cannot Reproduce Locally"": ""False"", ""Closed Date"": ""2016-05-17"", ""Compiler Options/Command?"": ""False"", ""Compiler Version?"": ""False"", ""Created Date"": ""2016-05-10"", ""Developer Reported Difficult to Reproduce"": ""False"", ""Developer reported difficult to fix"": ""False"", ""Faulty WebAssembly Output?"": ""False"", ""ID"": ""59120.0"", ""Incorrect Result Output/ Ground Truth Known?"": ""False"", ""JS Code Snippet?"": ""False"", ""Root Cause Category"": ""1. Incorrect Thread-Safe Types"", ""Root Cause Category 2"": ""Special Types"", ""Runtime Environment?"": ""True"", ""Source Code Snippet?"": ""False"", ""Stack Trace?"": ""True"", ""Title"": ""TypeError: asm.js type error: void incompatible with previous return of type i32"", ""URL"": ""https://github.com/emscripten-core/emscripten/issues/4307"", ""WebAssembly-Specific Paradigm"": ""Data Type Incompatibilities""}",data/raw_stage1/ase2021_an_empirical_study_of_bugs/qualitative_dataset.csv,,21
ase2021_an_empirical_study_of_bugs:e683ebf45520eafa,ase2021_an_empirical_study_of_bugs,webassembly_compilers,https://github.com/emscripten-core/emscripten/issues/3788,SIMD Int64x2 code fails to build in optimized mode.,,,2015-09-18T00:00:00+00:00,2015-10-07T00:00:00+00:00,,Stack Trace?; Incorrect Result Output/ Ground Truth Known?,7. Invalid SIMD Type Operations,Data Type Incompatibilities,Special Types,,,,Prevent optimizer emitting vector types,,"{""Bug Fix Category"": ""Prevent optimizer emitting vector types"", ""Bug Fix Category 2"": ""6. Fix/Remove Emitted Type Operations"", ""Bug Fix Link"": ""https://github.com/emscripten-core/emscripten-fastcomp/pull/124/files"", ""Bug-Inducing Input is Simplified/Reduced in Size"": ""True"", ""Cannot Reproduce Locally"": ""False"", ""Closed Date"": ""2015-10-07"", ""Compiler Options/Command?"": ""True"", ""Compiler Version?"": ""False"", ""Created Date"": ""2015-09-18"", ""Developer Reported Difficult to Reproduce"": ""False"", ""Developer reported difficult to fix"": ""False"", ""Faulty WebAssembly Output?"": ""False"", ""ID"": ""59635.0"", ""Incorrect Result Output/ Ground Truth Known?"": ""True"", ""JS Code Snippet?"": ""False"", ""Root Cause Category"": ""7. Invalid SIMD Type Operations"", ""Root Cause Category 2"": ""Special Types"", ""Runtime Environment?"": ""False"", ""Source Code Snippet?"": ""True"", ""Stack Trace?"": ""True"", ""Title"": ""SIMD Int64x2 code fails to build in optimized mode."", ""URL"": ""https://github.com/emscripten-core/emscripten/issues/3788"", ""WebAssembly-Specific Paradigm"": ""Data Type Incompatibilities""}",data/raw_stage1/ase2021_an_empirical_study_of_bugs/qualitative_dataset.csv,,22
ase2021_an_empirical_study_of_bugs:5c7b95e906d29803,ase2021_an_empirical_study_of_bugs,webassembly_compilers,https://github.com/emscripten-core/emscripten/issues/9823,Asyncify behaving differently then emterpreter,,,2019-11-12T00:00:00+00:00,2019-12-03T00:00:00+00:00,,Incorrect Result Output/ Ground Truth Known?,3. Missing Sleep Callback,Synchronous/Asynchronous,Asyncify,,,,Add Sleep Callbacks,,"{""Bug Fix Category"": ""Add Sleep Callbacks"", ""Bug Fix Category 2"": ""2. Add Sleep Callback"", ""Bug Fix Link"": ""https://github.com/emscripten-core/emscripten/pull/9828/files"", ""Bug-Inducing Input is Simplified/Reduced in Size"": ""False"", ""Cannot Reproduce Locally"": ""False"", ""Closed Date"": ""2019-12-03"", ""Compiler Options/Command?"": ""True"", ""Compiler Version?"": ""True"", ""Created Date"": ""2019-11-12"", ""Developer Reported Difficult to Reproduce"": ""False"", ""Developer reported difficult to fix"": ""False"", ""Faulty WebAssembly Output?"": ""False"", ""ID"": ""53689.0"", ""Incorrect Result Output/ Ground Truth Known?"": ""True"", ""JS Code Snippet?"": ""False"", ""Root Cause Category"": ""3. Missing Sleep Callback"", ""Root Cause Category 2"": ""Asyncify"", ""Runtime Environment?"": ""False"", ""Source Code Snippet?"": ""True"", ""Stack Trace?"": ""False"", ""Title"": ""Asyncify behaving differently then emterpreter"", ""URL"": ""https://github.com/emscripten-core/emscripten/issues/9823"", ""WebAssembly-Specific Paradigm"": ""Synchronous/Asynchronous""}",data/raw_stage1/ase2021_an_empirical_study_of_bugs/qualitative_dataset.csv,,23
ase2021_an_empirical_study_of_bugs:8aaf442b5139ef4b,ase2021_an_empirical_study_of_bugs,webassembly_compilers,https://github.com/emscripten-core/emscripten/issues/10051,Looks like you are rendering without using requestAnimationFrame for the main loop,,,2019-12-16T00:00:00+00:00,2019-12-21T00:00:00+00:00,,Incorrect Result Output/ Ground Truth Known?,2. Redundant Warning Message,Synchronous/Asynchronous,Animation,,,,Provide Workaround,,"{""Bug Fix Category"": ""Provide Workaround"", ""Bug Fix Category 2"": ""3. Add Warning Message"", ""Bug Fix Link"": ""https://github.com/emscripten-core/emscripten/pull/10090/files"", ""Bug-Inducing Input is Simplified/Reduced in Size"": ""False"", ""Cannot Reproduce Locally"": ""False"", ""Closed Date"": ""2019-12-21"", ""Compiler Options/Command?"": ""False"", ""Compiler Version?"": ""False"", ""Created Date"": ""2019-12-16"", ""Developer Reported Difficult to Reproduce"": ""False"", ""Developer reported difficult to fix"": ""False"", ""Faulty WebAssembly Output?"": ""False"", ""ID"": ""53461.0"", ""Incorrect Result Output/ Ground Truth Known?"": ""True"", ""JS Code Snippet?"": ""False"", ""Root Cause Category"": ""2. Redundant Warning Message"", ""Root Cause Category 2"": ""Animation"", ""Runtime Environment?"": ""True"", ""Source Code Snippet?"": ""True"", ""Stack Trace?"": ""False"", ""Title"": ""Looks like you are rendering without using requestAnimationFrame for the main loop"", ""URL"": ""https://github.com/emscripten-core/emscripten/issues/10051"", ""WebAssembly-Specific Paradigm"": ""Synchronous/Asynchronous""}",data/raw_stage1/ase2021_an_empirical_study_of_bugs/qualitative_dataset.csv,,24
ase2021_an_empirical_study_of_bugs:c34e304c24788988,ase2021_an_empirical_study_of_bugs,webassembly_compilers,https://github.com/emscripten-core/emscripten/issues/3908,Race condition can cause redundant IDBFS store sync operations.,,,2015-11-11T00:00:00+00:00,2019-09-07T00:00:00+00:00,,Incorrect Result Output/ Ground Truth Known?,7. Async API Implementing Sync,Synchronous/Asynchronous,IndexedDB,,,,Add to documentation,,"{""Bug Fix Category"": ""Add to documentation"", ""Bug Fix Category 2"": ""5. Add Documentation"", ""Bug Fix Link"": ""https://github.com/emscripten-core/emscripten/pull/3867/files"", ""Bug-Inducing Input is Simplified/Reduced in Size"": ""False"", ""Cannot Reproduce Locally"": ""False"", ""Closed Date"": ""2019-09-07"", ""Compiler Options/Command?"": ""False"", ""Compiler Version?"": ""True"", ""Created Date"": ""2015-11-11"", ""Developer Reported Difficult to Reproduce"": ""False"", ""Developer reported difficult to fix"": ""True"", ""Faulty WebAssembly Output?"": ""False"", ""ID"": ""59516.0"", ""Incorrect Result Output/ Ground Truth Known?"": ""True"", ""JS Code Snippet?"": ""False"", ""Root Cause Category"": ""7. Async API Implementing Sync"", ""Root Cause Category 2"": ""IndexedDB"", ""Runtime Environment?"": ""False"", ""Source Code Snippet?"": ""True"", ""Stack Trace?"": ""False"", ""Title"": ""Race condition can cause redundant IDBFS store sync operations."", ""URL"": ""https://github.com/emscripten-core/emscripten/issues/3908"", ""WebAssembly-Specific Paradigm"": ""Synchronous/Asynchronous""}",data/raw_stage1/ase2021_an_empirical_study_of_bugs/qualitative_dataset.csv,,25
ase2021_an_empirical_study_of_bugs:32075edc57776dfb,ase2021_an_empirical_study_of_bugs,webassembly_compilers,https://github.com/emscripten-core/emscripten/issues/6727,EMTERPRETIFY + SDL2 + emscripten_sleep = abort,,,2018-06-20T00:00:00+00:00,2018-07-06T00:00:00+00:00,,Stack Trace?; Incorrect Result Output/ Ground Truth Known?,1. Incorrect Emterpretify Stack State,Synchronous/Asynchronous,Emterpreter,,,,Improve State Checking,,"{""Bug Fix Category"": ""Improve State Checking"", ""Bug Fix Category 2"": ""1. Improve State Checking"", ""Bug Fix Link"": ""https://github.com/emscripten-core/emscripten/pull/6749/files"", ""Bug-Inducing Input is Simplified/Reduced in Size"": ""False"", ""Cannot Reproduce Locally"": ""False"", ""Closed Date"": ""2018-07-06"", ""Compiler Options/Command?"": ""True"", ""Compiler Version?"": ""False"", ""Created Date"": ""2018-06-20"", ""Developer Reported Difficult to Reproduce"": ""False"", ""Developer reported difficult to fix"": ""True"", ""Faulty WebAssembly Output?"": ""False"", ""ID"": ""56702.0"", ""Incorrect Result Output/ Ground Truth Known?"": ""True"", ""JS Code Snippet?"": ""False"", ""Needs Additional User Action"": ""Click page"", ""Root Cause Category"": ""1. Incorrect Emterpretify Stack State"", ""Root Cause Category 2"": ""Emterpreter"", ""Runtime Environment?"": ""False"", ""Source Code Snippet?"": ""True"", ""Stack Trace?"": ""True"", ""Title"": ""EMTERPRETIFY + SDL2 + emscripten_sleep = abort"", ""URL"": ""https://github.com/emscripten-core/emscripten/issues/6727"", ""WebAssembly-Specific Paradigm"": ""Synchronous/Asynchronous""}",data/raw_stage1/ase2021_an_empirical_study_of_bugs/qualitative_dataset.csv,,26
ase2021_an_empirical_study_of_bugs:9db16d23d40fa49c,ase2021_an_empirical_study_of_bugs,webassembly_compilers,https://github.com/emscripten-core/emscripten/issues/3141,SDL 2 SDL_JoystickUpdate() breaks emterpreter compilation,,,2015-01-20T00:00:00+00:00,2015-01-20T00:00:00+00:00,,Stack Trace?; Incorrect Result Output/ Ground Truth Known?,4. Emterpreter Parsing Errors,Synchronous/Asynchronous,Emterpreter,,,,Improve Side Effect Checking,,"{""Bug Fix Category"": ""Improve Side Effect Checking"", ""Bug Fix Category 2"": ""4. Improve Emterpreter Parsing"", ""Bug Fix Link"": ""https://github.com/emscripten-core/emscripten/commit/e22c24cd7b39b1c7f5c93a406ff7678d4e296ee1"", ""Bug-Inducing Input is Simplified/Reduced in Size"": ""False"", ""Cannot Reproduce Locally"": ""False"", ""Closed Date"": ""2015-01-20"", ""Compiler Options/Command?"": ""True"", ""Compiler Version?"": ""False"", ""Created Date"": ""2015-01-20"", ""Developer Reported Difficult to Reproduce"": ""False"", ""Developer reported difficult to fix"": ""False"", ""Faulty WebAssembly Output?"": ""False"", ""ID"": ""60282.0"", ""Incorrect Result Output/ Ground Truth Known?"": ""True"", ""JS Code Snippet?"": ""False"", ""Root Cause Category"": ""4. Emterpreter Parsing Errors"", ""Root Cause Category 2"": ""Emterpreter"", ""Runtime Environment?"": ""False"", ""Source Code Snippet?"": ""True"", ""Stack Trace?"": ""True"", ""Title"": ""SDL 2 SDL_JoystickUpdate() breaks emterpreter compilation"", ""URL"": ""https://github.com/emscripten-core/emscripten/issues/3141"", ""WebAssembly-Specific Paradigm"": ""Synchronous/Asynchronous""}",data/raw_stage1/ase2021_an_empirical_study_of_bugs/qualitative_dataset.csv,,27
ase2021_an_empirical_study_of_bugs:0f79553969baaf99,ase2021_an_empirical_study_of_bugs,webassembly_compilers,https://github.com/emscripten-core/emscripten/issues/6724,EMTERPRETIFY incompatible with g4,,,2018-06-19T00:00:00+00:00,2018-06-22T00:00:00+00:00,,Stack Trace?; Incorrect Result Output/ Ground Truth Known?,6. Missing Features in Emterpreter,Synchronous/Asynchronous,Emterpreter,,,,Add to documentation,,"{""Bug Fix Category"": ""Add to documentation"", ""Bug Fix Category 2"": ""7. Throw Exception"", ""Bug Fix Link"": ""https://github.com/emscripten-core/emscripten/commit/f18422704fe7873c2bf74b38e1139bf2269773da"", ""Bug-Inducing Input is Simplified/Reduced in Size"": ""False"", ""Cannot Reproduce Locally"": ""False"", ""Closed Date"": ""2018-06-22"", ""Compiler Options/Command?"": ""True"", ""Compiler Version?"": ""True"", ""Created Date"": ""2018-06-19"", ""Developer Reported Difficult to Reproduce"": ""False"", ""Developer reported difficult to fix"": ""False"", ""Faulty WebAssembly Output?"": ""False"", ""ID"": ""56705.0"", ""Incorrect Result Output/ Ground Truth Known?"": ""True"", ""JS Code Snippet?"": ""False"", ""Root Cause Category"": ""6. Missing Features in Emterpreter"", ""Root Cause Category 2"": ""Emterpreter"", ""Runtime Environment?"": ""False"", ""Source Code Snippet?"": ""True"", ""Stack Trace?"": ""True"", ""Title"": ""EMTERPRETIFY incompatible with g4"", ""URL"": ""https://github.com/emscripten-core/emscripten/issues/6724"", ""WebAssembly-Specific Paradigm"": ""Synchronous/Asynchronous""}",data/raw_stage1/ase2021_an_empirical_study_of_bugs/qualitative_dataset.csv,,28
ase2021_an_empirical_study_of_bugs:65bb0e80535e9390,ase2021_an_empirical_study_of_bugs,webassembly_compilers,https://github.com/emscripten-core/emscripten/issues/7988,Emterpreter and changing function names,,,2019-02-03T00:00:00+00:00,2019-09-14T00:00:00+00:00,,,8. Function Names Non-Deterministic,Synchronous/Asynchronous,Emterpreter,,,,Support Whitelisting By Pattern,,"{""Bug Fix Category"": ""Support Whitelisting By Pattern"", ""Bug Fix Category 2"": ""6. Improve Function Whitelisting"", ""Bug Fix Link"": ""https://github.com/Beuc/emscripten/commit/66c4e1d839368ef8dbd089d057a3db7bda84e166"", ""Bug-Inducing Input is Simplified/Reduced in Size"": ""False"", ""Cannot Reproduce Locally"": ""False"", ""Closed Date"": ""2019-09-14"", ""Compiler Options/Command?"": ""False"", ""Compiler Version?"": ""False"", ""Created Date"": ""2019-02-03"", ""Developer Reported Difficult to Reproduce"": ""False"", ""Developer reported difficult to fix"": ""False"", ""Faulty WebAssembly Output?"": ""False"", ""ID"": ""55524.0"", ""Incorrect Result Output/ Ground Truth Known?"": ""False"", ""JS Code Snippet?"": ""False"", ""Root Cause Category"": ""8. Function Names Non-Deterministic"", ""Root Cause Category 2"": ""Emterpreter"", ""Runtime Environment?"": ""False"", ""Source Code Snippet?"": ""False"", ""Stack Trace?"": ""False"", ""Title"": ""Emterpreter and changing function names"", ""URL"": ""https://github.com/emscripten-core/emscripten/issues/7988"", ""WebAssembly-Specific Paradigm"": ""Synchronous/Asynchronous""}",data/raw_stage1/ase2021_an_empirical_study_of_bugs/qualitative_dataset.csv,,29
ase2021_an_empirical_study_of_bugs:6151fbec86726f4d,ase2021_an_empirical_study_of_bugs,webassembly_compilers,https://github.com/emscripten-core/emscripten/issues/5716,"llvm.round.f32/f64, libc round() and rint() rounding mode errors",,,2017-10-26T00:00:00+00:00,2019-09-26T00:00:00+00:00,,Stack Trace?; Incorrect Result Output/ Ground Truth Known?,4. Emterpreter Parsing Errors,Synchronous/Asynchronous,Emterpreter,,,,Fix double constant check,,"{""Bug Fix Category"": ""Fix double constant check"", ""Bug Fix Category 2"": ""4. Improve Emterpreter Parsing"", ""Bug Fix Link"": ""https://github.com/emscripten-core/emscripten/pull/5725/files"", ""Bug-Inducing Input is Simplified/Reduced in Size"": ""False"", ""Cannot Reproduce Locally"": ""False"", ""Closed Date"": ""2019-09-26"", ""Compiler Options/Command?"": ""True"", ""Compiler Version?"": ""False"", ""Created Date"": ""2017-10-26"", ""Developer Reported Difficult to Reproduce"": ""False"", ""Developer reported difficult to fix"": ""False"", ""Faulty WebAssembly Output?"": ""False"", ""ID"": ""57713.0"", ""Incorrect Result Output/ Ground Truth Known?"": ""True"", ""JS Code Snippet?"": ""False"", ""Root Cause Category"": ""4. Emterpreter Parsing Errors"", ""Root Cause Category 2"": ""Emterpreter"", ""Runtime Environment?"": ""False"", ""Source Code Snippet?"": ""True"", ""Stack Trace?"": ""True"", ""Title"": ""llvm.round.f32/f64, libc round() and rint() rounding mode errors"", ""URL"": ""https://github.com/emscripten-core/emscripten/issues/5716"", ""WebAssembly-Specific Paradigm"": ""Synchronous/Asynchronous""}",data/raw_stage1/ase2021_an_empirical_study_of_bugs/qualitative_dataset.csv,,30
ase2021_an_empirical_study_of_bugs:fc0792cc75535e62,ase2021_an_empirical_study_of_bugs,webassembly_compilers,https://github.com/emscripten-core/emscripten/issues/6818,EMTERPRET abort(-12) in 1.38.8 with SDL,,,2018-07-06T00:00:00+00:00,2019-09-26T00:00:00+00:00,,Stack Trace?,1. Incorrect Emterpretify Stack State,Synchronous/Asynchronous,Emterpreter,,,,Improve State Checking,,"{""Bug Fix Category"": ""Improve State Checking"", ""Bug Fix Category 2"": ""1. Improve State Checking"", ""Bug Fix Link"": ""https://github.com/emscripten-core/emscripten/pull/6822/files"", ""Bug-Inducing Input is Simplified/Reduced in Size"": ""True"", ""Cannot Reproduce Locally"": ""False"", ""Closed Date"": ""2019-09-26"", ""Compiler Options/Command?"": ""False"", ""Compiler Version?"": ""False"", ""Created Date"": ""2018-07-06"", ""Developer Reported Difficult to Reproduce"": ""False"", ""Developer reported difficult to fix"": ""False"", ""Faulty WebAssembly Output?"": ""False"", ""ID"": ""56611.0"", ""Incorrect Result Output/ Ground Truth Known?"": ""False"", ""JS Code Snippet?"": ""False"", ""Root Cause Category"": ""1. Incorrect Emterpretify Stack State"", ""Root Cause Category 2"": ""Emterpreter"", ""Runtime Environment?"": ""True"", ""Source Code Snippet?"": ""False"", ""Stack Trace?"": ""True"", ""Title"": ""EMTERPRET abort(-12) in 1.38.8 with SDL"", ""URL"": ""https://github.com/emscripten-core/emscripten/issues/6818"", ""WebAssembly-Specific Paradigm"": ""Synchronous/Asynchronous""}",data/raw_stage1/ase2021_an_empirical_study_of_bugs/qualitative_dataset.csv,,31
ase2021_an_empirical_study_of_bugs:827eef1adfe775a7,ase2021_an_empirical_study_of_bugs,webassembly_compilers,https://github.com/emscripten-core/emscripten/issues/6804,EMTERPRETIFY and unary ! operator,,,2018-07-03T00:00:00+00:00,2018-07-05T00:00:00+00:00,,,4. Emterpreter Parsing Errors,Synchronous/Asynchronous,Emterpreter,,,,Fix logical-not detection,,"{""Bug Fix Category"": ""Fix logical-not detection"", ""Bug Fix Category 2"": ""4. Improve Emterpreter Parsing"", ""Bug Fix Link"": ""https://github.com/emscripten-core/emscripten/commit/12fcd271f1d2502740a6c7f8c5f8e9ddd4ff1ab4"", ""Bug-Inducing Input is Simplified/Reduced in Size"": ""False"", ""Cannot Reproduce Locally"": ""False"", ""Closed Date"": ""2018-07-05"", ""Compiler Options/Command?"": ""False"", ""Compiler Version?"": ""False"", ""Created Date"": ""2018-07-03"", ""Developer Reported Difficult to Reproduce"": ""False"", ""Developer reported difficult to fix"": ""False"", ""Faulty WebAssembly Output?"": ""False"", ""ID"": ""56625.0"", ""Incorrect Result Output/ Ground Truth Known?"": ""False"", ""JS Code Snippet?"": ""True"", ""Root Cause Category"": ""4. Emterpreter Parsing Errors"", ""Root Cause Category 2"": ""Emterpreter"", ""Runtime Environment?"": ""False"", ""Source Code Snippet?"": ""False"", ""Stack Trace?"": ""False"", ""Title"": ""EMTERPRETIFY and unary ! operator"", ""URL"": ""https://github.com/emscripten-core/emscripten/issues/6804"", ""WebAssembly-Specific Paradigm"": ""Synchronous/Asynchronous""}",data/raw_stage1/ase2021_an_empirical_study_of_bugs/qualitative_dataset.csv,,32
ase2021_an_empirical_study_of_bugs:fdf016b940d2e1d0,ase2021_an_empirical_study_of_bugs,webassembly_compilers,https://github.com/emscripten-core/emscripten/issues/6738,EMTERPRETIFY and % operator,,,2018-06-22T00:00:00+00:00,2018-06-28T00:00:00+00:00,,Stack Trace?; Incorrect Result Output/ Ground Truth Known?,4. Emterpreter Parsing Errors,Synchronous/Asynchronous,Emterpreter,,,,Fix signed modulo operands,,"{""Bug Fix Category"": ""Fix signed modulo operands"", ""Bug Fix Category 2"": ""4. Improve Emterpreter Parsing"", ""Bug Fix Link"": ""https://github.com/emscripten-core/emscripten/pull/6763/files"", ""Bug-Inducing Input is Simplified/Reduced in Size"": ""False"", ""Cannot Reproduce Locally"": ""False"", ""Closed Date"": ""2018-06-28"", ""Compiler Options/Command?"": ""True"", ""Compiler Version?"": ""False"", ""Created Date"": ""2018-06-22"", ""Developer Reported Difficult to Reproduce"": ""False"", ""Developer reported difficult to fix"": ""False"", ""Faulty WebAssembly Output?"": ""False"", ""ID"": ""56691.0"", ""Incorrect Result Output/ Ground Truth Known?"": ""True"", ""JS Code Snippet?"": ""False"", ""Root Cause Category"": ""4. Emterpreter Parsing Errors"", ""Root Cause Category 2"": ""Emterpreter"", ""Runtime Environment?"": ""False"", ""Source Code Snippet?"": ""True"", ""Stack Trace?"": ""True"", ""Title"": ""EMTERPRETIFY and % operator"", ""URL"": ""https://github.com/emscripten-core/emscripten/issues/6738"", ""WebAssembly-Specific Paradigm"": ""Synchronous/Asynchronous""}",data/raw_stage1/ase2021_an_empirical_study_of_bugs/qualitative_dataset.csv,,33
ase2021_an_empirical_study_of_bugs:c31300883e73a1a0,ase2021_an_empirical_study_of_bugs,webassembly_compilers,https://github.com/emscripten-core/emscripten/issues/4046,debugging async emterpreter failure,,,2016-01-20T00:00:00+00:00,2016-01-21T00:00:00+00:00,,Stack Trace?; Cannot Reproduce Locally,6. Missing Features in Emterpreter,Synchronous/Asynchronous,Emterpreter,,,,Add blocked function to Whitelist,,"{""Bug Fix Category"": ""Add blocked function to Whitelist"", ""Bug Fix Category 2"": ""6. Improve Function Whitelisting"", ""Bug Fix Link"": ""https://github.com/emscripten-core/emscripten/commit/d666686e2df1cc2b4e1993acad52b14ab2ddeb87"", ""Bug-Inducing Input is Simplified/Reduced in Size"": ""True"", ""Cannot Reproduce Locally"": ""True"", ""Closed Date"": ""2016-01-21"", ""Compiler Options/Command?"": ""True"", ""Compiler Version?"": ""True"", ""Created Date"": ""2016-01-20"", ""Developer Reported Difficult to Reproduce"": ""False"", ""Developer reported difficult to fix"": ""False"", ""Faulty WebAssembly Output?"": ""False"", ""ID"": ""59378.0"", ""Incorrect Result Output/ Ground Truth Known?"": ""False"", ""JS Code Snippet?"": ""True"", ""Root Cause Category"": ""6. Missing Features in Emterpreter"", ""Root Cause Category 2"": ""Emterpreter"", ""Runtime Environment?"": ""True"", ""Source Code Snippet?"": ""False"", ""Stack Trace?"": ""True"", ""Title"": ""debugging async emterpreter failure"", ""URL"": ""https://github.com/emscripten-core/emscripten/issues/4046"", ""WebAssembly-Specific Paradigm"": ""Synchronous/Asynchronous""}",data/raw_stage1/ase2021_an_empirical_study_of_bugs/qualitative_dataset.csv,,34
ase2021_an_empirical_study_of_bugs:09a42d7b42d75d09,ase2021_an_empirical_study_of_bugs,webassembly_compilers,https://github.com/emscripten-core/emscripten/issues/5179,Cannot access packaged files after memory growth,,,2017-05-01T00:00:00+00:00,2017-11-13T00:00:00+00:00,,Stack Trace?; Incorrect Result Output/ Ground Truth Known?,1. Stale Reference,Memory Allocation Differences,1. Stale Reference,,,,Prevent holding on to references,,"{""Bug Fix Category"": ""Prevent holding on to references"", ""Bug Fix Category 2"": ""1. Clean Up/Update References"", ""Bug Fix Link"": ""https://github.com/juj/emscripten/commit/42d8c853c4cc500b7490a2a2377f3e3fa381ae5e"", ""Bug-Inducing Input is Simplified/Reduced in Size"": ""False"", ""Cannot Reproduce Locally"": ""False"", ""Closed Date"": ""2017-11-13"", ""Compiler Options/Command?"": ""True"", ""Compiler Version?"": ""True"", ""Created Date"": ""2017-05-01"", ""Developer Reported Difficult to Reproduce"": ""False"", ""Developer reported difficult to fix"": ""False"", ""Faulty WebAssembly Output?"": ""False"", ""ID"": ""58250.0"", ""Incorrect Result Output/ Ground Truth Known?"": ""True"", ""JS Code Snippet?"": ""True"", ""Root Cause Category"": ""1. Stale Reference"", ""Root Cause Category 2"": ""1. Stale Reference"", ""Runtime Environment?"": ""True"", ""Source Code Snippet?"": ""True"", ""Stack Trace?"": ""True"", ""Title"": ""Cannot access packaged files after memory growth"", ""URL"": ""https://github.com/emscripten-core/emscripten/issues/5179"", ""WebAssembly-Specific Paradigm"": ""Memory Allocation Differences""}",data/raw_stage1/ase2021_an_empirical_study_of_bugs/qualitative_dataset.csv,,35
ase2021_an_empirical_study_of_bugs:10cc88a1f491a384,ase2021_an_empirical_study_of_bugs,webassembly_compilers,https://github.com/emscripten-core/emscripten/issues/8637,dynamicAlloc() doesn't work with memory growth,,,2019-05-18T00:00:00+00:00,2019-05-21T00:00:00+00:00,,Incorrect Result Output/ Ground Truth Known?,1. Stale Reference,Memory Allocation Differences,1. Stale Reference,,,,Throw Exception,,"{""Bug Fix Category"": ""Throw Exception"", ""Bug Fix Category 2"": ""2. Add Exception"", ""Bug Fix Link"": ""https://github.com/emscripten-core/emscripten/pull/8643/files"", ""Bug-Inducing Input is Simplified/Reduced in Size"": ""False"", ""Cannot Reproduce Locally"": ""False"", ""Closed Date"": ""2019-05-21"", ""Compiler Options/Command?"": ""True"", ""Compiler Version?"": ""True"", ""Created Date"": ""2019-05-18"", ""Developer Reported Difficult to Reproduce"": ""False"", ""Developer reported difficult to fix"": ""False"", ""Faulty WebAssembly Output?"": ""False"", ""ID"": ""54875.0"", ""Incorrect Result Output/ Ground Truth Known?"": ""True"", ""JS Code Snippet?"": ""True"", ""Needs Additional Client-Side Configuration/Preconditions"": ""One memory growth call"", ""Root Cause Category"": ""1. Stale Reference"", ""Root Cause Category 2"": ""1. Stale Reference"", ""Runtime Environment?"": ""False"", ""Source Code Snippet?"": ""True"", ""Stack Trace?"": ""False"", ""Title"": ""dynamicAlloc() doesn't work with memory growth"", ""URL"": ""https://github.com/emscripten-core/emscripten/issues/8637"", ""WebAssembly-Specific Paradigm"": ""Memory Allocation Differences""}",data/raw_stage1/ase2021_an_empirical_study_of_bugs/qualitative_dataset.csv,,36
ase2021_an_empirical_study_of_bugs:c22d4b160902c007,ase2021_an_empirical_study_of_bugs,webassembly_compilers,https://github.com/emscripten-core/emscripten/issues/9497,embind serialization of string to std::wstring fails if memory growth happens,,,2019-09-25T00:00:00+00:00,2019-09-25T00:00:00+00:00,,,1. Stale Reference,Memory Allocation Differences,1. Stale Reference,,,,Update reference,,"{""Bug Fix Category"": ""Update reference"", ""Bug Fix Category 2"": ""1. Clean Up/Update References"", ""Bug Fix Link"": ""https://github.com/emscripten-core/emscripten/commit/edb65f82a72564b236802cefba1e01afb012c19c"", ""Bug-Inducing Input is Simplified/Reduced in Size"": ""False"", ""Cannot Reproduce Locally"": ""False"", ""Closed Date"": ""2019-09-25"", ""Compiler Options/Command?"": ""False"", ""Compiler Version?"": ""False"", ""Created Date"": ""2019-09-25"", ""Developer Reported Difficult to Reproduce"": ""False"", ""Developer reported difficult to fix"": ""False"", ""Faulty WebAssembly Output?"": ""False"", ""ID"": ""54015.0"", ""Incorrect Result Output/ Ground Truth Known?"": ""False"", ""JS Code Snippet?"": ""True"", ""Root Cause Category"": ""1. Stale Reference"", ""Root Cause Category 2"": ""1. Stale Reference"", ""Runtime Environment?"": ""False"", ""Source Code Snippet?"": ""False"", ""Stack Trace?"": ""False"", ""Title"": ""embind serialization of string to std::wstring fails if memory growth happens"", ""URL"": ""https://github.com/emscripten-core/emscripten/issues/9497"", ""WebAssembly-Specific Paradigm"": ""Memory Allocation Differences""}",data/raw_stage1/ase2021_an_empirical_study_of_bugs/qualitative_dataset.csv,,37
ase2021_an_empirical_study_of_bugs:29b422ff58d66be8,ase2021_an_empirical_study_of_bugs,webassembly_compilers,https://github.com/emscripten-core/emscripten/issues/5187,mmap and memory growth,,,2017-05-02T00:00:00+00:00,2019-11-05T00:00:00+00:00,,Incorrect Result Output/ Ground Truth Known?,1. Stale Reference,Memory Allocation Differences,1. Stale Reference,,,,Change reference to use global object instead of parameter,,"{""Bug Fix Category"": ""Change reference to use global object instead of parameter"", ""Bug Fix Category 2"": ""1. Clean Up/Update References"", ""Bug Fix Link"": ""https://github.com/emscripten-core/emscripten/pull/5190/files"", ""Bug-Inducing Input is Simplified/Reduced in Size"": ""False"", ""Cannot Reproduce Locally"": ""False"", ""Closed Date"": ""2019-11-05"", ""Compiler Options/Command?"": ""True"", ""Compiler Version?"": ""True"", ""Created Date"": ""2017-05-02"", ""Developer Reported Difficult to Reproduce"": ""False"", ""Developer reported difficult to fix"": ""False"", ""Faulty WebAssembly Output?"": ""False"", ""ID"": ""58242.0"", ""Incorrect Result Output/ Ground Truth Known?"": ""True"", ""JS Code Snippet?"": ""True"", ""Root Cause Category"": ""1. Stale Reference"", ""Root Cause Category 2"": ""1. Stale Reference"", ""Runtime Environment?"": ""True"", ""Source Code Snippet?"": ""True"", ""Stack Trace?"": ""False"", ""Title"": ""mmap and memory growth"", ""URL"": ""https://github.com/emscripten-core/emscripten/issues/5187"", ""WebAssembly-Specific Paradigm"": ""Memory Allocation Differences""}",data/raw_stage1/ase2021_an_empirical_study_of_bugs/qualitative_dataset.csv,,38
ase2021_an_empirical_study_of_bugs:a12afb7165b2b4ca,ase2021_an_empirical_study_of_bugs,webassembly_compilers,https://github.com/emscripten-core/emscripten/issues/6359,Memory-leak in fetch API,,,2018-03-21T00:00:00+00:00,2018-07-10T00:00:00+00:00,,Incorrect Result Output/ Ground Truth Known?,2. Memory Leak,Memory Allocation Differences,2. Memory Leak,,,,Handle resource freeing,,"{""Bug Fix Category"": ""Handle resource freeing"", ""Bug Fix Category 2"": ""3. Free Unused Resources"", ""Bug Fix Link"": ""https://github.com/haberbyte/emscripten/commit/42946185ecaf630c539146d26d36b4e21e257b71"", ""Bug-Inducing Input is Simplified/Reduced in Size"": ""False"", ""Cannot Reproduce Locally"": ""False"", ""Closed Date"": ""2018-07-10"", ""Compiler Options/Command?"": ""False"", ""Compiler Version?"": ""False"", ""Created Date"": ""2018-03-21"", ""Developer Reported Difficult to Reproduce"": ""False"", ""Developer reported difficult to fix"": ""False"", ""Faulty WebAssembly Output?"": ""False"", ""ID"": ""57070.0"", ""Incorrect Result Output/ Ground Truth Known?"": ""True"", ""JS Code Snippet?"": ""False"", ""Root Cause Category"": ""2. Memory Leak"", ""Root Cause Category 2"": ""2. Memory Leak"", ""Runtime Environment?"": ""False"", ""Source Code Snippet?"": ""True"", ""Stack Trace?"": ""False"", ""Title"": ""Memory-leak in fetch API"", ""URL"": ""https://github.com/emscripten-core/emscripten/issues/6359"", ""WebAssembly-Specific Paradigm"": ""Memory Allocation Differences""}",data/raw_stage1/ase2021_an_empirical_study_of_bugs/qualitative_dataset.csv,,39
ase2021_an_empirical_study_of_bugs:9fedfd275c35230c,ase2021_an_empirical_study_of_bugs,webassembly_compilers,https://github.com/emscripten-core/emscripten/pull/7409,prevent exception in val::new_() after memory growth,,,2018-10-30T00:00:00+00:00,2018-11-06T00:00:00+00:00,,Stack Trace?; Incorrect Result Output/ Ground Truth Known?; Cannot Reproduce Locally,1. Stale Reference,Memory Allocation Differences,1. Stale Reference,,,,Change reference to use global object instead of parameter,,"{""Bug Fix Category"": ""Change reference to use global object instead of parameter"", ""Bug Fix Category 2"": ""1. Clean Up/Update References"", ""Bug Fix Link"": ""https://github.com/emscripten-core/emscripten/pull/7409/files"", ""Bug-Inducing Input is Simplified/Reduced in Size"": ""False"", ""Cannot Reproduce Locally"": ""True"", ""Closed Date"": ""2018-11-06"", ""Compiler Options/Command?"": ""True"", ""Compiler Version?"": ""False"", ""Created Date"": ""2018-10-30"", ""Developer Reported Difficult to Reproduce"": ""True"", ""Developer reported difficult to fix"": ""False"", ""Faulty WebAssembly Output?"": ""False"", ""ID"": ""56052.0"", ""Incorrect Result Output/ Ground Truth Known?"": ""True"", ""JS Code Snippet?"": ""False"", ""Root Cause Category"": ""1. Stale Reference"", ""Root Cause Category 2"": ""1. Stale Reference"", ""Runtime Environment?"": ""True"", ""Source Code Snippet?"": ""True"", ""Stack Trace?"": ""True"", ""Title"": ""prevent exception in val::new_() after memory growth"", ""URL"": ""https://github.com/emscripten-core/emscripten/pull/7409"", ""WebAssembly-Specific Paradigm"": ""Memory Allocation Differences""}",data/raw_stage1/ase2021_an_empirical_study_of_bugs/qualitative_dataset.csv,,40
ase2021_an_empirical_study_of_bugs:eb7dbe1a736a8372,ase2021_an_empirical_study_of_bugs,webassembly_compilers,https://github.com/emscripten-core/emscripten/issues/3907,Exclude zero-initialized values from .mem file,,,2015-11-10T00:00:00+00:00,2015-11-13T00:00:00+00:00,,Incorrect Result Output/ Ground Truth Known?,3. Initial Memory File Includes Zeros,Memory Allocation Differences,3. Initial Memory File Includes Zeros,,,,Exclude zero-initialized values,,"{""Bug Fix Category"": ""Exclude zero-initialized values"", ""Bug Fix Category 2"": ""3. Free Unused Resources"", ""Bug Fix Link"": ""https://github.com/emscripten-core/emscripten/commit/e7599a1e9da218abf4053d4ff282342fbe4730c2"", ""Bug-Inducing Input is Simplified/Reduced in Size"": ""False"", ""Cannot Reproduce Locally"": ""False"", ""Closed Date"": ""2015-11-13"", ""Compiler Options/Command?"": ""True"", ""Compiler Version?"": ""True"", ""Created Date"": ""2015-11-10"", ""Developer Reported Difficult to Reproduce"": ""False"", ""Developer reported difficult to fix"": ""False"", ""Faulty WebAssembly Output?"": ""False"", ""ID"": ""59517.0"", ""Incorrect Result Output/ Ground Truth Known?"": ""True"", ""JS Code Snippet?"": ""False"", ""Root Cause Category"": ""3. Initial Memory File Includes Zeros"", ""Root Cause Category 2"": ""3. Initial Memory File Includes Zeros"", ""Runtime Environment?"": ""False"", ""Source Code Snippet?"": ""True"", ""Stack Trace?"": ""False"", ""Title"": ""Exclude zero-initialized values from .mem file"", ""URL"": ""https://github.com/emscripten-core/emscripten/issues/3907"", ""WebAssembly-Specific Paradigm"": ""Memory Allocation Differences""}",data/raw_stage1/ase2021_an_empirical_study_of_bugs/qualitative_dataset.csv,,41
ase2021_an_empirical_study_of_bugs:a4de3246dddd47e6,ase2021_an_empirical_study_of_bugs,webassembly_compilers,https://github.com/emscripten-core/emscripten/issues/3636,USE_PTHREADS freezes Firefox Nightly 42.0a1,,,2015-07-22T00:00:00+00:00,2015-11-18T00:00:00+00:00,,Stack Trace?; Incorrect Result Output/ Ground Truth Known?,Worker Memory Allocation Request Hangs,Memory Allocation Differences,Worker Memory Allocation Request Hangs,,,,Change allocation method,,"{""Bug Fix Category"": ""Change allocation method"", ""Bug Fix Category 2"": ""4. Improve Initial Allocation"", ""Bug Fix Link"": ""https://github.com/emscripten-core/emscripten/commit/1cf114cc244d769d9f24b3e8da49705f885c016f"", ""Bug-Inducing Input is Simplified/Reduced in Size"": ""False"", ""Cannot Reproduce Locally"": ""False"", ""Closed Date"": ""2015-11-18"", ""Compiler Options/Command?"": ""True"", ""Compiler Version?"": ""True"", ""Created Date"": ""2015-07-22"", ""Developer Reported Difficult to Reproduce"": ""False"", ""Developer reported difficult to fix"": ""False"", ""Faulty WebAssembly Output?"": ""False"", ""ID"": ""59787.0"", ""Incorrect Result Output/ Ground Truth Known?"": ""True"", ""JS Code Snippet?"": ""False"", ""Root Cause Category"": ""Worker Memory Allocation Request Hangs"", ""Root Cause Category 2"": ""Worker Memory Allocation Request Hangs"", ""Runtime Environment?"": ""True"", ""Source Code Snippet?"": ""True"", ""Stack Trace?"": ""True"", ""Title"": ""USE_PTHREADS freezes Firefox Nightly 42.0a1"", ""URL"": ""https://github.com/emscripten-core/emscripten/issues/3636"", ""WebAssembly-Specific Paradigm"": ""Memory Allocation Differences""}",data/raw_stage1/ase2021_an_empirical_study_of_bugs/qualitative_dataset.csv,,42
ase2021_an_empirical_study_of_bugs:4e927d9e0779a193,ase2021_an_empirical_study_of_bugs,webassembly_compilers,https://github.com/emscripten-core/emscripten/issues/10179,RangeError: start offset of Int32Array should be a multiple of 4,,,2020-01-10T00:00:00+00:00,2020-01-15T00:00:00+00:00,,Stack Trace?; Incorrect Result Output/ Ground Truth Known?,4. Unnecessary Memory Boundary Shifting,Memory Allocation Differences,4. Unnecessary Memory Boundary Shifting,,,,Remove shifting functions,,"{""Bug Fix Category"": ""Remove shifting functions"", ""Bug Fix Category 2"": ""5. Fix Memory Bounds"", ""Bug Fix Link"": ""https://github.com/emscripten-core/emscripten/pull/10189/files"", ""Bug-Inducing Input is Simplified/Reduced in Size"": ""False"", ""Cannot Reproduce Locally"": ""False"", ""Closed Date"": ""2020-01-15"", ""Compiler Options/Command?"": ""False"", ""Compiler Version?"": ""False"", ""Created Date"": ""2020-01-10"", ""Developer Reported Difficult to Reproduce"": ""False"", ""Developer reported difficult to fix"": ""False"", ""Faulty WebAssembly Output?"": ""False"", ""ID"": ""53333.0"", ""Incorrect Result Output/ Ground Truth Known?"": ""True"", ""JS Code Snippet?"": ""False"", ""Root Cause Category"": ""4. Unnecessary Memory Boundary Shifting"", ""Root Cause Category 2"": ""4. Unnecessary Memory Boundary Shifting"", ""Runtime Environment?"": ""False"", ""Source Code Snippet?"": ""True"", ""Stack Trace?"": ""True"", ""Title"": ""RangeError: start offset of Int32Array should be a multiple of 4"", ""URL"": ""https://github.com/emscripten-core/emscripten/issues/10179"", ""WebAssembly-Specific Paradigm"": ""Memory Allocation Differences""}",data/raw_stage1/ase2021_an_empirical_study_of_bugs/qualitative_dataset.csv,,43
ase2021_an_empirical_study_of_bugs:a18dec2b3dba3476,ase2021_an_empirical_study_of_bugs,webassembly_compilers,https://github.com/emscripten-core/emscripten/issues/9587,"Build regression: ""STANDALONE_WASM does not support memory growth yet""",,,2019-10-07T00:00:00+00:00,2019-10-09T00:00:00+00:00,,Stack Trace?; Cannot Reproduce Locally,5. Memory Growth Unnecessarily disabled,Memory Allocation Differences,5. Memory Growth Unnecessarily disabled,,,,Remove uneeded assertion,,"{""Bug Fix Category"": ""Remove uneeded assertion"", ""Bug Fix Category 2"": ""6. Enable Functionality"", ""Bug Fix Link"": ""https://github.com/emscripten-core/emscripten/pull/9588/files"", ""Bug-Inducing Input is Simplified/Reduced in Size"": ""False"", ""Cannot Reproduce Locally"": ""True"", ""Closed Date"": ""2019-10-09"", ""Compiler Options/Command?"": ""True"", ""Compiler Version?"": ""True"", ""Created Date"": ""2019-10-07"", ""Developer Reported Difficult to Reproduce"": ""False"", ""Developer reported difficult to fix"": ""False"", ""Faulty WebAssembly Output?"": ""False"", ""ID"": ""53925.0"", ""Incorrect Result Output/ Ground Truth Known?"": ""False"", ""JS Code Snippet?"": ""True"", ""Root Cause Category"": ""5. Memory Growth Unnecessarily disabled"", ""Root Cause Category 2"": ""5. Memory Growth Unnecessarily disabled"", ""Runtime Environment?"": ""False"", ""Source Code Snippet?"": ""False"", ""Stack Trace?"": ""True"", ""Title"": ""Build regression: \""STANDALONE_WASM does not support memory growth yet\"""", ""URL"": ""https://github.com/emscripten-core/emscripten/issues/9587"", ""WebAssembly-Specific Paradigm"": ""Memory Allocation Differences""}",data/raw_stage1/ase2021_an_empirical_study_of_bugs/qualitative_dataset.csv,,44
ase2021_an_empirical_study_of_bugs:de6293c308c9fc13,ase2021_an_empirical_study_of_bugs,webassembly_compilers,https://github.com/emscripten-core/emscripten/issues/9808,Malloc behavior on full heap,,,2019-11-08T00:00:00+00:00,2019-11-08T00:00:00+00:00,,,6. Memory Overflow,Memory Allocation Differences,6. Memory Overflow,,,,Add memory size limit check,,"{""Bug Fix Category"": ""Add memory size limit check"", ""Bug Fix Category 2"": ""5. Fix Memory Bounds"", ""Bug Fix Link"": ""https://github.com/emscripten-core/emscripten/commit/2f73b388547f979492fe1e734e1e2475d28e46c6"", ""Bug-Inducing Input is Simplified/Reduced in Size"": ""False"", ""Cannot Reproduce Locally"": ""False"", ""Closed Date"": ""2019-11-08"", ""Compiler Options/Command?"": ""False"", ""Compiler Version?"": ""False"", ""Created Date"": ""2019-11-08"", ""Developer Reported Difficult to Reproduce"": ""False"", ""Developer reported difficult to fix"": ""False"", ""Faulty WebAssembly Output?"": ""False"", ""ID"": ""53704.0"", ""Incorrect Result Output/ Ground Truth Known?"": ""False"", ""JS Code Snippet?"": ""False"", ""Needs Additional Client-Side Configuration/Preconditions"": ""No more available space"", ""Root Cause Category"": ""6. Memory Overflow"", ""Root Cause Category 2"": ""6. Memory Overflow"", ""Runtime Environment?"": ""False"", ""Source Code Snippet?"": ""True"", ""Stack Trace?"": ""False"", ""Title"": ""Malloc behavior on full heap"", ""URL"": ""https://github.com/emscripten-core/emscripten/issues/9808"", ""WebAssembly-Specific Paradigm"": ""Memory Allocation Differences""}",data/raw_stage1/ase2021_an_empirical_study_of_bugs/qualitative_dataset.csv,,45
ase2021_an_empirical_study_of_bugs:66cf673d80ef1331,ase2021_an_empirical_study_of_bugs,webassembly_compilers,https://github.com/emscripten-core/emscripten/issues/5585,ALLOW_MEMORY_GROWTH not supported with -s MAIN_MODULE and -s WASM=1,,,2017-09-13T00:00:00+00:00,2017-09-14T00:00:00+00:00,,,5. Memory Growth Unnecessarily disabled,Memory Allocation Differences,5. Memory Growth Unnecessarily disabled,,,,Enable feature,,"{""Bug Fix Category"": ""Enable feature"", ""Bug Fix Category 2"": ""6. Enable Functionality"", ""Bug Fix Link"": ""https://github.com/emscripten-core/emscripten/pull/5589/files"", ""Bug-Inducing Input is Simplified/Reduced in Size"": ""False"", ""Cannot Reproduce Locally"": ""False"", ""Closed Date"": ""2017-09-14"", ""Compiler Options/Command?"": ""True"", ""Compiler Version?"": ""False"", ""Created Date"": ""2017-09-13"", ""Developer Reported Difficult to Reproduce"": ""False"", ""Developer reported difficult to fix"": ""False"", ""Faulty WebAssembly Output?"": ""False"", ""ID"": ""57844.0"", ""Incorrect Result Output/ Ground Truth Known?"": ""False"", ""JS Code Snippet?"": ""False"", ""Root Cause Category"": ""5. Memory Growth Unnecessarily disabled"", ""Root Cause Category 2"": ""5. Memory Growth Unnecessarily disabled"", ""Runtime Environment?"": ""False"", ""Source Code Snippet?"": ""False"", ""Stack Trace?"": ""False"", ""Title"": ""ALLOW_MEMORY_GROWTH not supported with -s MAIN_MODULE and -s WASM=1"", ""URL"": ""https://github.com/emscripten-core/emscripten/issues/5585"", ""WebAssembly-Specific Paradigm"": ""Memory Allocation Differences""}",data/raw_stage1/ase2021_an_empirical_study_of_bugs/qualitative_dataset.csv,,46
ase2021_an_empirical_study_of_bugs:0b381fd93988b3ef,ase2021_an_empirical_study_of_bugs,webassembly_compilers,https://github.com/emscripten-core/emscripten/issues/8981,wasm-ld bug,,,2019-07-14T00:00:00+00:00,2019-07-17T00:00:00+00:00,,Stack Trace?; Incorrect Result Output/ Ground Truth Known?,Conflicting Template Variables Issue,Bugs in Other Infrastructures,1. LLVM wasm Backend (wasm-ld linking error),,,,Fix in wasm-ld project,,"{""Bug Fix Category"": ""Fix in wasm-ld project"", ""Bug Fix Category 2"": ""1. Fix in wasm-ld project"", ""Bug Fix Link"": ""https://reviews.llvm.org/D64872"", ""Bug-Inducing Input is Simplified/Reduced in Size"": ""False"", ""Cannot Reproduce Locally"": ""False"", ""Closed Date"": ""2019-07-17"", ""Compiler Options/Command?"": ""True"", ""Compiler Version?"": ""False"", ""Created Date"": ""2019-07-14"", ""Developer Reported Difficult to Reproduce"": ""False"", ""Developer reported difficult to fix"": ""False"", ""Faulty WebAssembly Output?"": ""False"", ""ID"": ""54531.0"", ""Incorrect Result Output/ Ground Truth Known?"": ""True"", ""JS Code Snippet?"": ""False"", ""Root Cause Category"": ""Conflicting Template Variables Issue"", ""Root Cause Category 2"": ""1. LLVM wasm Backend (wasm-ld linking error)"", ""Runtime Environment?"": ""False"", ""Source Code Snippet?"": ""True"", ""Stack Trace?"": ""True"", ""Title"": ""wasm-ld bug"", ""URL"": ""https://github.com/emscripten-core/emscripten/issues/8981"", ""WebAssembly-Specific Paradigm"": ""Bugs in Other Infrastructures""}",data/raw_stage1/ase2021_an_empirical_study_of_bugs/qualitative_dataset.csv,,47
ase2021_an_empirical_study_of_bugs:01e70a1d858b8122,ase2021_an_empirical_study_of_bugs,webassembly_compilers,https://github.com/emscripten-core/emscripten/issues/8935,setjmp breaks with WASM_OBJECT_FILES=0,,,2019-07-07T00:00:00+00:00,2019-09-03T00:00:00+00:00,,Incorrect Result Output/ Ground Truth Known?,WASM_OBJECT_FILES Setjmp Issue,Bugs in Other Infrastructures,1. LLVM wasm Backend (Codegen),,,,Fix in LLVM WebAssembly Codegen project,,"{""Bug Fix Category"": ""Fix in LLVM WebAssembly Codegen project"", ""Bug Fix Category 2"": ""2. Fix in LLVM WebAssembly Codegen project"", ""Bug Fix Link"": ""https://reviews.llvm.org/D67129"", ""Bug-Inducing Input is Simplified/Reduced in Size"": ""False"", ""Cannot Reproduce Locally"": ""False"", ""Closed Date"": ""2019-09-03"", ""Compiler Options/Command?"": ""True"", ""Compiler Version?"": ""False"", ""Created Date"": ""2019-07-07"", ""Developer Reported Difficult to Reproduce"": ""False"", ""Developer reported difficult to fix"": ""False"", ""Faulty WebAssembly Output?"": ""False"", ""ID"": ""54577.0"", ""Incorrect Result Output/ Ground Truth Known?"": ""True"", ""JS Code Snippet?"": ""False"", ""Root Cause Category"": ""WASM_OBJECT_FILES Setjmp Issue"", ""Root Cause Category 2"": ""1. LLVM wasm Backend (Codegen)"", ""Runtime Environment?"": ""False"", ""Source Code Snippet?"": ""True"", ""Stack Trace?"": ""False"", ""Title"": ""setjmp breaks with WASM_OBJECT_FILES=0"", ""URL"": ""https://github.com/emscripten-core/emscripten/issues/8935"", ""WebAssembly-Specific Paradigm"": ""Bugs in Other Infrastructures""}",data/raw_stage1/ase2021_an_empirical_study_of_bugs/qualitative_dataset.csv,,48
ase2021_an_empirical_study_of_bugs:fe4258ec412bf95d,ase2021_an_empirical_study_of_bugs,webassembly_compilers,https://github.com/emscripten-core/emscripten/issues/8930,Wasm backend: invalid data relocation hits LLVM unreachable,,,2019-07-05T00:00:00+00:00,2019-07-18T00:00:00+00:00,,Stack Trace?; Incorrect Result Output/ Ground Truth Known?,Undefined Pointer Location Issue,Bugs in Other Infrastructures,1. LLVM wasm Backend (wasm-ld linking error),,,,Fix in wasm-ld project,,"{""Bug Fix Category"": ""Fix in wasm-ld project"", ""Bug Fix Category 2"": ""1. Fix in wasm-ld project"", ""Bug Fix Link"": ""https://reviews.llvm.org/D64280"", ""Bug-Inducing Input is Simplified/Reduced in Size"": ""False"", ""Cannot Reproduce Locally"": ""False"", ""Closed Date"": ""2019-07-18"", ""Compiler Options/Command?"": ""True"", ""Compiler Version?"": ""False"", ""Created Date"": ""2019-07-05"", ""Developer Reported Difficult to Reproduce"": ""False"", ""Developer reported difficult to fix"": ""False"", ""Faulty WebAssembly Output?"": ""False"", ""ID"": ""54582.0"", ""Incorrect Result Output/ Ground Truth Known?"": ""True"", ""JS Code Snippet?"": ""False"", ""Root Cause Category"": ""Undefined Pointer Location Issue"", ""Root Cause Category 2"": ""1. LLVM wasm Backend (wasm-ld linking error)"", ""Runtime Environment?"": ""False"", ""Source Code Snippet?"": ""True"", ""Stack Trace?"": ""True"", ""Title"": ""Wasm backend: invalid data relocation hits LLVM unreachable"", ""URL"": ""https://github.com/emscripten-core/emscripten/issues/8930"", ""WebAssembly-Specific Paradigm"": ""Bugs in Other Infrastructures""}",data/raw_stage1/ase2021_an_empirical_study_of_bugs/qualitative_dataset.csv,,49
ase2021_an_empirical_study_of_bugs:45302e97a11eddd7,ase2021_an_empirical_study_of_bugs,webassembly_compilers,https://github.com/emscripten-core/emscripten/issues/8894,wasm backend: EM_ASM incompatible with setjmp,,,2019-06-30T00:00:00+00:00,2019-08-16T00:00:00+00:00,,Stack Trace?,EM_ASM Setjmp Issue,Bugs in Other Infrastructures,1. LLVM wasm Backend (wasm-ld linking error),,,,Fix in wasm-ld project,,"{""Bug Fix Category"": ""Fix in wasm-ld project"", ""Bug Fix Category 2"": ""1. Fix in wasm-ld project"", ""Bug Fix Link"": ""https://reviews.llvm.org/D65358"", ""Bug-Inducing Input is Simplified/Reduced in Size"": ""False"", ""Cannot Reproduce Locally"": ""False"", ""Closed Date"": ""2019-08-16"", ""Compiler Options/Command?"": ""True"", ""Compiler Version?"": ""False"", ""Created Date"": ""2019-06-30"", ""Developer Reported Difficult to Reproduce"": ""False"", ""Developer reported difficult to fix"": ""False"", ""Faulty WebAssembly Output?"": ""False"", ""ID"": ""54618.0"", ""Incorrect Result Output/ Ground Truth Known?"": ""False"", ""JS Code Snippet?"": ""False"", ""Root Cause Category"": ""EM_ASM Setjmp Issue"", ""Root Cause Category 2"": ""1. LLVM wasm Backend (wasm-ld linking error)"", ""Runtime Environment?"": ""False"", ""Source Code Snippet?"": ""True"", ""Stack Trace?"": ""True"", ""Title"": ""wasm backend: EM_ASM incompatible with setjmp"", ""URL"": ""https://github.com/emscripten-core/emscripten/issues/8894"", ""WebAssembly-Specific Paradigm"": ""Bugs in Other Infrastructures""}",data/raw_stage1/ase2021_an_empirical_study_of_bugs/qualitative_dataset.csv,,50
ase2021_an_empirical_study_of_bugs:1c58b84642464403,ase2021_an_empirical_study_of_bugs,webassembly_compilers,https://github.com/emscripten-core/emscripten/issues/8728,Template static variable failing in new upstream Clang,,,2019-06-01T00:00:00+00:00,2019-06-07T00:00:00+00:00,,Stack Trace?; Incorrect Result Output/ Ground Truth Known?,Conflicting Template Variables Issue,Bugs in Other Infrastructures,1. LLVM wasm Backend (wasm-ld linking error),,,,Fix in wasm-ld project,,"{""Bug Fix Category"": ""Fix in wasm-ld project"", ""Bug Fix Category 2"": ""1. Fix in wasm-ld project"", ""Bug Fix Link"": ""https://reviews.llvm.org/D62983"", ""Bug-Inducing Input is Simplified/Reduced in Size"": ""False"", ""Cannot Reproduce Locally"": ""False"", ""Closed Date"": ""2019-06-07"", ""Compiler Options/Command?"": ""True"", ""Compiler Version?"": ""True"", ""Created Date"": ""2019-06-01"", ""Developer Reported Difficult to Reproduce"": ""False"", ""Developer reported difficult to fix"": ""False"", ""Faulty WebAssembly Output?"": ""False"", ""ID"": ""54784.0"", ""Incorrect Result Output/ Ground Truth Known?"": ""True"", ""JS Code Snippet?"": ""False"", ""Root Cause Category"": ""Conflicting Template Variables Issue"", ""Root Cause Category 2"": ""1. LLVM wasm Backend (wasm-ld linking error)"", ""Runtime Environment?"": ""True"", ""Source Code Snippet?"": ""True"", ""Stack Trace?"": ""True"", ""Title"": ""Template static variable failing in new upstream Clang"", ""URL"": ""https://github.com/emscripten-core/emscripten/issues/8728"", ""WebAssembly-Specific Paradigm"": ""Bugs in Other Infrastructures""}",data/raw_stage1/ase2021_an_empirical_study_of_bugs/qualitative_dataset.csv,,51
ase2021_an_empirical_study_of_bugs:5c85ab736113d677,ase2021_an_empirical_study_of_bugs,webassembly_compilers,https://github.com/emscripten-core/emscripten/pull/8723,Port sanitizer stack traces to emscripten,,,2019-05-31T00:00:00+00:00,2019-06-07T00:00:00+00:00,,Stack Trace?; Incorrect Result Output/ Ground Truth Known?,Stack Trace Format Issue,Bugs in Other Infrastructures,5. V8,,,,Fix in V8 project,,"{""Bug Fix Category"": ""Fix in V8 project"", ""Bug Fix Category 2"": ""3. Fix in V8 Project"", ""Bug Fix Link"": ""https://bugs.chromium.org/p/v8/issues/detail?id=9262"", ""Bug-Inducing Input is Simplified/Reduced in Size"": ""False"", ""Cannot Reproduce Locally"": ""False"", ""Closed Date"": ""2019-06-07"", ""Compiler Options/Command?"": ""True"", ""Compiler Version?"": ""False"", ""Created Date"": ""2019-05-31"", ""Developer Reported Difficult to Reproduce"": ""False"", ""Developer reported difficult to fix"": ""False"", ""Faulty WebAssembly Output?"": ""False"", ""ID"": ""54789.0"", ""Incorrect Result Output/ Ground Truth Known?"": ""True"", ""JS Code Snippet?"": ""False"", ""Root Cause Category"": ""Stack Trace Format Issue"", ""Root Cause Category 2"": ""5. V8"", ""Runtime Environment?"": ""False"", ""Source Code Snippet?"": ""True"", ""Stack Trace?"": ""True"", ""Title"": ""Port sanitizer stack traces to emscripten"", ""URL"": ""https://github.com/emscripten-core/emscripten/pull/8723"", ""WebAssembly-Specific Paradigm"": ""Bugs in Other Infrastructures""}",data/raw_stage1/ase2021_an_empirical_study_of_bugs/qualitative_dataset.csv,,52
ase2021_an_empirical_study_of_bugs:1bbc862a87f9fd54,ase2021_an_empirical_study_of_bugs,webassembly_compilers,https://github.com/emscripten-core/emscripten/issues/7883,1.38.24 does not generate asm.js with correct variable names with -g3/g4,,,2019-01-18T00:00:00+00:00,2019-03-19T00:00:00+00:00,,Incorrect Result Output/ Ground Truth Known?,Incorrect Variable Names Issue,Bugs in Other Infrastructures,3. Clang,,,,Add flag to Clang options preventing value name discarding,,"{""Bug Fix Category"": ""Add flag to Clang options preventing value name discarding"", ""Bug Fix Category 2"": ""4. Use Workaround"", ""Bug Fix Link"": ""https://github.com/VirtualTim/emscripten/commit/8b86f6e84c797f3155d3a889c6419e8cbc4a235d"", ""Bug-Inducing Input is Simplified/Reduced in Size"": ""False"", ""Cannot Reproduce Locally"": ""False"", ""Closed Date"": ""2019-03-19"", ""Compiler Options/Command?"": ""False"", ""Compiler Version?"": ""True"", ""Created Date"": ""2019-01-18"", ""Developer Reported Difficult to Reproduce"": ""False"", ""Developer reported difficult to fix"": ""False"", ""Faulty WebAssembly Output?"": ""False"", ""ID"": ""55629.0"", ""Incorrect Result Output/ Ground Truth Known?"": ""True"", ""JS Code Snippet?"": ""True"", ""Root Cause Category"": ""Incorrect Variable Names Issue"", ""Root Cause Category 2"": ""3. Clang"", ""Runtime Environment?"": ""False"", ""Source Code Snippet?"": ""True"", ""Stack Trace?"": ""False"", ""Title"": ""1.38.24 does not generate asm.js with correct variable names with -g3/g4"", ""URL"": ""https://github.com/emscripten-core/emscripten/issues/7883"", ""WebAssembly-Specific Paradigm"": ""Bugs in Other Infrastructures""}",data/raw_stage1/ase2021_an_empirical_study_of_bugs/qualitative_dataset.csv,,53
ase2021_an_empirical_study_of_bugs:570889186f21925e,ase2021_an_empirical_study_of_bugs,webassembly_compilers,https://github.com/emscripten-core/emscripten/issues/6233,EMSCRIPTEN_KEEPALIVE doesn't work with WebAssembly backend,,,2018-02-12T00:00:00+00:00,2019-02-08T00:00:00+00:00,,Incorrect Result Output/ Ground Truth Known?; Faulty WebAssembly Output?,Export Function Lost,Bugs in Other Infrastructures,1. LLVM wasm Backend (wasm-ld linking error),,,,Fix in wasm-ld project,,"{""Bug Fix Category"": ""Fix in wasm-ld project"", ""Bug Fix Category 2"": ""1. Fix in wasm-ld project"", ""Bug Fix Link"": ""https://reviews.llvm.org/D57869"", ""Bug-Inducing Input is Simplified/Reduced in Size"": ""False"", ""Cannot Reproduce Locally"": ""False"", ""Closed Date"": ""2019-02-08"", ""Compiler Options/Command?"": ""True"", ""Compiler Version?"": ""False"", ""Created Date"": ""2018-02-12"", ""Developer Reported Difficult to Reproduce"": ""False"", ""Developer reported difficult to fix"": ""True"", ""Faulty WebAssembly Output?"": ""True"", ""ID"": ""57196.0"", ""Incorrect Result Output/ Ground Truth Known?"": ""True"", ""JS Code Snippet?"": ""False"", ""Root Cause Category"": ""Export Function Lost"", ""Root Cause Category 2"": ""1. LLVM wasm Backend (wasm-ld linking error)"", ""Runtime Environment?"": ""False"", ""Source Code Snippet?"": ""True"", ""Stack Trace?"": ""False"", ""Title"": ""EMSCRIPTEN_KEEPALIVE doesn't work with WebAssembly backend"", ""URL"": ""https://github.com/emscripten-core/emscripten/issues/6233"", ""WebAssembly-Specific Paradigm"": ""Bugs in Other Infrastructures""}",data/raw_stage1/ase2021_an_empirical_study_of_bugs/qualitative_dataset.csv,,54
ase2021_an_empirical_study_of_bugs:34721effc7c222be,ase2021_an_empirical_study_of_bugs,webassembly_compilers,https://github.com/emscripten-core/emscripten/issues/6245,WASM backend + lld require strange combination to export a function,,,2018-02-13T00:00:00+00:00,2018-08-28T00:00:00+00:00,,Incorrect Result Output/ Ground Truth Known?; Faulty WebAssembly Output?,Export Function Lost,Bugs in Other Infrastructures,1. LLVM wasm Backend (wasm-ld linking error),,,,Fixed by other patch,,"{""Bug Fix Category"": ""Fixed by other patch"", ""Bug Fix Category 2"": ""1. Fix in wasm-ld project"", ""Bug Fix Link"": ""https://reviews.llvm.org/D57869"", ""Bug-Inducing Input is Simplified/Reduced in Size"": ""False"", ""Cannot Reproduce Locally"": ""False"", ""Closed Date"": ""2018-08-28"", ""Compiler Options/Command?"": ""True"", ""Compiler Version?"": ""False"", ""Created Date"": ""2018-02-13"", ""Developer Reported Difficult to Reproduce"": ""False"", ""Developer reported difficult to fix"": ""False"", ""Faulty WebAssembly Output?"": ""True"", ""ID"": ""57184.0"", ""Incorrect Result Output/ Ground Truth Known?"": ""True"", ""JS Code Snippet?"": ""False"", ""Root Cause Category"": ""Export Function Lost"", ""Root Cause Category 2"": ""1. LLVM wasm Backend (wasm-ld linking error)"", ""Runtime Environment?"": ""False"", ""Source Code Snippet?"": ""True"", ""Stack Trace?"": ""False"", ""Title"": ""WASM backend + lld require strange combination to export a function"", ""URL"": ""https://github.com/emscripten-core/emscripten/issues/6245"", ""WebAssembly-Specific Paradigm"": ""Bugs in Other Infrastructures""}",data/raw_stage1/ase2021_an_empirical_study_of_bugs/qualitative_dataset.csv,,55
ase2021_an_empirical_study_of_bugs:84bd4feb15d91163,ase2021_an_empirical_study_of_bugs,webassembly_compilers,https://github.com/emscripten-core/emscripten/issues/6213,BREAKING EM_ASM API change,,,2018-02-07T00:00:00+00:00,2018-02-14T00:00:00+00:00,,,EM_ASM Issue,Bugs in Other Infrastructures,1. LLVM wasm backend (EM_ASM not supported),,,,Implement EM_ASM using a format string,,"{""Bug Fix Category"": ""Implement EM_ASM using a format string"", ""Bug Fix Category 2"": ""1. Fix in wasm-ld project"", ""Bug Fix Link"": ""https://github.com/emscripten-core/emscripten/pull/6163/files"", ""Bug-Inducing Input is Simplified/Reduced in Size"": ""False"", ""Cannot Reproduce Locally"": ""False"", ""Closed Date"": ""2018-02-14"", ""Compiler Options/Command?"": ""False"", ""Compiler Version?"": ""False"", ""Created Date"": ""2018-02-07"", ""Developer Reported Difficult to Reproduce"": ""False"", ""Developer reported difficult to fix"": ""True"", ""Faulty WebAssembly Output?"": ""False"", ""ID"": ""57216.0"", ""Incorrect Result Output/ Ground Truth Known?"": ""False"", ""JS Code Snippet?"": ""False"", ""Root Cause Category"": ""EM_ASM Issue"", ""Root Cause Category 2"": ""1. LLVM wasm backend (EM_ASM not supported)"", ""Runtime Environment?"": ""False"", ""Source Code Snippet?"": ""True"", ""Stack Trace?"": ""False"", ""Title"": ""BREAKING EM_ASM API change"", ""URL"": ""https://github.com/emscripten-core/emscripten/issues/6213"", ""WebAssembly-Specific Paradigm"": ""Bugs in Other Infrastructures""}",data/raw_stage1/ase2021_an_empirical_study_of_bugs/qualitative_dataset.csv,,56
ase2021_an_empirical_study_of_bugs:488b506c43c77c4a,ase2021_an_empirical_study_of_bugs,webassembly_compilers,https://github.com/emscripten-core/emscripten/issues/8941,Out of bounds memory access with Os & BINARYEN_IGNORE_IMPLICIT_TRAPS=1,,,2019-07-08T00:00:00+00:00,2019-07-10T00:00:00+00:00,,Stack Trace?; Incorrect Result Output/ Ground Truth Known?; Faulty WebAssembly Output?,BINARYEN_IGNORE_IMPLICIT_TRAPS Issue,Bugs in Other Infrastructures,2. Binaryen (ignore implicit traps),,,,Provide Workaround,,"{""Bug Fix Category"": ""Provide Workaround"", ""Bug Fix Category 2"": ""4. Use Workaround"", ""Bug Fix Link"": ""https://github.com/emscripten-core/emscripten/pull/8957/files"", ""Bug-Inducing Input is Simplified/Reduced in Size"": ""False"", ""Cannot Reproduce Locally"": ""False"", ""Closed Date"": ""2019-07-10"", ""Compiler Options/Command?"": ""True"", ""Compiler Version?"": ""True"", ""Created Date"": ""2019-07-08"", ""Developer Reported Difficult to Reproduce"": ""False"", ""Developer reported difficult to fix"": ""False"", ""Faulty WebAssembly Output?"": ""True"", ""ID"": ""54571.0"", ""Incorrect Result Output/ Ground Truth Known?"": ""True"", ""JS Code Snippet?"": ""False"", ""Root Cause Category"": ""BINARYEN_IGNORE_IMPLICIT_TRAPS Issue"", ""Root Cause Category 2"": ""2. Binaryen (ignore implicit traps)"", ""Runtime Environment?"": ""False"", ""Source Code Snippet?"": ""True"", ""Stack Trace?"": ""True"", ""Title"": ""Out of bounds memory access with Os & BINARYEN_IGNORE_IMPLICIT_TRAPS=1"", ""URL"": ""https://github.com/emscripten-core/emscripten/issues/8941"", ""WebAssembly-Specific Paradigm"": ""Bugs in Other Infrastructures""}",data/raw_stage1/ase2021_an_empirical_study_of_bugs/qualitative_dataset.csv,,57
ase2021_an_empirical_study_of_bugs:02f646b15143c3ab,ase2021_an_empirical_study_of_bugs,webassembly_compilers,https://github.com/emscripten-core/emscripten/issues/8879,EM_JS code fails when using upstream Clang,,,2019-06-27T00:00:00+00:00,2019-09-25T00:00:00+00:00,,Stack Trace?; Incorrect Result Output/ Ground Truth Known?,Linking Object Files Issue,Bugs in Other Infrastructures,1. LLVM wasm Backend (wasm-ld linking error),,,,Fix in wasm-ld project,,"{""Bug Fix Category"": ""Fix in wasm-ld project"", ""Bug Fix Category 2"": ""1. Fix in wasm-ld project"", ""Bug Fix Link"": ""https://reviews.llvm.org/D67729"", ""Bug-Inducing Input is Simplified/Reduced in Size"": ""False"", ""Cannot Reproduce Locally"": ""False"", ""Closed Date"": ""2019-09-25"", ""Compiler Options/Command?"": ""True"", ""Compiler Version?"": ""False"", ""Created Date"": ""2019-06-27"", ""Developer Reported Difficult to Reproduce"": ""False"", ""Developer reported difficult to fix"": ""False"", ""Faulty WebAssembly Output?"": ""False"", ""ID"": ""54633.0"", ""Incorrect Result Output/ Ground Truth Known?"": ""True"", ""JS Code Snippet?"": ""False"", ""Root Cause Category"": ""Linking Object Files Issue"", ""Root Cause Category 2"": ""1. LLVM wasm Backend (wasm-ld linking error)"", ""Runtime Environment?"": ""False"", ""Source Code Snippet?"": ""True"", ""Stack Trace?"": ""True"", ""Title"": ""EM_JS code fails when using upstream Clang"", ""URL"": ""https://github.com/emscripten-core/emscripten/issues/8879"", ""WebAssembly-Specific Paradigm"": ""Bugs in Other Infrastructures""}",data/raw_stage1/ase2021_an_empirical_study_of_bugs/qualitative_dataset.csv,,58
ase2021_an_empirical_study_of_bugs:1b43915b4bd7aa88,ase2021_an_empirical_study_of_bugs,webassembly_compilers,https://github.com/emscripten-core/emscripten/issues/3534,Add support for compiling switch-cases of unbounded length.,,,2015-06-11T00:00:00+00:00,2015-06-18T00:00:00+00:00,,Incorrect Result Output/ Ground Truth Known?,Large Switch Case Issue,Bugs in Other Infrastructures,4. Firefox,,,,Fix in Firefox project,,"{""Bug Fix Category"": ""Fix in Firefox project"", ""Bug Fix Category 2"": ""5. Fix in Firefox project"", ""Bug Fix Link"": ""https://github.com/emscripten-core/emscripten-fastcomp/pull/102/files"", ""Bug-Inducing Input is Simplified/Reduced in Size"": ""True"", ""Cannot Reproduce Locally"": ""False"", ""Closed Date"": ""2015-06-18"", ""Compiler Options/Command?"": ""False"", ""Compiler Version?"": ""False"", ""Created Date"": ""2015-06-11"", ""Developer Reported Difficult to Reproduce"": ""False"", ""Developer reported difficult to fix"": ""True"", ""Faulty WebAssembly Output?"": ""False"", ""ID"": ""59889.0"", ""Incorrect Result Output/ Ground Truth Known?"": ""True"", ""JS Code Snippet?"": ""False"", ""Root Cause Category"": ""Large Switch Case Issue"", ""Root Cause Category 2"": ""4. Firefox"", ""Runtime Environment?"": ""True"", ""Source Code Snippet?"": ""True"", ""Stack Trace?"": ""False"", ""Title"": ""Add support for compiling switch-cases of unbounded length."", ""URL"": ""https://github.com/emscripten-core/emscripten/issues/3534"", ""WebAssembly-Specific Paradigm"": ""Bugs in Other Infrastructures""}",data/raw_stage1/ase2021_an_empirical_study_of_bugs/qualitative_dataset.csv,,59
ase2021_an_empirical_study_of_bugs:a771313fb905014c,ase2021_an_empirical_study_of_bugs,webassembly_compilers,https://github.com/emscripten-core/emscripten/issues/3824,Using std::cout before main has been entered,,,2015-09-28T00:00:00+00:00,2015-09-29T00:00:00+00:00,,Cannot Reproduce Locally,IOStream Priority Issue,Bugs in Other Infrastructures,1. LLVM C++ (libcxx attribute error),,,,Fix in libcxx project,,"{""Bug Fix Category"": ""Fix in libcxx project"", ""Bug Fix Category 2"": ""6. Fix in libcxx project"", ""Bug Fix Link"": ""https://reviews.llvm.org/D31413"", ""Bug-Inducing Input is Simplified/Reduced in Size"": ""False"", ""Cannot Reproduce Locally"": ""True"", ""Closed Date"": ""2015-09-29"", ""Compiler Options/Command?"": ""False"", ""Compiler Version?"": ""False"", ""Created Date"": ""2015-09-28"", ""Developer Reported Difficult to Reproduce"": ""True"", ""Developer reported difficult to fix"": ""False"", ""Faulty WebAssembly Output?"": ""False"", ""ID"": ""59599.0"", ""Incorrect Result Output/ Ground Truth Known?"": ""False"", ""JS Code Snippet?"": ""False"", ""Root Cause Category"": ""IOStream Priority Issue"", ""Root Cause Category 2"": ""1. LLVM C++ (libcxx attribute error)"", ""Runtime Environment?"": ""False"", ""Source Code Snippet?"": ""True"", ""Stack Trace?"": ""False"", ""Title"": ""Using std::cout before main has been entered"", ""URL"": ""https://github.com/emscripten-core/emscripten/issues/3824"", ""WebAssembly-Specific Paradigm"": ""Bugs in Other Infrastructures""}",data/raw_stage1/ase2021_an_empirical_study_of_bugs/qualitative_dataset.csv,,60
ase2021_an_empirical_study_of_bugs:426f13dbbe903dc3,ase2021_an_empirical_study_of_bugs,webassembly_compilers,https://github.com/emscripten-core/emscripten/issues/5399,frem float miscompilation,,,2017-07-20T00:00:00+00:00,2017-07-20T00:00:00+00:00,,Incorrect Result Output/ Ground Truth Known?; Faulty WebAssembly Output?,Floating Point Remainder Operation Issue,Bugs in Other Infrastructures,2. Binaryen (asm2wasm float parsing),,,,Fix in asm2wasm project,,"{""Bug Fix Category"": ""Fix in asm2wasm project"", ""Bug Fix Category 2"": ""7. Fix in asm2wasm project"", ""Bug Fix Link"": ""https://github.com/WebAssembly/binaryen/commit/da680fdbcb7eaad1c692369c7c826fc02b00c877"", ""Bug-Inducing Input is Simplified/Reduced in Size"": ""False"", ""Cannot Reproduce Locally"": ""False"", ""Closed Date"": ""2017-07-20"", ""Compiler Options/Command?"": ""True"", ""Compiler Version?"": ""True"", ""Created Date"": ""2017-07-20"", ""Developer Reported Difficult to Reproduce"": ""False"", ""Developer reported difficult to fix"": ""False"", ""Faulty WebAssembly Output?"": ""True"", ""ID"": ""58030.0"", ""Incorrect Result Output/ Ground Truth Known?"": ""True"", ""JS Code Snippet?"": ""True"", ""Root Cause Category"": ""Floating Point Remainder Operation Issue"", ""Root Cause Category 2"": ""2. Binaryen (asm2wasm float parsing)"", ""Runtime Environment?"": ""False"", ""Source Code Snippet?"": ""True"", ""Stack Trace?"": ""False"", ""Title"": ""frem float miscompilation"", ""URL"": ""https://github.com/emscripten-core/emscripten/issues/5399"", ""WebAssembly-Specific Paradigm"": ""Bugs in Other Infrastructures""}",data/raw_stage1/ase2021_an_empirical_study_of_bugs/qualitative_dataset.csv,,61
ase2021_an_empirical_study_of_bugs:4bdbbcb62fd94ce0,ase2021_an_empirical_study_of_bugs,webassembly_compilers,https://github.com/emscripten-core/emscripten/issues/5052,Entering full screen from touch event handlers does not work,,,2017-03-19T00:00:00+00:00,2019-09-06T00:00:00+00:00,,,Fullscreen Touch Events Issue,Bugs in Other Infrastructures,4. Firefox,,,,Fix in Firefox project,,"{""Bug Fix Category"": ""Fix in Firefox project"", ""Bug Fix Category 2"": ""8. Fix in Firefox project"", ""Bug Fix Link"": ""https://github.com/emscripten-core/emscripten/commit/ac437dd95947842966504f88600f79258e4ca5fc"", ""Bug-Inducing Input is Simplified/Reduced in Size"": ""False"", ""Cannot Reproduce Locally"": ""False"", ""Closed Date"": ""2019-09-06"", ""Compiler Options/Command?"": ""False"", ""Compiler Version?"": ""False"", ""Created Date"": ""2017-03-19"", ""Developer Reported Difficult to Reproduce"": ""False"", ""Developer reported difficult to fix"": ""False"", ""Faulty WebAssembly Output?"": ""False"", ""ID"": ""58377.0"", ""Incorrect Result Output/ Ground Truth Known?"": ""False"", ""JS Code Snippet?"": ""False"", ""Root Cause Category"": ""Fullscreen Touch Events Issue"", ""Root Cause Category 2"": ""4. Firefox"", ""Runtime Environment?"": ""True"", ""Source Code Snippet?"": ""False"", ""Stack Trace?"": ""False"", ""Title"": ""Entering full screen from touch event handlers does not work"", ""URL"": ""https://github.com/emscripten-core/emscripten/issues/5052"", ""WebAssembly-Specific Paradigm"": ""Bugs in Other Infrastructures""}",data/raw_stage1/ase2021_an_empirical_study_of_bugs/qualitative_dataset.csv,,62
ase2021_an_empirical_study_of_bugs:d818350136353942,ase2021_an_empirical_study_of_bugs,webassembly_compilers,https://github.com/emscripten-core/emscripten/issues/5034,RuntimeError: indirect call signature mismatch,,,2017-03-15T00:00:00+00:00,2019-09-06T00:00:00+00:00,,Stack Trace?; Cannot Reproduce Locally,Wasm+Asm.js Build Issue,Bugs in Other Infrastructures,5. V8,,,,Fix in V8 project,,"{""Bug Fix Category"": ""Fix in V8 project"", ""Bug Fix Category 2"": ""3. Fix in V8 Project"", ""Bug Fix Link"": ""https://github.com/emscripten-core/emscripten/issues/5034#issuecomment-320788792"", ""Bug-Inducing Input is Simplified/Reduced in Size"": ""False"", ""Cannot Reproduce Locally"": ""True"", ""Closed Date"": ""2019-09-06"", ""Compiler Options/Command?"": ""False"", ""Compiler Version?"": ""True"", ""Created Date"": ""2017-03-15"", ""Developer Reported Difficult to Reproduce"": ""False"", ""Developer reported difficult to fix"": ""False"", ""Faulty WebAssembly Output?"": ""False"", ""ID"": ""58395.0"", ""Incorrect Result Output/ Ground Truth Known?"": ""False"", ""JS Code Snippet?"": ""False"", ""Root Cause Category"": ""Wasm+Asm.js Build Issue"", ""Root Cause Category 2"": ""5. V8"", ""Runtime Environment?"": ""True"", ""Source Code Snippet?"": ""False"", ""Stack Trace?"": ""True"", ""Title"": ""RuntimeError: indirect call signature mismatch"", ""URL"": ""https://github.com/emscripten-core/emscripten/issues/5034"", ""WebAssembly-Specific Paradigm"": ""Bugs in Other Infrastructures""}",data/raw_stage1/ase2021_an_empirical_study_of_bugs/qualitative_dataset.csv,,63
ase2021_an_empirical_study_of_bugs:ceaeca2a28858949,ase2021_an_empirical_study_of_bugs,webassembly_compilers,https://github.com/emscripten-core/emscripten/issues/3861,pauseWebAudio failed: TypeError: Not enough arguments on Safari,,,2015-10-19T00:00:00+00:00,2019-09-07T00:00:00+00:00,,Stack Trace?; Cannot Reproduce Locally,WebAudio Control Issue,Bugs in Other Infrastructures,6. Safari,,,,Provide Workaround,,"{""Bug Fix Category"": ""Provide Workaround"", ""Bug Fix Category 2"": ""4. Use Workaround"", ""Bug Fix Link"": ""https://github.com/emscripten-core/emscripten/issues/3861#issuecomment-149704445"", ""Bug-Inducing Input is Simplified/Reduced in Size"": ""False"", ""Cannot Reproduce Locally"": ""True"", ""Closed Date"": ""2019-09-07"", ""Compiler Options/Command?"": ""False"", ""Compiler Version?"": ""False"", ""Created Date"": ""2015-10-19"", ""Developer Reported Difficult to Reproduce"": ""False"", ""Developer reported difficult to fix"": ""False"", ""Faulty WebAssembly Output?"": ""False"", ""ID"": ""59562.0"", ""Incorrect Result Output/ Ground Truth Known?"": ""False"", ""JS Code Snippet?"": ""True"", ""Root Cause Category"": ""WebAudio Control Issue"", ""Root Cause Category 2"": ""6. Safari"", ""Runtime Environment?"": ""True"", ""Source Code Snippet?"": ""False"", ""Stack Trace?"": ""True"", ""Title"": ""pauseWebAudio failed: TypeError: Not enough arguments on Safari"", ""URL"": ""https://github.com/emscripten-core/emscripten/issues/3861"", ""WebAssembly-Specific Paradigm"": ""Bugs in Other Infrastructures""}",data/raw_stage1/ase2021_an_empirical_study_of_bugs/qualitative_dataset.csv,,64
ase2021_an_empirical_study_of_bugs:029b1a0aeacd2821,ase2021_an_empirical_study_of_bugs,webassembly_compilers,https://github.com/emscripten-core/emscripten/issues/9317,Assertion `gotIndex == INVALID_INDEX' failed,,,2019-08-25T00:00:00+00:00,2019-09-25T00:00:00+00:00,,Stack Trace?; Incorrect Result Output/ Ground Truth Known?,FPIC Issue,Bugs in Other Infrastructures,1. LLVM wasm Backend (wasm-ld linking error),,,,Fix in wasm-ld project,,"{""Bug Fix Category"": ""Fix in wasm-ld project"", ""Bug Fix Category 2"": ""1. Fix in wasm-ld project"", ""Bug Fix Link"": ""https://reviews.llvm.org/D66784"", ""Bug-Inducing Input is Simplified/Reduced in Size"": ""False"", ""Cannot Reproduce Locally"": ""False"", ""Closed Date"": ""2019-09-25"", ""Compiler Options/Command?"": ""True"", ""Compiler Version?"": ""True"", ""Created Date"": ""2019-08-25"", ""Developer Reported Difficult to Reproduce"": ""False"", ""Developer reported difficult to fix"": ""False"", ""Faulty WebAssembly Output?"": ""False"", ""ID"": ""54195.0"", ""Incorrect Result Output/ Ground Truth Known?"": ""True"", ""JS Code Snippet?"": ""False"", ""Root Cause Category"": ""FPIC Issue"", ""Root Cause Category 2"": ""1. LLVM wasm Backend (wasm-ld linking error)"", ""Runtime Environment?"": ""False"", ""Source Code Snippet?"": ""False"", ""Stack Trace?"": ""True"", ""Title"": ""Assertion `gotIndex == INVALID_INDEX' failed"", ""URL"": ""https://github.com/emscripten-core/emscripten/issues/9317"", ""WebAssembly-Specific Paradigm"": ""Bugs in Other Infrastructures""}",data/raw_stage1/ase2021_an_empirical_study_of_bugs/qualitative_dataset.csv,,65
ase2021_an_empirical_study_of_bugs:9e5964817031ba4c,ase2021_an_empirical_study_of_bugs,webassembly_compilers,https://github.com/emscripten-core/emscripten/issues/9013,wasm-backend: Code compiled with fPIC is not compatible with regular executables,,,2019-07-17T00:00:00+00:00,2019-11-04T00:00:00+00:00,,Stack Trace?; Faulty WebAssembly Output?,FPIC Issue,Bugs in Other Infrastructures,1. LLVM wasm Backend (wasm-ld linking error),,,,Fix in wasm-ld project,,"{""Bug Fix Category"": ""Fix in wasm-ld project"", ""Bug Fix Category 2"": ""1. Fix in wasm-ld project"", ""Bug Fix Link"": ""https://bugs.llvm.org/show_bug.cgi?id=42656"", ""Bug-Inducing Input is Simplified/Reduced in Size"": ""False"", ""Cannot Reproduce Locally"": ""False"", ""Closed Date"": ""2019-11-04"", ""Compiler Options/Command?"": ""True"", ""Compiler Version?"": ""True"", ""Created Date"": ""2019-07-17"", ""Developer Reported Difficult to Reproduce"": ""False"", ""Developer reported difficult to fix"": ""False"", ""Faulty WebAssembly Output?"": ""True"", ""ID"": ""54499.0"", ""Incorrect Result Output/ Ground Truth Known?"": ""False"", ""JS Code Snippet?"": ""False"", ""Root Cause Category"": ""FPIC Issue"", ""Root Cause Category 2"": ""1. LLVM wasm Backend (wasm-ld linking error)"", ""Runtime Environment?"": ""True"", ""Source Code Snippet?"": ""True"", ""Stack Trace?"": ""True"", ""Title"": ""wasm-backend: Code compiled with fPIC is not compatible with regular executables"", ""URL"": ""https://github.com/emscripten-core/emscripten/issues/9013"", ""WebAssembly-Specific Paradigm"": ""Bugs in Other Infrastructures""}",data/raw_stage1/ase2021_an_empirical_study_of_bugs/qualitative_dataset.csv,,66
ase2021_an_empirical_study_of_bugs:8fdb277c11f59125,ase2021_an_empirical_study_of_bugs,webassembly_compilers,https://github.com/emscripten-core/emscripten/issues/8574,LTO flags with wasm backend,,,2019-05-09T00:00:00+00:00,2019-07-16T00:00:00+00:00,,Stack Trace?; Incorrect Result Output/ Ground Truth Known?,Link Time Optimization Issue,Bugs in Other Infrastructures,1. LLVM wasm Backend (wasm-ld linking error),,,,Fix in wasm-ld project,,"{""Bug Fix Category"": ""Fix in wasm-ld project"", ""Bug Fix Category 2"": ""1. Fix in wasm-ld project"", ""Bug Fix Link"": ""https://bugs.llvm.org/show_bug.cgi?id=40412"", ""Bug-Inducing Input is Simplified/Reduced in Size"": ""False"", ""Cannot Reproduce Locally"": ""False"", ""Closed Date"": ""2019-07-16"", ""Compiler Options/Command?"": ""True"", ""Compiler Version?"": ""False"", ""Created Date"": ""2019-05-09"", ""Developer Reported Difficult to Reproduce"": ""False"", ""Developer reported difficult to fix"": ""False"", ""Faulty WebAssembly Output?"": ""False"", ""ID"": ""54938.0"", ""Incorrect Result Output/ Ground Truth Known?"": ""True"", ""JS Code Snippet?"": ""False"", ""Root Cause Category"": ""Link Time Optimization Issue"", ""Root Cause Category 2"": ""1. LLVM wasm Backend (wasm-ld linking error)"", ""Runtime Environment?"": ""False"", ""Source Code Snippet?"": ""False"", ""Stack Trace?"": ""True"", ""Title"": ""LTO flags with wasm backend"", ""URL"": ""https://github.com/emscripten-core/emscripten/issues/8574"", ""WebAssembly-Specific Paradigm"": ""Bugs in Other Infrastructures""}",data/raw_stage1/ase2021_an_empirical_study_of_bugs/qualitative_dataset.csv,,67
ase2021_an_empirical_study_of_bugs:928899665e39b8d7,ase2021_an_empirical_study_of_bugs,webassembly_compilers,https://github.com/emscripten-core/emscripten/issues/7123,"Links OK with -O1, but crashes in asm2wasm with -O2 or -O3",,,2018-09-14T00:00:00+00:00,2018-09-15T00:00:00+00:00,,Stack Trace?; Incorrect Result Output/ Ground Truth Known?,Floating Point Modulo Operation Issue,Bugs in Other Infrastructures,2. Binaryen (asm2wasm float parsing),,,,Fix in asm2wasm project,,"{""Bug Fix Category"": ""Fix in asm2wasm project"", ""Bug Fix Category 2"": ""7. Fix in asm2wasm project"", ""Bug Fix Link"": ""https://github.com/WebAssembly/binaryen/pull/1681/files"", ""Bug-Inducing Input is Simplified/Reduced in Size"": ""False"", ""Cannot Reproduce Locally"": ""False"", ""Closed Date"": ""2018-09-15"", ""Compiler Options/Command?"": ""True"", ""Compiler Version?"": ""False"", ""Created Date"": ""2018-09-14"", ""Developer Reported Difficult to Reproduce"": ""False"", ""Developer reported difficult to fix"": ""False"", ""Faulty WebAssembly Output?"": ""False"", ""ID"": ""56306.0"", ""Incorrect Result Output/ Ground Truth Known?"": ""True"", ""JS Code Snippet?"": ""False"", ""Root Cause Category"": ""Floating Point Modulo Operation Issue"", ""Root Cause Category 2"": ""2. Binaryen (asm2wasm float parsing)"", ""Runtime Environment?"": ""False"", ""Source Code Snippet?"": ""False"", ""Stack Trace?"": ""True"", ""Title"": ""Links OK with -O1, but crashes in asm2wasm with -O2 or -O3"", ""URL"": ""https://github.com/emscripten-core/emscripten/issues/7123"", ""WebAssembly-Specific Paradigm"": ""Bugs in Other Infrastructures""}",data/raw_stage1/ase2021_an_empirical_study_of_bugs/qualitative_dataset.csv,,68
ase2021_an_empirical_study_of_bugs:c2711cedac52ceb2,ase2021_an_empirical_study_of_bugs,webassembly_compilers,https://github.com/emscripten-core/emscripten/issues/3890,Error: WebGL: drawBuffers: invalid <buffers> (buffers must not be empty),,,2015-11-02T00:00:00+00:00,2015-11-02T00:00:00+00:00,,Stack Trace?,WebGL drawBuffers Issue,Bugs in Other Infrastructures,4. Firefox,,,,Fix in Firefox project,,"{""Bug Fix Category"": ""Fix in Firefox project"", ""Bug Fix Category 2"": ""8. Fix in Firefox project"", ""Bug Fix Link"": ""https://bugzilla.mozilla.org/show_bug.cgi?id=1221077"", ""Bug-Inducing Input is Simplified/Reduced in Size"": ""True"", ""Cannot Reproduce Locally"": ""False"", ""Closed Date"": ""2015-11-02"", ""Compiler Options/Command?"": ""False"", ""Compiler Version?"": ""False"", ""Created Date"": ""2015-11-02"", ""Developer Reported Difficult to Reproduce"": ""False"", ""Developer reported difficult to fix"": ""False"", ""Faulty WebAssembly Output?"": ""False"", ""ID"": ""59533.0"", ""Incorrect Result Output/ Ground Truth Known?"": ""False"", ""JS Code Snippet?"": ""True"", ""Root Cause Category"": ""WebGL drawBuffers Issue"", ""Root Cause Category 2"": ""4. Firefox"", ""Runtime Environment?"": ""True"", ""Source Code Snippet?"": ""False"", ""Stack Trace?"": ""True"", ""Title"": ""Error: WebGL: drawBuffers: invalid <buffers> (buffers must not be empty)"", ""URL"": ""https://github.com/emscripten-core/emscripten/issues/3890"", ""WebAssembly-Specific Paradigm"": ""Bugs in Other Infrastructures""}",data/raw_stage1/ase2021_an_empirical_study_of_bugs/qualitative_dataset.csv,,69
ase2021_an_empirical_study_of_bugs:aac11d55e2c1dcc8,ase2021_an_empirical_study_of_bugs,webassembly_compilers,https://github.com/emscripten-core/emscripten/issues/6534,SAFE_HEAP=1 breaks source map generation for WASM,,,2018-05-15T00:00:00+00:00,2019-02-12T00:00:00+00:00,,Cannot Reproduce Locally,Source Maps in Wasm-Opt Unsupported,Bugs in Other Infrastructures,2. Binaryen (wasm-opt source maps),,,,Fix in wasm-opt project,,"{""Bug Fix Category"": ""Fix in wasm-opt project"", ""Bug Fix Category 2"": ""9. Fix in wasm-opt project"", ""Bug Fix Link"": ""https://github.com/WebAssembly/binaryen/pull/1557"", ""Bug-Inducing Input is Simplified/Reduced in Size"": ""False"", ""Cannot Reproduce Locally"": ""True"", ""Closed Date"": ""2019-02-12"", ""Compiler Options/Command?"": ""True"", ""Compiler Version?"": ""False"", ""Created Date"": ""2018-05-15"", ""Developer Reported Difficult to Reproduce"": ""True"", ""Developer reported difficult to fix"": ""True"", ""Faulty WebAssembly Output?"": ""False"", ""ID"": ""56895.0"", ""Incorrect Result Output/ Ground Truth Known?"": ""False"", ""JS Code Snippet?"": ""False"", ""Root Cause Category"": ""Source Maps in Wasm-Opt Unsupported"", ""Root Cause Category 2"": ""2. Binaryen (wasm-opt source maps)"", ""Runtime Environment?"": ""False"", ""Source Code Snippet?"": ""True"", ""Stack Trace?"": ""False"", ""Title"": ""SAFE_HEAP=1 breaks source map generation for WASM"", ""URL"": ""https://github.com/emscripten-core/emscripten/issues/6534"", ""WebAssembly-Specific Paradigm"": ""Bugs in Other Infrastructures""}",data/raw_stage1/ase2021_an_empirical_study_of_bugs/qualitative_dataset.csv,,70
ase2021_an_empirical_study_of_bugs:42740e5202a2fb2b,ase2021_an_empirical_study_of_bugs,webassembly_compilers,https://github.com/emscripten-core/emscripten/issues/4715,The parser is failing when _emscripten_replace_memory is present,,,2016-11-10T00:00:00+00:00,2016-11-11T00:00:00+00:00,,Stack Trace?; Incorrect Result Output/ Ground Truth Known?,ONLY_MY_CODE Issue,Bugs in Other Infrastructures,2. Binaryen (asm2wasm parsing),,,,Fix in asm2wasm project,,"{""Bug Fix Category"": ""Fix in asm2wasm project"", ""Bug Fix Category 2"": ""7. Fix in asm2wasm project"", ""Bug Fix Link"": ""https://github.com/WebAssembly/binaryen/pull/835/files"", ""Bug-Inducing Input is Simplified/Reduced in Size"": ""False"", ""Cannot Reproduce Locally"": ""False"", ""Closed Date"": ""2016-11-11"", ""Compiler Options/Command?"": ""True"", ""Compiler Version?"": ""False"", ""Created Date"": ""2016-11-10"", ""Developer Reported Difficult to Reproduce"": ""False"", ""Developer reported difficult to fix"": ""False"", ""Faulty WebAssembly Output?"": ""False"", ""ID"": ""58714.0"", ""Incorrect Result Output/ Ground Truth Known?"": ""True"", ""JS Code Snippet?"": ""False"", ""Root Cause Category"": ""ONLY_MY_CODE Issue"", ""Root Cause Category 2"": ""2. Binaryen (asm2wasm parsing)"", ""Runtime Environment?"": ""False"", ""Source Code Snippet?"": ""False"", ""Stack Trace?"": ""True"", ""Title"": ""The parser is failing when _emscripten_replace_memory is present"", ""URL"": ""https://github.com/emscripten-core/emscripten/issues/4715"", ""WebAssembly-Specific Paradigm"": ""Bugs in Other Infrastructures""}",data/raw_stage1/ase2021_an_empirical_study_of_bugs/qualitative_dataset.csv,,71
ase2021_an_empirical_study_of_bugs:a2c256da8f948e50,ase2021_an_empirical_study_of_bugs,webassembly_compilers,https://github.com/emscripten-core/emscripten/issues/7472,glGetVertexAttribiv throws TypeError when using closure,,,2018-11-08T00:00:00+00:00,2018-11-10T00:00:00+00:00,,Stack Trace?; Cannot Reproduce Locally,Closure Math Issue,Cross-Language Optimizations,1. Optimizer Removes Symbol,,,,Prevent minifying Math functions,,"{""Bug Fix Category"": ""Prevent minifying Math functions"", ""Bug Fix Category 2"": ""1. Prevent Optimization"", ""Bug Fix Link"": ""https://github.com/haberbyte/emscripten/commit/c9386afb6e9724f9c2935f8a5b0a71604b71f605"", ""Bug-Inducing Input is Simplified/Reduced in Size"": ""False"", ""Cannot Reproduce Locally"": ""True"", ""Closed Date"": ""2018-11-10"", ""Compiler Options/Command?"": ""True"", ""Compiler Version?"": ""True"", ""Created Date"": ""2018-11-08"", ""Developer Reported Difficult to Reproduce"": ""False"", ""Developer reported difficult to fix"": ""False"", ""Faulty WebAssembly Output?"": ""False"", ""ID"": ""55989.0"", ""Incorrect Result Output/ Ground Truth Known?"": ""False"", ""JS Code Snippet?"": ""False"", ""Root Cause Category"": ""Closure Math Issue"", ""Root Cause Category 2"": ""1. Optimizer Removes Symbol"", ""Runtime Environment?"": ""True"", ""Source Code Snippet?"": ""True"", ""Stack Trace?"": ""True"", ""Title"": ""glGetVertexAttribiv throws TypeError when using closure"", ""URL"": ""https://github.com/emscripten-core/emscripten/issues/7472"", ""WebAssembly-Specific Paradigm"": ""Cross-Language Optimizations""}",data/raw_stage1/ase2021_an_empirical_study_of_bugs/qualitative_dataset.csv,,72
ase2021_an_empirical_study_of_bugs:239dc26fe31a00e7,ase2021_an_empirical_study_of_bugs,webassembly_compilers,https://github.com/emscripten-core/emscripten/issues/10205,acorn-optimizer.js fails with SDL_Init() if O3 optimization is set,,,2020-01-14T00:00:00+00:00,2020-01-28T00:00:00+00:00,,Stack Trace?; Incorrect Result Output/ Ground Truth Known?; Cannot Reproduce Locally,MetaDCE SDL Standalone Issue,Cross-Language Optimizations,1. Optimizer Removes Symbol,,,,Support missing functions not emitted in standalone,,"{""Bug Fix Category"": ""Support missing functions not emitted in standalone"", ""Bug Fix Category 2"": ""2. Add Warning Message"", ""Bug Fix Link"": ""https://github.com/emscripten-core/emscripten/pull/10273/files"", ""Bug-Inducing Input is Simplified/Reduced in Size"": ""False"", ""Cannot Reproduce Locally"": ""True"", ""Closed Date"": ""2020-01-28"", ""Compiler Options/Command?"": ""True"", ""Compiler Version?"": ""True"", ""Created Date"": ""2020-01-14"", ""Developer Reported Difficult to Reproduce"": ""False"", ""Developer reported difficult to fix"": ""False"", ""Faulty WebAssembly Output?"": ""False"", ""ID"": ""53307.0"", ""Incorrect Result Output/ Ground Truth Known?"": ""True"", ""JS Code Snippet?"": ""False"", ""Root Cause Category"": ""MetaDCE SDL Standalone Issue"", ""Root Cause Category 2"": ""1. Optimizer Removes Symbol"", ""Runtime Environment?"": ""True"", ""Source Code Snippet?"": ""True"", ""Stack Trace?"": ""True"", ""Title"": ""acorn-optimizer.js fails with SDL_Init() if O3 optimization is set"", ""URL"": ""https://github.com/emscripten-core/emscripten/issues/10205"", ""WebAssembly-Specific Paradigm"": ""Cross-Language Optimizations""}",data/raw_stage1/ase2021_an_empirical_study_of_bugs/qualitative_dataset.csv,,73
ase2021_an_empirical_study_of_bugs:3350b66a4f8cee40,ase2021_an_empirical_study_of_bugs,webassembly_compilers,https://github.com/emscripten-core/emscripten/issues/3765,Missing input file for `--llvm-lto 3`,,,2015-09-10T00:00:00+00:00,2015-09-11T00:00:00+00:00,,Stack Trace?; Incorrect Result Output/ Ground Truth Known?,Link Time Optimization Issue,Cross-Language Optimizations,2. Syntax Issue in Optimizer,,,,Fix incorrect file path,,"{""Bug Fix Category"": ""Fix incorrect file path"", ""Bug Fix Category 2"": ""3. Fix Typo"", ""Bug Fix Link"": ""https://github.com/emscripten-core/emscripten/commit/5ec0fe2ad5d7a128b7b4c187dd92d4ad913963db"", ""Bug-Inducing Input is Simplified/Reduced in Size"": ""False"", ""Cannot Reproduce Locally"": ""False"", ""Closed Date"": ""2015-09-11"", ""Compiler Options/Command?"": ""True"", ""Compiler Version?"": ""False"", ""Created Date"": ""2015-09-10"", ""Developer Reported Difficult to Reproduce"": ""False"", ""Developer reported difficult to fix"": ""False"", ""Faulty WebAssembly Output?"": ""False"", ""ID"": ""59658.0"", ""Incorrect Result Output/ Ground Truth Known?"": ""True"", ""JS Code Snippet?"": ""False"", ""Root Cause Category"": ""Link Time Optimization Issue"", ""Root Cause Category 2"": ""2. Syntax Issue in Optimizer"", ""Runtime Environment?"": ""False"", ""Source Code Snippet?"": ""True"", ""Stack Trace?"": ""True"", ""Title"": ""Missing input file for `--llvm-lto 3`"", ""URL"": ""https://github.com/emscripten-core/emscripten/issues/3765"", ""WebAssembly-Specific Paradigm"": ""Cross-Language Optimizations""}",data/raw_stage1/ase2021_an_empirical_study_of_bugs/qualitative_dataset.csv,,74
ase2021_an_empirical_study_of_bugs:572aa1edd270f0a7,ase2021_an_empirical_study_of_bugs,webassembly_compilers,https://github.com/emscripten-core/emscripten/issues/10675,LLVM backend producing js with Optimisation fails to run TypeError: r is not a function,,,2020-03-10T00:00:00+00:00,2020-03-12T00:00:00+00:00,,Stack Trace?; Cannot Reproduce Locally,JS Optimizer Local Scope Issue,Cross-Language Optimizations,3. Incorrect Optimization Scope,,,,Fix typo,,"{""Bug Fix Category"": ""Fix typo"", ""Bug Fix Category 2"": ""3. Fix Typo"", ""Bug Fix Link"": ""https://github.com/emscripten-core/emscripten/commit/237082e69aba30be692b921820875dcf7bd57a5a"", ""Bug-Inducing Input is Simplified/Reduced in Size"": ""False"", ""Cannot Reproduce Locally"": ""True"", ""Closed Date"": ""2020-03-12"", ""Compiler Options/Command?"": ""True"", ""Compiler Version?"": ""True"", ""Created Date"": ""2020-03-10"", ""Developer Reported Difficult to Reproduce"": ""False"", ""Developer reported difficult to fix"": ""False"", ""Faulty WebAssembly Output?"": ""False"", ""ID"": ""52837.0"", ""Incorrect Result Output/ Ground Truth Known?"": ""False"", ""JS Code Snippet?"": ""True"", ""Root Cause Category"": ""JS Optimizer Local Scope Issue"", ""Root Cause Category 2"": ""3. Incorrect Optimization Scope"", ""Runtime Environment?"": ""False"", ""Source Code Snippet?"": ""False"", ""Stack Trace?"": ""True"", ""Title"": ""LLVM backend producing js with Optimisation fails to run TypeError: r is not a function"", ""URL"": ""https://github.com/emscripten-core/emscripten/issues/10675"", ""WebAssembly-Specific Paradigm"": ""Cross-Language Optimizations""}",data/raw_stage1/ase2021_an_empirical_study_of_bugs/qualitative_dataset.csv,,75
ase2021_an_empirical_study_of_bugs:3d37a7b12a4629cc,ase2021_an_empirical_study_of_bugs,webassembly_compilers,https://github.com/emscripten-core/emscripten/issues/9190,USE_PTHREADS=1 and ALLOW_MEMORY_GROWTH=1 restricts --js-library file in ES5.,,,2019-08-09T00:00:00+00:00,2019-12-09T00:00:00+00:00,,Stack Trace?; Incorrect Result Output/ Ground Truth Known?,JS Optimizer Pthreads and Memory Growth Issue,Cross-Language Optimizations,2. Syntax Issue in Optimizer,,,,Change optimizer to Acorn Optimizer,,"{""Bug Fix Category"": ""Change optimizer to Acorn Optimizer"", ""Bug Fix Category 2"": ""6. Change Optimizer"", ""Bug Fix Link"": ""https://github.com/emscripten-core/emscripten/pull/9629/files"", ""Bug-Inducing Input is Simplified/Reduced in Size"": ""False"", ""Cannot Reproduce Locally"": ""False"", ""Closed Date"": ""2019-12-09"", ""Compiler Options/Command?"": ""True"", ""Compiler Version?"": ""True"", ""Created Date"": ""2019-08-09"", ""Developer Reported Difficult to Reproduce"": ""False"", ""Developer reported difficult to fix"": ""False"", ""Faulty WebAssembly Output?"": ""False"", ""ID"": ""54322.0"", ""Incorrect Result Output/ Ground Truth Known?"": ""True"", ""JS Code Snippet?"": ""False"", ""Root Cause Category"": ""JS Optimizer Pthreads and Memory Growth Issue"", ""Root Cause Category 2"": ""2. Syntax Issue in Optimizer"", ""Runtime Environment?"": ""True"", ""Source Code Snippet?"": ""False"", ""Stack Trace?"": ""True"", ""Title"": ""USE_PTHREADS=1 and ALLOW_MEMORY_GROWTH=1 restricts --js-library file in ES5."", ""URL"": ""https://github.com/emscripten-core/emscripten/issues/9190"", ""WebAssembly-Specific Paradigm"": ""Cross-Language Optimizations""}",data/raw_stage1/ase2021_an_empirical_study_of_bugs/qualitative_dataset.csv,,76
ase2021_an_empirical_study_of_bugs:40fa4b89345418df,ase2021_an_empirical_study_of_bugs,webassembly_compilers,https://github.com/emscripten-core/emscripten/issues/10317,"FS.mount, WORKERFS is undefined",,,2020-01-30T00:00:00+00:00,2020-02-06T00:00:00+00:00,,Cannot Reproduce Locally,Closure Filesystem Issue,Cross-Language Optimizations,1. Optimizer Removes Symbol,,,,Handle exporting FS object in Closure,,"{""Bug Fix Category"": ""Handle exporting FS object in Closure"", ""Bug Fix Category 2"": ""1. Prevent Optimization"", ""Bug Fix Link"": ""https://github.com/emscripten-core/emscripten/pull/10368/files"", ""Bug-Inducing Input is Simplified/Reduced in Size"": ""False"", ""Cannot Reproduce Locally"": ""True"", ""Closed Date"": ""2020-02-06"", ""Compiler Options/Command?"": ""False"", ""Compiler Version?"": ""True"", ""Created Date"": ""2020-01-30"", ""Developer Reported Difficult to Reproduce"": ""False"", ""Developer reported difficult to fix"": ""False"", ""Faulty WebAssembly Output?"": ""False"", ""ID"": ""53195.0"", ""Incorrect Result Output/ Ground Truth Known?"": ""False"", ""JS Code Snippet?"": ""True"", ""Root Cause Category"": ""Closure Filesystem Issue"", ""Root Cause Category 2"": ""1. Optimizer Removes Symbol"", ""Runtime Environment?"": ""False"", ""Source Code Snippet?"": ""False"", ""Stack Trace?"": ""False"", ""Title"": ""FS.mount, WORKERFS is undefined"", ""URL"": ""https://github.com/emscripten-core/emscripten/issues/10317"", ""WebAssembly-Specific Paradigm"": ""Cross-Language Optimizations""}",data/raw_stage1/ase2021_an_empirical_study_of_bugs/qualitative_dataset.csv,,77
ase2021_an_empirical_study_of_bugs:fa923c751b8b5989,ase2021_an_empirical_study_of_bugs,webassembly_compilers,https://github.com/emscripten-core/emscripten/issues/6877,emscripten_is_webgl_context_lost and Closure,,,2018-07-19T00:00:00+00:00,2018-07-25T00:00:00+00:00,,,Closure WebGL Issue,Cross-Language Optimizations,1. Optimizer Removes Symbol,,,,Prevent minifying WebGL context object,,"{""Bug Fix Category"": ""Prevent minifying WebGL context object"", ""Bug Fix Category 2"": ""1. Prevent Optimization"", ""Bug Fix Link"": ""https://github.com/emscripten-core/emscripten/pull/6891/files"", ""Bug-Inducing Input is Simplified/Reduced in Size"": ""False"", ""Cannot Reproduce Locally"": ""False"", ""Closed Date"": ""2018-07-25"", ""Compiler Options/Command?"": ""False"", ""Compiler Version?"": ""False"", ""Created Date"": ""2018-07-19"", ""Developer Reported Difficult to Reproduce"": ""False"", ""Developer reported difficult to fix"": ""False"", ""Faulty WebAssembly Output?"": ""False"", ""ID"": ""56552.0"", ""Incorrect Result Output/ Ground Truth Known?"": ""False"", ""JS Code Snippet?"": ""False"", ""Root Cause Category"": ""Closure WebGL Issue"", ""Root Cause Category 2"": ""1. Optimizer Removes Symbol"", ""Runtime Environment?"": ""False"", ""Source Code Snippet?"": ""True"", ""Stack Trace?"": ""False"", ""Title"": ""emscripten_is_webgl_context_lost and Closure"", ""URL"": ""https://github.com/emscripten-core/emscripten/issues/6877"", ""WebAssembly-Specific Paradigm"": ""Cross-Language Optimizations""}",data/raw_stage1/ase2021_an_empirical_study_of_bugs/qualitative_dataset.csv,,78
ase2021_an_empirical_study_of_bugs:5ada70950fa57397,ase2021_an_empirical_study_of_bugs,webassembly_compilers,https://github.com/emscripten-core/emscripten/issues/6442,Document CommonJS/AMD support,,,2018-04-12T00:00:00+00:00,2019-09-26T00:00:00+00:00,,Stack Trace?; Incorrect Result Output/ Ground Truth Known?; Cannot Reproduce Locally,MetaDCE Function Scope Issue,Cross-Language Optimizations,3. Incorrect Optimization Scope,,,,Add warning message,,"{""Bug Fix Category"": ""Add warning message"", ""Bug Fix Category 2"": ""2. Add Warning Message"", ""Bug Fix Link"": ""https://github.com/emscripten-core/emscripten/pull/6477/files"", ""Bug-Inducing Input is Simplified/Reduced in Size"": ""False"", ""Cannot Reproduce Locally"": ""True"", ""Closed Date"": ""2019-09-26"", ""Compiler Options/Command?"": ""True"", ""Compiler Version?"": ""True"", ""Created Date"": ""2018-04-12"", ""Developer Reported Difficult to Reproduce"": ""False"", ""Developer reported difficult to fix"": ""False"", ""Faulty WebAssembly Output?"": ""False"", ""ID"": ""56987.0"", ""Incorrect Result Output/ Ground Truth Known?"": ""True"", ""JS Code Snippet?"": ""False"", ""Root Cause Category"": ""MetaDCE Function Scope Issue"", ""Root Cause Category 2"": ""3. Incorrect Optimization Scope"", ""Runtime Environment?"": ""False"", ""Source Code Snippet?"": ""False"", ""Stack Trace?"": ""True"", ""Title"": ""Document CommonJS/AMD support"", ""URL"": ""https://github.com/emscripten-core/emscripten/issues/6442"", ""WebAssembly-Specific Paradigm"": ""Cross-Language Optimizations""}",data/raw_stage1/ase2021_an_empirical_study_of_bugs/qualitative_dataset.csv,,79
ase2021_an_empirical_study_of_bugs:af43aa78b0ce5323,ase2021_an_empirical_study_of_bugs,webassembly_compilers,https://github.com/emscripten-core/emscripten/issues/10593,WASM=2 and symbol maps,,,2020-02-27T00:00:00+00:00,2020-03-03T00:00:00+00:00,,,Symbol Map JS Optimizer Issue,Cross-Language Optimizations,4. Optimizer Incorrectly Disabled,,,,Fix incorrect side effect,,"{""Bug Fix Category"": ""Fix incorrect side effect"", ""Bug Fix Category 2"": ""1. Prevent Optimization"", ""Bug Fix Link"": ""https://github.com/emscripten-core/emscripten/pull/10633/files"", ""Bug-Inducing Input is Simplified/Reduced in Size"": ""False"", ""Cannot Reproduce Locally"": ""False"", ""Closed Date"": ""2020-03-03"", ""Compiler Options/Command?"": ""True"", ""Compiler Version?"": ""False"", ""Created Date"": ""2020-02-27"", ""Developer Reported Difficult to Reproduce"": ""False"", ""Developer reported difficult to fix"": ""False"", ""Faulty WebAssembly Output?"": ""False"", ""ID"": ""52919.0"", ""Incorrect Result Output/ Ground Truth Known?"": ""False"", ""JS Code Snippet?"": ""False"", ""Root Cause Category"": ""Symbol Map JS Optimizer Issue"", ""Root Cause Category 2"": ""4. Optimizer Incorrectly Disabled"", ""Runtime Environment?"": ""False"", ""Source Code Snippet?"": ""False"", ""Stack Trace?"": ""False"", ""Title"": ""WASM=2 and symbol maps"", ""URL"": ""https://github.com/emscripten-core/emscripten/issues/10593"", ""WebAssembly-Specific Paradigm"": ""Cross-Language Optimizations""}",data/raw_stage1/ase2021_an_empirical_study_of_bugs/qualitative_dataset.csv,,80
ase2021_an_empirical_study_of_bugs:89321a8700c9f321,ase2021_an_empirical_study_of_bugs,webassembly_compilers,https://github.com/emscripten-core/emscripten/issues/9805,Closure compiler breaks web worker JS by optimizing (Dedicated)WorkerGlobalScope symbols,,,2019-11-08T00:00:00+00:00,2019-12-04T00:00:00+00:00,,,Closure WebWorker Issue,Cross-Language Optimizations,1. Optimizer Removes Symbol,,,,Prevent minifying DedicatedWorkerGlobalScope fields,,"{""Bug Fix Category"": ""Prevent minifying DedicatedWorkerGlobalScope fields"", ""Bug Fix Category 2"": ""4. Add Missing Externally-Defined Function Definitions"", ""Bug Fix Link"": ""https://github.com/emscripten-core/emscripten/pull/9945/files"", ""Bug-Inducing Input is Simplified/Reduced in Size"": ""False"", ""Cannot Reproduce Locally"": ""False"", ""Closed Date"": ""2019-12-04"", ""Compiler Options/Command?"": ""False"", ""Compiler Version?"": ""False"", ""Created Date"": ""2019-11-08"", ""Developer Reported Difficult to Reproduce"": ""False"", ""Developer reported difficult to fix"": ""False"", ""Faulty WebAssembly Output?"": ""False"", ""ID"": ""53707.0"", ""Incorrect Result Output/ Ground Truth Known?"": ""False"", ""JS Code Snippet?"": ""True"", ""Root Cause Category"": ""Closure WebWorker Issue"", ""Root Cause Category 2"": ""1. Optimizer Removes Symbol"", ""Runtime Environment?"": ""False"", ""Source Code Snippet?"": ""False"", ""Stack Trace?"": ""False"", ""Title"": ""Closure compiler breaks web worker JS by optimizing (Dedicated)WorkerGlobalScope symbols"", ""URL"": ""https://github.com/emscripten-core/emscripten/issues/9805"", ""WebAssembly-Specific Paradigm"": ""Cross-Language Optimizations""}",data/raw_stage1/ase2021_an_empirical_study_of_bugs/qualitative_dataset.csv,,81
ase2021_an_empirical_study_of_bugs:8d4d2520c0c73934,ase2021_an_empirical_study_of_bugs,webassembly_compilers,https://github.com/emscripten-core/emscripten/issues/7146,asm2wasm error when trying to use emterpretify_async with emterpretify_whitelist,,,2018-09-19T00:00:00+00:00,2018-10-06T00:00:00+00:00,,Stack Trace?; Cannot Reproduce Locally,JS Optimizer Coercion Issue,Cross-Language Optimizations,1. Optimizer Removes Symbol,,,,Add check to prevent removing coercion during optimization,,"{""Bug Fix Category"": ""Add check to prevent removing coercion during optimization"", ""Bug Fix Category 2"": ""1. Prevent Optimization"", ""Bug Fix Link"": ""https://github.com/emscripten-core/emscripten/pull/7157/files"", ""Bug-Inducing Input is Simplified/Reduced in Size"": ""False"", ""Cannot Reproduce Locally"": ""True"", ""Closed Date"": ""2018-10-06"", ""Compiler Options/Command?"": ""False"", ""Compiler Version?"": ""False"", ""Created Date"": ""2018-09-19"", ""Developer Reported Difficult to Reproduce"": ""False"", ""Developer reported difficult to fix"": ""False"", ""Faulty WebAssembly Output?"": ""False"", ""ID"": ""56283.0"", ""Incorrect Result Output/ Ground Truth Known?"": ""False"", ""JS Code Snippet?"": ""True"", ""Root Cause Category"": ""JS Optimizer Coercion Issue"", ""Root Cause Category 2"": ""1. Optimizer Removes Symbol"", ""Runtime Environment?"": ""True"", ""Source Code Snippet?"": ""False"", ""Stack Trace?"": ""True"", ""Title"": ""asm2wasm error when trying to use emterpretify_async with emterpretify_whitelist"", ""URL"": ""https://github.com/emscripten-core/emscripten/issues/7146"", ""WebAssembly-Specific Paradigm"": ""Cross-Language Optimizations""}",data/raw_stage1/ase2021_an_empirical_study_of_bugs/qualitative_dataset.csv,,82
ase2021_an_empirical_study_of_bugs:8e8f09ddc681864b,ase2021_an_empirical_study_of_bugs,webassembly_compilers,https://github.com/emscripten-core/emscripten/issues/5014,"Emscripten minifies asm.js code before calling asm2wasm, crashing cashew in assert(isNode);",,,2017-03-09T00:00:00+00:00,2017-08-07T00:00:00+00:00,,Stack Trace?; Incorrect Result Output/ Ground Truth Known?,JS Optimizer Asm2Wasm Minified Input Issue,Cross-Language Optimizations,1. Optimizer Removes Symbol,,,,Prevent minifying asm.js before inputting into asm2wasm,,"{""Bug Fix Category"": ""Prevent minifying asm.js before inputting into asm2wasm"", ""Bug Fix Category 2"": ""1. Prevent Optimization"", ""Bug Fix Link"": ""https://github.com/emscripten-core/emscripten/pull/5015/files"", ""Bug-Inducing Input is Simplified/Reduced in Size"": ""False"", ""Cannot Reproduce Locally"": ""False"", ""Closed Date"": ""2017-08-07"", ""Compiler Options/Command?"": ""True"", ""Compiler Version?"": ""False"", ""Created Date"": ""2017-03-09"", ""Developer Reported Difficult to Reproduce"": ""False"", ""Developer reported difficult to fix"": ""False"", ""Faulty WebAssembly Output?"": ""False"", ""ID"": ""58415.0"", ""Incorrect Result Output/ Ground Truth Known?"": ""True"", ""JS Code Snippet?"": ""False"", ""Root Cause Category"": ""JS Optimizer Asm2Wasm Minified Input Issue"", ""Root Cause Category 2"": ""1. Optimizer Removes Symbol"", ""Runtime Environment?"": ""False"", ""Source Code Snippet?"": ""True"", ""Stack Trace?"": ""True"", ""Title"": ""Emscripten minifies asm.js code before calling asm2wasm, crashing cashew in assert(isNode);"", ""URL"": ""https://github.com/emscripten-core/emscripten/issues/5014"", ""WebAssembly-Specific Paradigm"": ""Cross-Language Optimizations""}",data/raw_stage1/ase2021_an_empirical_study_of_bugs/qualitative_dataset.csv,,83
ase2021_an_empirical_study_of_bugs:92a89edc0b96aef6,ase2021_an_empirical_study_of_bugs,webassembly_compilers,https://github.com/emscripten-core/emscripten/pull/10506,Add missing removeEventListener extern.,,,2020-02-19T00:00:00+00:00,2020-02-21T00:00:00+00:00,,Stack Trace?; Incorrect Result Output/ Ground Truth Known?,Closure HTML5 Issue,Cross-Language Optimizations,1. Optimizer Removes Symbol,,,,Add missing HTML5 API closure externs,,"{""Bug Fix Category"": ""Add missing HTML5 API closure externs"", ""Bug Fix Category 2"": ""4. Add Missing Externally-Defined Function Definitions"", ""Bug Fix Link"": ""https://github.com/emscripten-core/emscripten/pull/10506/commits/de763b30f07135cc0e2543492eebc38e380a763a"", ""Bug-Inducing Input is Simplified/Reduced in Size"": ""False"", ""Cannot Reproduce Locally"": ""False"", ""Closed Date"": ""2020-02-21"", ""Compiler Options/Command?"": ""True"", ""Compiler Version?"": ""False"", ""Created Date"": ""2020-02-19"", ""Developer Reported Difficult to Reproduce"": ""False"", ""Developer reported difficult to fix"": ""False"", ""Faulty WebAssembly Output?"": ""False"", ""ID"": ""53006.0"", ""Incorrect Result Output/ Ground Truth Known?"": ""True"", ""JS Code Snippet?"": ""False"", ""Root Cause Category"": ""Closure HTML5 Issue"", ""Root Cause Category 2"": ""1. Optimizer Removes Symbol"", ""Runtime Environment?"": ""False"", ""Source Code Snippet?"": ""True"", ""Stack Trace?"": ""True"", ""Title"": ""Add missing removeEventListener extern."", ""URL"": ""https://github.com/emscripten-core/emscripten/pull/10506"", ""WebAssembly-Specific Paradigm"": ""Cross-Language Optimizations""}",data/raw_stage1/ase2021_an_empirical_study_of_bugs/qualitative_dataset.csv,,84
ase2021_an_empirical_study_of_bugs:13266b721fac0e58,ase2021_an_empirical_study_of_bugs,webassembly_compilers,https://github.com/emscripten-core/emscripten/issues/4548,glBlitFramebuffer issue compiling with closure=1,,,2016-09-07T00:00:00+00:00,2016-09-13T00:00:00+00:00,,Stack Trace?; Incorrect Result Output/ Ground Truth Known?,Closure WebGL Issue,Cross-Language Optimizations,1. Optimizer Removes Symbol,,,,Prevent minifying WebGL functions,,"{""Bug Fix Category"": ""Prevent minifying WebGL functions"", ""Bug Fix Category 2"": ""1. Prevent Optimization"", ""Bug Fix Link"": ""https://github.com/emscripten-core/emscripten/pull/4554/files"", ""Bug-Inducing Input is Simplified/Reduced in Size"": ""False"", ""Cannot Reproduce Locally"": ""False"", ""Closed Date"": ""2016-09-13"", ""Compiler Options/Command?"": ""True"", ""Compiler Version?"": ""False"", ""Created Date"": ""2016-09-07"", ""Developer Reported Difficult to Reproduce"": ""False"", ""Developer reported difficult to fix"": ""False"", ""Faulty WebAssembly Output?"": ""False"", ""ID"": ""58880.0"", ""Incorrect Result Output/ Ground Truth Known?"": ""True"", ""JS Code Snippet?"": ""False"", ""Root Cause Category"": ""Closure WebGL Issue"", ""Root Cause Category 2"": ""1. Optimizer Removes Symbol"", ""Runtime Environment?"": ""False"", ""Source Code Snippet?"": ""True"", ""Stack Trace?"": ""True"", ""Title"": ""glBlitFramebuffer issue compiling with closure=1"", ""URL"": ""https://github.com/emscripten-core/emscripten/issues/4548"", ""WebAssembly-Specific Paradigm"": ""Cross-Language Optimizations""}",data/raw_stage1/ase2021_an_empirical_study_of_bugs/qualitative_dataset.csv,,85
ase2021_an_empirical_study_of_bugs:aeafb66fb0279664,ase2021_an_empirical_study_of_bugs,webassembly_compilers,https://github.com/emscripten-core/emscripten/issues/4122,window.id conflict when compiling with --closure 1,,,2016-02-22T00:00:00+00:00,2016-03-02T00:00:00+00:00,,Stack Trace?; Cannot Reproduce Locally,Closure HTML5 Issue,Cross-Language Optimizations,5. Optimizer Emits Conflicting Symbol,,,,Add type check before accessing field,,"{""Bug Fix Category"": ""Add type check before accessing field"", ""Bug Fix Category 2"": ""5. Prevent Emitting Conflicting Names"", ""Bug Fix Link"": ""https://github.com/emscripten-core/emscripten/pull/4123/files"", ""Bug-Inducing Input is Simplified/Reduced in Size"": ""False"", ""Cannot Reproduce Locally"": ""True"", ""Closed Date"": ""2016-03-02"", ""Compiler Options/Command?"": ""False"", ""Compiler Version?"": ""False"", ""Created Date"": ""2016-02-22"", ""Developer Reported Difficult to Reproduce"": ""False"", ""Developer reported difficult to fix"": ""False"", ""Faulty WebAssembly Output?"": ""False"", ""ID"": ""59302.0"", ""Incorrect Result Output/ Ground Truth Known?"": ""False"", ""JS Code Snippet?"": ""False"", ""Root Cause Category"": ""Closure HTML5 Issue"", ""Root Cause Category 2"": ""5. Optimizer Emits Conflicting Symbol"", ""Runtime Environment?"": ""False"", ""Source Code Snippet?"": ""False"", ""Stack Trace?"": ""True"", ""Title"": ""window.id conflict when compiling with --closure 1"", ""URL"": ""https://github.com/emscripten-core/emscripten/issues/4122"", ""WebAssembly-Specific Paradigm"": ""Cross-Language Optimizations""}",data/raw_stage1/ase2021_an_empirical_study_of_bugs/qualitative_dataset.csv,,86
ase2021_an_empirical_study_of_bugs:8a4a839cc29c2712,ase2021_an_empirical_study_of_bugs,webassembly_compilers,https://github.com/emscripten-core/emscripten/issues/8001,USE_PTHREADS=1 with NO_FILESYSTEM=1 breaks at -O1 and higher,,,2019-02-04T00:00:00+00:00,2019-02-16T00:00:00+00:00,,Stack Trace?; Incorrect Result Output/ Ground Truth Known?; Cannot Reproduce Locally,Pthread Dependent on Filesystem Library,Emulating Native Environment Features,1. Implicit Filesystem Dependency,,,,Prevent automatically exporting FS when Pthreads are enabled,,"{""Bug Fix Category"": ""Prevent automatically exporting FS when Pthreads are enabled"", ""Bug Fix Category 2"": ""1. Remove Dependency"", ""Bug Fix Link"": ""https://github.com/emscripten-core/emscripten/commit/b089a0823d82924e0d06239fe63afd361ac042ec"", ""Bug-Inducing Input is Simplified/Reduced in Size"": ""False"", ""Cannot Reproduce Locally"": ""True"", ""Closed Date"": ""2019-02-16"", ""Compiler Options/Command?"": ""True"", ""Compiler Version?"": ""True"", ""Created Date"": ""2019-02-04"", ""Developer Reported Difficult to Reproduce"": ""True"", ""Developer reported difficult to fix"": ""False"", ""Faulty WebAssembly Output?"": ""False"", ""ID"": ""55511.0"", ""Incorrect Result Output/ Ground Truth Known?"": ""True"", ""JS Code Snippet?"": ""True"", ""Root Cause Category"": ""Pthread Dependent on Filesystem Library"", ""Root Cause Category 2"": ""1. Implicit Filesystem Dependency"", ""Runtime Environment?"": ""True"", ""Source Code Snippet?"": ""True"", ""Stack Trace?"": ""True"", ""Title"": ""USE_PTHREADS=1 with NO_FILESYSTEM=1 breaks at -O1 and higher"", ""URL"": ""https://github.com/emscripten-core/emscripten/issues/8001"", ""WebAssembly-Specific Paradigm"": ""Emulating Native Environment Features""}",data/raw_stage1/ase2021_an_empirical_study_of_bugs/qualitative_dataset.csv,,87
ase2021_an_empirical_study_of_bugs:edc35eab2887be84,ase2021_an_empirical_study_of_bugs,webassembly_compilers,https://github.com/emscripten-core/emscripten/issues/8421,undefined symbol: $FS,,,2019-04-10T00:00:00+00:00,2019-04-19T00:00:00+00:00,,Stack Trace?,Syscalls Dependent on Filesystem Library,Emulating Native Environment Features,1. Implicit Filesystem Dependency,,,,Add compiler option to specify if syscalls require filesystem support,,"{""Bug Fix Category"": ""Add compiler option to specify if syscalls require filesystem support"", ""Bug Fix Category 2"": ""2. Automatically Include Dependency"", ""Bug Fix Link"": ""https://github.com/haberbyte/emscripten/commit/8398e83ad87b6e7f3b3ac773960c69b5882d1996"", ""Bug-Inducing Input is Simplified/Reduced in Size"": ""False"", ""Cannot Reproduce Locally"": ""False"", ""Closed Date"": ""2019-04-19"", ""Compiler Options/Command?"": ""True"", ""Compiler Version?"": ""False"", ""Created Date"": ""2019-04-10"", ""Developer Reported Difficult to Reproduce"": ""False"", ""Developer reported difficult to fix"": ""False"", ""Faulty WebAssembly Output?"": ""False"", ""ID"": ""55091.0"", ""Incorrect Result Output/ Ground Truth Known?"": ""False"", ""JS Code Snippet?"": ""False"", ""Root Cause Category"": ""Syscalls Dependent on Filesystem Library"", ""Root Cause Category 2"": ""1. Implicit Filesystem Dependency"", ""Runtime Environment?"": ""False"", ""Source Code Snippet?"": ""True"", ""Stack Trace?"": ""True"", ""Title"": ""undefined symbol: $FS"", ""URL"": ""https://github.com/emscripten-core/emscripten/issues/8421"", ""WebAssembly-Specific Paradigm"": ""Emulating Native Environment Features""}",data/raw_stage1/ase2021_an_empirical_study_of_bugs/qualitative_dataset.csv,,88
ase2021_an_empirical_study_of_bugs:3542ac0a1f93e18a,ase2021_an_empirical_study_of_bugs,webassembly_compilers,https://github.com/emscripten-core/emscripten/issues/3627,"Linking problem with new ""use all of musl"" fix with NO_FILESYSTEM=1",,,2015-07-16T00:00:00+00:00,2015-07-17T00:00:00+00:00,,Stack Trace?; Incorrect Result Output/ Ground Truth Known?,Pthread Dependent on Filesystem Library,Emulating Native Environment Features,1. Implicit Filesystem Dependency,,,,Export minimal filesystem dependencies,,"{""Bug Fix Category"": ""Export minimal filesystem dependencies"", ""Bug Fix Category 2"": ""2. Automatically Include Dependency"", ""Bug Fix Link"": ""https://github.com/emscripten-core/emscripten/commit/7b500b5178a36e7e3dc83aaaa2977d3ea8b35ea0"", ""Bug-Inducing Input is Simplified/Reduced in Size"": ""False"", ""Cannot Reproduce Locally"": ""False"", ""Closed Date"": ""2015-07-17"", ""Compiler Options/Command?"": ""True"", ""Compiler Version?"": ""False"", ""Created Date"": ""2015-07-16"", ""Developer Reported Difficult to Reproduce"": ""False"", ""Developer reported difficult to fix"": ""False"", ""Faulty WebAssembly Output?"": ""False"", ""ID"": ""59796.0"", ""Incorrect Result Output/ Ground Truth Known?"": ""True"", ""JS Code Snippet?"": ""False"", ""Root Cause Category"": ""Pthread Dependent on Filesystem Library"", ""Root Cause Category 2"": ""1. Implicit Filesystem Dependency"", ""Runtime Environment?"": ""False"", ""Source Code Snippet?"": ""True"", ""Stack Trace?"": ""True"", ""Title"": ""Linking problem with new \""use all of musl\"" fix with NO_FILESYSTEM=1"", ""URL"": ""https://github.com/emscripten-core/emscripten/issues/3627"", ""WebAssembly-Specific Paradigm"": ""Emulating Native Environment Features""}",data/raw_stage1/ase2021_an_empirical_study_of_bugs/qualitative_dataset.csv,,89
ase2021_an_empirical_study_of_bugs:aefff4bcfca96ca0,ase2021_an_empirical_study_of_bugs,webassembly_compilers,https://github.com/emscripten-core/emscripten/issues/4291,FS.createPreloadedFile throws Uncaught ReferenceError: Browser is not defined,,,2016-05-03T00:00:00+00:00,2019-09-06T00:00:00+00:00,,Stack Trace?,Filesystem Dependent on Browser Library,Emulating Native Environment Features,2. Implicit Dependency,,,,Provide Workaround,,"{""Bug Fix Category"": ""Provide Workaround"", ""Bug Fix Category 2"": ""2. Automatically Include Dependency"", ""Bug Fix Link"": ""https://github.com/moai/moai-dev/commit/48dc0057a66a56b55353a5917a4210c64fe217cd"", ""Bug-Inducing Input is Simplified/Reduced in Size"": ""False"", ""Cannot Reproduce Locally"": ""False"", ""Closed Date"": ""2019-09-06"", ""Compiler Options/Command?"": ""True"", ""Compiler Version?"": ""True"", ""Created Date"": ""2016-05-03"", ""Developer Reported Difficult to Reproduce"": ""False"", ""Developer reported difficult to fix"": ""False"", ""Faulty WebAssembly Output?"": ""False"", ""ID"": ""59136.0"", ""Incorrect Result Output/ Ground Truth Known?"": ""False"", ""JS Code Snippet?"": ""False"", ""Root Cause Category"": ""Filesystem Dependent on Browser Library"", ""Root Cause Category 2"": ""2. Implicit Dependency"", ""Runtime Environment?"": ""False"", ""Source Code Snippet?"": ""True"", ""Stack Trace?"": ""True"", ""Title"": ""FS.createPreloadedFile throws Uncaught ReferenceError: Browser is not defined"", ""URL"": ""https://github.com/emscripten-core/emscripten/issues/4291"", ""WebAssembly-Specific Paradigm"": ""Emulating Native Environment Features""}",data/raw_stage1/ase2021_an_empirical_study_of_bugs/qualitative_dataset.csv,,90
ase2021_an_empirical_study_of_bugs:a48f391186b734ec,ase2021_an_empirical_study_of_bugs,webassembly_compilers,https://github.com/emscripten-core/emscripten/issues/9627,Pthread assert on exit,,,2019-10-11T00:00:00+00:00,2019-10-12T00:00:00+00:00,,,Pthreads Terminate Incorrectly,Emulating Native Environment Features,3. Incorrect Thread Termination,,,,Return threads to pool instead of terminating immeditately,,"{""Bug Fix Category"": ""Return threads to pool instead of terminating immeditately"", ""Bug Fix Category 2"": ""3. Fix Thread Cleanup"", ""Bug Fix Link"": ""https://github.com/emscripten-core/emscripten/commit/1e33c7ef072abb100110270588c28e89c33cc1b9"", ""Bug-Inducing Input is Simplified/Reduced in Size"": ""False"", ""Cannot Reproduce Locally"": ""False"", ""Closed Date"": ""2019-10-12"", ""Compiler Options/Command?"": ""True"", ""Compiler Version?"": ""False"", ""Created Date"": ""2019-10-11"", ""Developer Reported Difficult to Reproduce"": ""False"", ""Developer reported difficult to fix"": ""False"", ""Faulty WebAssembly Output?"": ""False"", ""ID"": ""53885.0"", ""Incorrect Result Output/ Ground Truth Known?"": ""False"", ""JS Code Snippet?"": ""False"", ""Needs Additional User Action"": ""Exit App"", ""Root Cause Category"": ""Pthreads Terminate Incorrectly"", ""Root Cause Category 2"": ""3. Incorrect Thread Termination"", ""Runtime Environment?"": ""False"", ""Source Code Snippet?"": ""False"", ""Stack Trace?"": ""False"", ""Title"": ""Pthread assert on exit"", ""URL"": ""https://github.com/emscripten-core/emscripten/issues/9627"", ""WebAssembly-Specific Paradigm"": ""Emulating Native Environment Features""}",data/raw_stage1/ase2021_an_empirical_study_of_bugs/qualitative_dataset.csv,,91
ase2021_an_empirical_study_of_bugs:f32921e2244b8003,ase2021_an_empirical_study_of_bugs,webassembly_compilers,https://github.com/emscripten-core/emscripten/issues/4646,"1.36.12: error in mkdirTree, invalid argument",,,2016-10-20T00:00:00+00:00,2016-10-31T00:00:00+00:00,,Incorrect Result Output/ Ground Truth Known?; Cannot Reproduce Locally,Filesystem Relative Path Issue in Wget,Emulating Native Environment Features,4. Incorrect Path Handling,,,,Fix incorrect relative path resolution,,"{""Bug Fix Category"": ""Fix incorrect relative path resolution"", ""Bug Fix Category 2"": ""4. Fix File/Path Information Lookup"", ""Bug Fix Link"": ""https://github.com/emscripten-core/emscripten/pull/4649/files"", ""Bug-Inducing Input is Simplified/Reduced in Size"": ""False"", ""Cannot Reproduce Locally"": ""True"", ""Closed Date"": ""2016-10-31"", ""Compiler Options/Command?"": ""False"", ""Compiler Version?"": ""True"", ""Created Date"": ""2016-10-20"", ""Developer Reported Difficult to Reproduce"": ""False"", ""Developer reported difficult to fix"": ""False"", ""Faulty WebAssembly Output?"": ""False"", ""ID"": ""58782.0"", ""Incorrect Result Output/ Ground Truth Known?"": ""True"", ""JS Code Snippet?"": ""True"", ""Root Cause Category"": ""Filesystem Relative Path Issue in Wget"", ""Root Cause Category 2"": ""4. Incorrect Path Handling"", ""Runtime Environment?"": ""False"", ""Source Code Snippet?"": ""False"", ""Stack Trace?"": ""False"", ""Title"": ""1.36.12: error in mkdirTree, invalid argument"", ""URL"": ""https://github.com/emscripten-core/emscripten/issues/4646"", ""WebAssembly-Specific Paradigm"": ""Emulating Native Environment Features""}",data/raw_stage1/ase2021_an_empirical_study_of_bugs/qualitative_dataset.csv,,92
ase2021_an_empirical_study_of_bugs:d7ade98db4dd23b4,ase2021_an_empirical_study_of_bugs,webassembly_compilers,https://github.com/emscripten-core/emscripten/issues/3922,Filesystem accesses from pthreads are much slower than in the main thread.,,,2015-11-17T00:00:00+00:00,2015-11-17T00:00:00+00:00,,Incorrect Result Output/ Ground Truth Known?,Filesystem From Pthread Access Slow,Emulating Native Environment Features,5. Thread Scope Issue,,,,Decrease main thread futex wait time,,"{""Bug Fix Category"": ""Decrease main thread futex wait time"", ""Bug Fix Category 2"": ""5. Improve Main Thread Responsiveness"", ""Bug Fix Link"": ""https://github.com/emscripten-core/emscripten/pull/3923/files#diff-8ed8acb1e65231edaf765bee0755ea5d0f336fea304cf7e66a70e22918f966c5"", ""Bug-Inducing Input is Simplified/Reduced in Size"": ""False"", ""Cannot Reproduce Locally"": ""False"", ""Closed Date"": ""2015-11-17"", ""Compiler Options/Command?"": ""True"", ""Compiler Version?"": ""False"", ""Created Date"": ""2015-11-17"", ""Developer Reported Difficult to Reproduce"": ""False"", ""Developer reported difficult to fix"": ""True"", ""Faulty WebAssembly Output?"": ""False"", ""ID"": ""59502.0"", ""Incorrect Result Output/ Ground Truth Known?"": ""True"", ""JS Code Snippet?"": ""False"", ""Root Cause Category"": ""Filesystem From Pthread Access Slow"", ""Root Cause Category 2"": ""5. Thread Scope Issue"", ""Runtime Environment?"": ""False"", ""Source Code Snippet?"": ""True"", ""Stack Trace?"": ""False"", ""Title"": ""Filesystem accesses from pthreads are much slower than in the main thread."", ""URL"": ""https://github.com/emscripten-core/emscripten/issues/3922"", ""WebAssembly-Specific Paradigm"": ""Emulating Native Environment Features""}",data/raw_stage1/ase2021_an_empirical_study_of_bugs/qualitative_dataset.csv,,93
ase2021_an_empirical_study_of_bugs:9b10624817bba865,ase2021_an_empirical_study_of_bugs,webassembly_compilers,https://github.com/emscripten-core/emscripten/issues/10385,"error ""variable FS is undeclared"" in 1.39.7 with closure compiler, NO_FILESYSTEM",,,2020-02-07T00:00:00+00:00,2020-03-05T00:00:00+00:00,,Stack Trace?; Cannot Reproduce Locally,Syscalls Dependent on Filesystem Library,Emulating Native Environment Features,1. Implicit Filesystem Dependency,,,,Add compiler option to specify if syscalls require filesystem support,,"{""Bug Fix Category"": ""Add compiler option to specify if syscalls require filesystem support"", ""Bug Fix Category 2"": ""2. Automatically Include Dependency"", ""Bug Fix Link"": ""https://github.com/emscripten-core/emscripten/pull/10427/files"", ""Bug-Inducing Input is Simplified/Reduced in Size"": ""True"", ""Cannot Reproduce Locally"": ""True"", ""Closed Date"": ""2020-03-05"", ""Compiler Options/Command?"": ""True"", ""Compiler Version?"": ""True"", ""Created Date"": ""2020-02-07"", ""Developer Reported Difficult to Reproduce"": ""False"", ""Developer reported difficult to fix"": ""False"", ""Faulty WebAssembly Output?"": ""False"", ""ID"": ""53127.0"", ""Incorrect Result Output/ Ground Truth Known?"": ""False"", ""JS Code Snippet?"": ""True"", ""Root Cause Category"": ""Syscalls Dependent on Filesystem Library"", ""Root Cause Category 2"": ""1. Implicit Filesystem Dependency"", ""Runtime Environment?"": ""False"", ""Source Code Snippet?"": ""False"", ""Stack Trace?"": ""True"", ""Title"": ""error \""variable FS is undeclared\"" in 1.39.7 with closure compiler, NO_FILESYSTEM"", ""URL"": ""https://github.com/emscripten-core/emscripten/issues/10385"", ""WebAssembly-Specific Paradigm"": ""Emulating Native Environment Features""}",data/raw_stage1/ase2021_an_empirical_study_of_bugs/qualitative_dataset.csv,,94
ase2021_an_empirical_study_of_bugs:db4db558375e52e3,ase2021_an_empirical_study_of_bugs,webassembly_compilers,https://github.com/emscripten-core/emscripten/pull/9841,Fail with ENOSYS on unsupported socketcalls,,,2019-11-15T00:00:00+00:00,2019-11-18T00:00:00+00:00,,,Socket Abort Issue,Emulating Native Environment Features,6. Socket Limitations,,,,Throw useful error message instead,,"{""Bug Fix Category"": ""Throw useful error message instead"", ""Bug Fix Category 2"": ""6. Add Exception"", ""Bug Fix Link"": ""https://github.com/emscripten-core/emscripten/pull/9841/files"", ""Bug-Inducing Input is Simplified/Reduced in Size"": ""False"", ""Cannot Reproduce Locally"": ""False"", ""Closed Date"": ""2019-11-18"", ""Compiler Options/Command?"": ""False"", ""Compiler Version?"": ""False"", ""Created Date"": ""2019-11-15"", ""Developer Reported Difficult to Reproduce"": ""False"", ""Developer reported difficult to fix"": ""False"", ""Faulty WebAssembly Output?"": ""False"", ""ID"": ""53671.0"", ""Incorrect Result Output/ Ground Truth Known?"": ""False"", ""JS Code Snippet?"": ""True"", ""Root Cause Category"": ""Socket Abort Issue"", ""Root Cause Category 2"": ""6. Socket Limitations"", ""Runtime Environment?"": ""False"", ""Source Code Snippet?"": ""True"", ""Stack Trace?"": ""False"", ""Title"": ""Fail with ENOSYS on unsupported socketcalls"", ""URL"": ""https://github.com/emscripten-core/emscripten/pull/9841"", ""WebAssembly-Specific Paradigm"": ""Emulating Native Environment Features""}",data/raw_stage1/ase2021_an_empirical_study_of_bugs/qualitative_dataset.csv,,95
ase2021_an_empirical_study_of_bugs:d60ab95dd067755f,ase2021_an_empirical_study_of_bugs,webassembly_compilers,https://github.com/emscripten-core/emscripten/issues/9759,Performing C SOURCE FILE Test CMAKE_HAVE_LIBC_PTHREAD failed with the following output:,,,2019-11-01T00:00:00+00:00,2019-11-04T00:00:00+00:00,,Stack Trace?; Incorrect Result Output/ Ground Truth Known?,Pthread Missing Function Definition,Emulating Native Environment Features,7. Incomplete Library API Set,,,,Add missing function definitions as stubs,,"{""Bug Fix Category"": ""Add missing function definitions as stubs"", ""Bug Fix Category 2"": ""7. Add Missing Function"", ""Bug Fix Link"": ""https://github.com/emscripten-core/emscripten/commit/07133efd1f38300aa2cc0af3a8ce72a1ded57b06"", ""Bug-Inducing Input is Simplified/Reduced in Size"": ""False"", ""Cannot Reproduce Locally"": ""False"", ""Closed Date"": ""2019-11-04"", ""Compiler Options/Command?"": ""True"", ""Compiler Version?"": ""False"", ""Created Date"": ""2019-11-01"", ""Developer Reported Difficult to Reproduce"": ""False"", ""Developer reported difficult to fix"": ""False"", ""Faulty WebAssembly Output?"": ""False"", ""ID"": ""53753.0"", ""Incorrect Result Output/ Ground Truth Known?"": ""True"", ""JS Code Snippet?"": ""False"", ""Root Cause Category"": ""Pthread Missing Function Definition"", ""Root Cause Category 2"": ""7. Incomplete Library API Set"", ""Runtime Environment?"": ""True"", ""Source Code Snippet?"": ""False"", ""Stack Trace?"": ""True"", ""Title"": ""Performing C SOURCE FILE Test CMAKE_HAVE_LIBC_PTHREAD failed with the following output:"", ""URL"": ""https://github.com/emscripten-core/emscripten/issues/9759"", ""WebAssembly-Specific Paradigm"": ""Emulating Native Environment Features""}",data/raw_stage1/ase2021_an_empirical_study_of_bugs/qualitative_dataset.csv,,96
ase2021_an_empirical_study_of_bugs:05e367242921f937,ase2021_an_empirical_study_of_bugs,webassembly_compilers,https://github.com/emscripten-core/emscripten/issues/9091,worker.js: onmessage() captured an uncaught exception: ReferenceError: __register_pthread_ptr is not defined,,,2019-07-26T00:00:00+00:00,2020-02-25T00:00:00+00:00,,Stack Trace?; Cannot Reproduce Locally,Pthreads Custom Export Name Issue,Emulating Native Environment Features,5. Thread Scope Issue,,,,Define custom name variable in worker scope,,"{""Bug Fix Category"": ""Define custom name variable in worker scope"", ""Bug Fix Category 2"": ""8. Define Variables in Thread Scope"", ""Bug Fix Link"": ""https://github.com/emscripten-core/emscripten/pull/10449/files"", ""Bug-Inducing Input is Simplified/Reduced in Size"": ""True"", ""Cannot Reproduce Locally"": ""True"", ""Closed Date"": ""2020-02-25"", ""Compiler Options/Command?"": ""True"", ""Compiler Version?"": ""False"", ""Created Date"": ""2019-07-26"", ""Developer Reported Difficult to Reproduce"": ""False"", ""Developer reported difficult to fix"": ""False"", ""Faulty WebAssembly Output?"": ""False"", ""ID"": ""54421.0"", ""Incorrect Result Output/ Ground Truth Known?"": ""False"", ""JS Code Snippet?"": ""True"", ""Root Cause Category"": ""Pthreads Custom Export Name Issue"", ""Root Cause Category 2"": ""5. Thread Scope Issue"", ""Runtime Environment?"": ""True"", ""Source Code Snippet?"": ""False"", ""Stack Trace?"": ""True"", ""Title"": ""worker.js: onmessage() captured an uncaught exception: ReferenceError: __register_pthread_ptr is not defined"", ""URL"": ""https://github.com/emscripten-core/emscripten/issues/9091"", ""WebAssembly-Specific Paradigm"": ""Emulating Native Environment Features""}",data/raw_stage1/ase2021_an_empirical_study_of_bugs/qualitative_dataset.csv,,97
ase2021_an_empirical_study_of_bugs:d7cd03e2dc130c26,ase2021_an_empirical_study_of_bugs,webassembly_compilers,https://github.com/emscripten-core/emscripten/issues/8718,Remaining test failures with wasm-backend pthreads,,,2019-05-31T00:00:00+00:00,2019-06-22T00:00:00+00:00,,,Pthreads Incorrect Stack Layout Issue,Emulating Native Environment Features,10. Thread Memory Layout Issue,,,,Fix stack layout in pthread,,"{""Bug Fix Category"": ""Fix stack layout in pthread"", ""Bug Fix Category 2"": ""9. Fix Thread Memory Layout Assumptions"", ""Bug Fix Link"": ""https://github.com/emscripten-core/emscripten/pull/8842/files"", ""Bug-Inducing Input is Simplified/Reduced in Size"": ""False"", ""Cannot Reproduce Locally"": ""False"", ""Closed Date"": ""2019-06-22"", ""Compiler Options/Command?"": ""False"", ""Compiler Version?"": ""False"", ""Created Date"": ""2019-05-31"", ""Developer Reported Difficult to Reproduce"": ""False"", ""Developer reported difficult to fix"": ""True"", ""Faulty WebAssembly Output?"": ""False"", ""ID"": ""54794.0"", ""Incorrect Result Output/ Ground Truth Known?"": ""False"", ""JS Code Snippet?"": ""False"", ""Root Cause Category"": ""Pthreads Incorrect Stack Layout Issue"", ""Root Cause Category 2"": ""10. Thread Memory Layout Issue"", ""Runtime Environment?"": ""True"", ""Source Code Snippet?"": ""False"", ""Stack Trace?"": ""False"", ""Title"": ""Remaining test failures with wasm-backend pthreads"", ""URL"": ""https://github.com/emscripten-core/emscripten/issues/8718"", ""WebAssembly-Specific Paradigm"": ""Emulating Native Environment Features""}",data/raw_stage1/ase2021_an_empirical_study_of_bugs/qualitative_dataset.csv,,98
ase2021_an_empirical_study_of_bugs:56dfa3a866354529,ase2021_an_empirical_study_of_bugs,webassembly_compilers,https://github.com/emscripten-core/emscripten/pull/8185,Delegate canvas operations to main thread,,,2019-02-26T00:00:00+00:00,2019-03-08T00:00:00+00:00,,Stack Trace?,Pthread HTML5 Canvas Issue,Emulating Native Environment Features,5. Thread Scope Issue,,,,Perform canvas operations on main thread instead of worker,,"{""Bug Fix Category"": ""Perform canvas operations on main thread instead of worker"", ""Bug Fix Category 2"": ""10. Delegate Thread Operation to Main Thread"", ""Bug Fix Link"": ""https://github.com/emscripten-core/emscripten/pull/8185/files"", ""Bug-Inducing Input is Simplified/Reduced in Size"": ""False"", ""Cannot Reproduce Locally"": ""False"", ""Closed Date"": ""2019-03-08"", ""Compiler Options/Command?"": ""False"", ""Compiler Version?"": ""False"", ""Created Date"": ""2019-02-26"", ""Developer Reported Difficult to Reproduce"": ""False"", ""Developer reported difficult to fix"": ""False"", ""Faulty WebAssembly Output?"": ""False"", ""ID"": ""55327.0"", ""Incorrect Result Output/ Ground Truth Known?"": ""False"", ""JS Code Snippet?"": ""False"", ""Root Cause Category"": ""Pthread HTML5 Canvas Issue"", ""Root Cause Category 2"": ""5. Thread Scope Issue"", ""Runtime Environment?"": ""False"", ""Source Code Snippet?"": ""False"", ""Stack Trace?"": ""True"", ""Title"": ""Delegate canvas operations to main thread"", ""URL"": ""https://github.com/emscripten-core/emscripten/pull/8185"", ""WebAssembly-Specific Paradigm"": ""Emulating Native Environment Features""}",data/raw_stage1/ase2021_an_empirical_study_of_bugs/qualitative_dataset.csv,,99
ase2021_an_empirical_study_of_bugs:0013e2c177ac3a6c,ase2021_an_empirical_study_of_bugs,webassembly_compilers,https://github.com/emscripten-core/emscripten/issues/5237,native filesystem is not accessible without mounting on node.js,,,2017-05-23T00:00:00+00:00,2020-03-04T00:00:00+00:00,,,Filesystem NODEFS Issue,Emulating Native Environment Features,4. Incorrect Path Handling,,,,Add compiler flag to enable NODEFS,,"{""Bug Fix Category"": ""Add compiler flag to enable NODEFS"", ""Bug Fix Category 2"": ""11. Add FS Compiler Flag"", ""Bug Fix Link"": ""https://github.com/emscripten-core/emscripten/issues/5237#issuecomment-462856839"", ""Bug-Inducing Input is Simplified/Reduced in Size"": ""False"", ""Cannot Reproduce Locally"": ""False"", ""Closed Date"": ""2020-03-04"", ""Compiler Options/Command?"": ""True"", ""Compiler Version?"": ""True"", ""Created Date"": ""2017-05-23"", ""Developer Reported Difficult to Reproduce"": ""False"", ""Developer reported difficult to fix"": ""False"", ""Faulty WebAssembly Output?"": ""False"", ""ID"": ""58192.0"", ""Incorrect Result Output/ Ground Truth Known?"": ""False"", ""JS Code Snippet?"": ""False"", ""Root Cause Category"": ""Filesystem NODEFS Issue"", ""Root Cause Category 2"": ""4. Incorrect Path Handling"", ""Runtime Environment?"": ""True"", ""Source Code Snippet?"": ""True"", ""Stack Trace?"": ""False"", ""Title"": ""native filesystem is not accessible without mounting on node.js"", ""URL"": ""https://github.com/emscripten-core/emscripten/issues/5237"", ""WebAssembly-Specific Paradigm"": ""Emulating Native Environment Features""}",data/raw_stage1/ase2021_an_empirical_study_of_bugs/qualitative_dataset.csv,,100
ase2021_an_empirical_study_of_bugs:4122407f6bd42b63,ase2021_an_empirical_study_of_bugs,webassembly_compilers,https://github.com/emscripten-core/emscripten/issues/4375,EXTRA_EXPORTED_RUNTIME_METHODS not considered for functions exported from library_fs.js,,,2016-06-01T00:00:00+00:00,2018-01-22T00:00:00+00:00,,,Filesystem Export Issue,Emulating Native Environment Features,12. Library Cannot Export,,,,Add support for FS library in compiler export flag,,"{""Bug Fix Category"": ""Add support for FS library in compiler export flag"", ""Bug Fix Category 2"": ""2. Automatically Include Dependency"", ""Bug Fix Link"": ""https://github.com/emscripten-core/emscripten/pull/5023/files"", ""Bug-Inducing Input is Simplified/Reduced in Size"": ""False"", ""Cannot Reproduce Locally"": ""False"", ""Closed Date"": ""2018-01-22"", ""Compiler Options/Command?"": ""False"", ""Compiler Version?"": ""False"", ""Created Date"": ""2016-06-01"", ""Developer Reported Difficult to Reproduce"": ""False"", ""Developer reported difficult to fix"": ""False"", ""Faulty WebAssembly Output?"": ""False"", ""ID"": ""59052.0"", ""Incorrect Result Output/ Ground Truth Known?"": ""False"", ""JS Code Snippet?"": ""True"", ""Root Cause Category"": ""Filesystem Export Issue"", ""Root Cause Category 2"": ""12. Library Cannot Export"", ""Runtime Environment?"": ""False"", ""Source Code Snippet?"": ""False"", ""Stack Trace?"": ""False"", ""Title"": ""EXTRA_EXPORTED_RUNTIME_METHODS not considered for functions exported from library_fs.js"", ""URL"": ""https://github.com/emscripten-core/emscripten/issues/4375"", ""WebAssembly-Specific Paradigm"": ""Emulating Native Environment Features""}",data/raw_stage1/ase2021_an_empirical_study_of_bugs/qualitative_dataset.csv,,101
ase2021_an_empirical_study_of_bugs:a94a420c1c688e14,ase2021_an_empirical_study_of_bugs,webassembly_compilers,https://github.com/emscripten-core/emscripten/issues/4254,WORKERFS created nodes cannot be found in FS.nameTable,,,2016-04-19T00:00:00+00:00,2019-09-06T00:00:00+00:00,,Incorrect Result Output/ Ground Truth Known?,Filesystem WORKERFS Lookup Issue,Emulating Native Environment Features,4. Incorrect Path Handling,,,,Fix incorrect path names added to Fs.nameTable when created,,"{""Bug Fix Category"": ""Fix incorrect path names added to Fs.nameTable when created"", ""Bug Fix Category 2"": ""4. Fix File/Path Information Lookup"", ""Bug Fix Link"": ""https://github.com/emscripten-core/emscripten/pull/4274/files"", ""Bug-Inducing Input is Simplified/Reduced in Size"": ""False"", ""Cannot Reproduce Locally"": ""False"", ""Closed Date"": ""2019-09-06"", ""Compiler Options/Command?"": ""False"", ""Compiler Version?"": ""False"", ""Created Date"": ""2016-04-19"", ""Developer Reported Difficult to Reproduce"": ""False"", ""Developer reported difficult to fix"": ""False"", ""Faulty WebAssembly Output?"": ""False"", ""ID"": ""59173.0"", ""Incorrect Result Output/ Ground Truth Known?"": ""True"", ""JS Code Snippet?"": ""True"", ""Root Cause Category"": ""Filesystem WORKERFS Lookup Issue"", ""Root Cause Category 2"": ""4. Incorrect Path Handling"", ""Runtime Environment?"": ""False"", ""Source Code Snippet?"": ""False"", ""Stack Trace?"": ""False"", ""Title"": ""WORKERFS created nodes cannot be found in FS.nameTable"", ""URL"": ""https://github.com/emscripten-core/emscripten/issues/4254"", ""WebAssembly-Specific Paradigm"": ""Emulating Native Environment Features""}",data/raw_stage1/ase2021_an_empirical_study_of_bugs/qualitative_dataset.csv,,102
ase2021_an_empirical_study_of_bugs:3025565e576f4864,ase2021_an_empirical_study_of_bugs,webassembly_compilers,https://github.com/emscripten-core/emscripten/issues/3837,Gzip and Lazy Filesystem,,,2015-10-07T00:00:00+00:00,2015-12-23T00:00:00+00:00,,,Filesystem GZip Truncating Issue,Emulating Native Environment Features,13. Filesystem Data Truncation,,,,Download full file and report real length when webserver Gzips files,,"{""Bug Fix Category"": ""Download full file and report real length when webserver Gzips files"", ""Bug Fix Category 2"": ""4. Fix File/Path Information Lookup"", ""Bug Fix Link"": ""https://github.com/fzimmermann89/emscripten/commit/89b3661ff6427132c4fcfe55f7689af9ae85fcb2"", ""Bug-Inducing Input is Simplified/Reduced in Size"": ""False"", ""Cannot Reproduce Locally"": ""False"", ""Closed Date"": ""2015-12-23"", ""Compiler Options/Command?"": ""False"", ""Compiler Version?"": ""False"", ""Created Date"": ""2015-10-07"", ""Developer Reported Difficult to Reproduce"": ""False"", ""Developer reported difficult to fix"": ""False"", ""Faulty WebAssembly Output?"": ""False"", ""ID"": ""59586.0"", ""Incorrect Result Output/ Ground Truth Known?"": ""False"", ""JS Code Snippet?"": ""True"", ""Root Cause Category"": ""Filesystem GZip Truncating Issue"", ""Root Cause Category 2"": ""13. Filesystem Data Truncation"", ""Runtime Environment?"": ""False"", ""Source Code Snippet?"": ""False"", ""Stack Trace?"": ""False"", ""Title"": ""Gzip and Lazy Filesystem"", ""URL"": ""https://github.com/emscripten-core/emscripten/issues/3837"", ""WebAssembly-Specific Paradigm"": ""Emulating Native Environment Features""}",data/raw_stage1/ase2021_an_empirical_study_of_bugs/qualitative_dataset.csv,,103
ase2021_an_empirical_study_of_bugs:02c5c09905622c39,ase2021_an_empirical_study_of_bugs,webassembly_compilers,https://github.com/emscripten-core/emscripten/issues/7448,`-s MODULARIZE=1` does not work with pthreads,,,2018-11-03T00:00:00+00:00,2019-06-24T00:00:00+00:00,,Stack Trace?; Incorrect Result Output/ Ground Truth Known?,Pthreads MODULARIZE Issue,Emulating Native Environment Features,5. Thread Scope Issue,,,,Fix pthread variables to work with MODULARIZE scope change,,"{""Bug Fix Category"": ""Fix pthread variables to work with MODULARIZE scope change"", ""Bug Fix Category 2"": ""8. Define Variables in Thread Scope"", ""Bug Fix Link"": ""https://github.com/emscripten-core/emscripten/pull/7667/files"", ""Bug-Inducing Input is Simplified/Reduced in Size"": ""False"", ""Cannot Reproduce Locally"": ""False"", ""Closed Date"": ""2019-06-24"", ""Compiler Options/Command?"": ""True"", ""Compiler Version?"": ""False"", ""Created Date"": ""2018-11-03"", ""Developer Reported Difficult to Reproduce"": ""False"", ""Developer reported difficult to fix"": ""False"", ""Faulty WebAssembly Output?"": ""False"", ""ID"": ""56013.0"", ""Incorrect Result Output/ Ground Truth Known?"": ""True"", ""JS Code Snippet?"": ""False"", ""Root Cause Category"": ""Pthreads MODULARIZE Issue"", ""Root Cause Category 2"": ""5. Thread Scope Issue"", ""Runtime Environment?"": ""False"", ""Source Code Snippet?"": ""False"", ""Stack Trace?"": ""True"", ""Title"": ""`-s MODULARIZE=1` does not work with pthreads"", ""URL"": ""https://github.com/emscripten-core/emscripten/issues/7448"", ""WebAssembly-Specific Paradigm"": ""Emulating Native Environment Features""}",data/raw_stage1/ase2021_an_empirical_study_of_bugs/qualitative_dataset.csv,,104
ase2021_an_empirical_study_of_bugs:7fd9dc15947a1024,ase2021_an_empirical_study_of_bugs,webassembly_compilers,https://github.com/emscripten-core/emscripten/issues/4578,pthread-main.js: FS is not defined,,,2016-09-23T00:00:00+00:00,2016-09-23T00:00:00+00:00,,,Pthread Dependent on Filesystem Library,Emulating Native Environment Features,1. Implicit Filesystem Dependency,,,,Add null check on FS object before accessing,,"{""Bug Fix Category"": ""Add null check on FS object before accessing"", ""Bug Fix Category 2"": ""1. Remove Dependency"", ""Bug Fix Link"": ""https://github.com/emscripten-core/emscripten/pull/4579/files"", ""Bug-Inducing Input is Simplified/Reduced in Size"": ""False"", ""Cannot Reproduce Locally"": ""False"", ""Closed Date"": ""2016-09-23"", ""Compiler Options/Command?"": ""False"", ""Compiler Version?"": ""False"", ""Created Date"": ""2016-09-23"", ""Developer Reported Difficult to Reproduce"": ""False"", ""Developer reported difficult to fix"": ""False"", ""Faulty WebAssembly Output?"": ""False"", ""ID"": ""58850.0"", ""Incorrect Result Output/ Ground Truth Known?"": ""False"", ""JS Code Snippet?"": ""True"", ""Root Cause Category"": ""Pthread Dependent on Filesystem Library"", ""Root Cause Category 2"": ""1. Implicit Filesystem Dependency"", ""Runtime Environment?"": ""False"", ""Source Code Snippet?"": ""False"", ""Stack Trace?"": ""False"", ""Title"": ""pthread-main.js: FS is not defined"", ""URL"": ""https://github.com/emscripten-core/emscripten/issues/4578"", ""WebAssembly-Specific Paradigm"": ""Emulating Native Environment Features""}",data/raw_stage1/ase2021_an_empirical_study_of_bugs/qualitative_dataset.csv,,105
ase2021_an_empirical_study_of_bugs:0ca5d276cbd6898d,ase2021_an_empirical_study_of_bugs,webassembly_compilers,https://github.com/emscripten-core/emscripten/issues/6826,Call global-scope-js-function from threads,,,2018-07-09T00:00:00+00:00,2018-12-14T00:00:00+00:00,,,Pthreads Global Scope Function Call Issue,Emulating Native Environment Features,5. Thread Scope Issue,,,,Use workaround,,"{""Bug Fix Category"": ""Use workaround"", ""Bug Fix Category 2"": ""8. Define Variables in Thread Scope"", ""Bug Fix Link"": ""https://github.com/emscripten-core/emscripten/issues/6826#issuecomment-447285524"", ""Bug-Inducing Input is Simplified/Reduced in Size"": ""False"", ""Cannot Reproduce Locally"": ""False"", ""Closed Date"": ""2018-12-14"", ""Compiler Options/Command?"": ""False"", ""Compiler Version?"": ""False"", ""Created Date"": ""2018-07-09"", ""Developer Reported Difficult to Reproduce"": ""False"", ""Developer reported difficult to fix"": ""False"", ""Faulty WebAssembly Output?"": ""False"", ""ID"": ""56603.0"", ""Incorrect Result Output/ Ground Truth Known?"": ""False"", ""JS Code Snippet?"": ""False"", ""Root Cause Category"": ""Pthreads Global Scope Function Call Issue"", ""Root Cause Category 2"": ""5. Thread Scope Issue"", ""Runtime Environment?"": ""False"", ""Source Code Snippet?"": ""True"", ""Stack Trace?"": ""False"", ""Title"": ""Call global-scope-js-function from threads"", ""URL"": ""https://github.com/emscripten-core/emscripten/issues/6826"", ""WebAssembly-Specific Paradigm"": ""Emulating Native Environment Features""}",data/raw_stage1/ase2021_an_empirical_study_of_bugs/qualitative_dataset.csv,,106
ase2021_an_empirical_study_of_bugs:d77aa97dd94419d1,ase2021_an_empirical_study_of_bugs,webassembly_compilers,https://github.com/emscripten-core/emscripten/issues/7417,getaddrinfo and other blacklisted functions in EmScripten,,,2018-10-31T00:00:00+00:00,2018-11-01T00:00:00+00:00,,Incorrect Result Output/ Ground Truth Known?,Socket Host Resolution Unsupported,Emulating Native Environment Features,6. Socket Limitations,,,,Document in Code,,"{""Bug Fix Category"": ""Document in Code"", ""Bug Fix Category 2"": ""12. Add Documentation"", ""Bug Fix Link"": ""https://github.com/emscripten-core/emscripten/commit/86ee826d0f8c6d330b587d8eb1f23566f879ccc4"", ""Bug-Inducing Input is Simplified/Reduced in Size"": ""False"", ""Cannot Reproduce Locally"": ""False"", ""Closed Date"": ""2018-11-01"", ""Compiler Options/Command?"": ""False"", ""Compiler Version?"": ""True"", ""Created Date"": ""2018-10-31"", ""Developer Reported Difficult to Reproduce"": ""False"", ""Developer reported difficult to fix"": ""False"", ""Faulty WebAssembly Output?"": ""False"", ""ID"": ""56044.0"", ""Incorrect Result Output/ Ground Truth Known?"": ""True"", ""JS Code Snippet?"": ""False"", ""Root Cause Category"": ""Socket Host Resolution Unsupported"", ""Root Cause Category 2"": ""6. Socket Limitations"", ""Runtime Environment?"": ""False"", ""Source Code Snippet?"": ""True"", ""Stack Trace?"": ""False"", ""Title"": ""getaddrinfo and other blacklisted functions in EmScripten"", ""URL"": ""https://github.com/emscripten-core/emscripten/issues/7417"", ""WebAssembly-Specific Paradigm"": ""Emulating Native Environment Features""}",data/raw_stage1/ase2021_an_empirical_study_of_bugs/qualitative_dataset.csv,,107
ase2021_an_empirical_study_of_bugs:9b959c2b5230be08,ase2021_an_empirical_study_of_bugs,webassembly_compilers,https://github.com/emscripten-core/emscripten/issues/4761,unresolved symbol at link time from library code,,,2016-11-30T00:00:00+00:00,2016-12-01T00:00:00+00:00,,Stack Trace?; Incorrect Result Output/ Ground Truth Known?,Socket Function Missing Dependency,Emulating Native Environment Features,2. Implicit Dependency,,,,Add missing htons dependency,,"{""Bug Fix Category"": ""Add missing htons dependency"", ""Bug Fix Category 2"": ""2. Automatically Include Dependency"", ""Bug Fix Link"": ""https://github.com/emscripten-core/emscripten/pull/4762/files"", ""Bug-Inducing Input is Simplified/Reduced in Size"": ""False"", ""Cannot Reproduce Locally"": ""False"", ""Closed Date"": ""2016-12-01"", ""Compiler Options/Command?"": ""False"", ""Compiler Version?"": ""False"", ""Created Date"": ""2016-11-30"", ""Developer Reported Difficult to Reproduce"": ""False"", ""Developer reported difficult to fix"": ""False"", ""Faulty WebAssembly Output?"": ""False"", ""ID"": ""58668.0"", ""Incorrect Result Output/ Ground Truth Known?"": ""True"", ""JS Code Snippet?"": ""False"", ""Root Cause Category"": ""Socket Function Missing Dependency"", ""Root Cause Category 2"": ""2. Implicit Dependency"", ""Runtime Environment?"": ""False"", ""Source Code Snippet?"": ""True"", ""Stack Trace?"": ""True"", ""Title"": ""unresolved symbol at link time from library code"", ""URL"": ""https://github.com/emscripten-core/emscripten/issues/4761"", ""WebAssembly-Specific Paradigm"": ""Emulating Native Environment Features""}",data/raw_stage1/ase2021_an_empirical_study_of_bugs/qualitative_dataset.csv,,108
ase2021_an_empirical_study_of_bugs:4b71bbd6941505f6,ase2021_an_empirical_study_of_bugs,webassembly_compilers,https://github.com/emscripten-core/emscripten/issues/3721,std::thread error on exit,,,2015-08-27T00:00:00+00:00,2019-05-20T00:00:00+00:00,,,Pthreads Terminate Incorrectly,Emulating Native Environment Features,3. Incorrect Thread Termination,,,,Use workaround,,"{""Bug Fix Category"": ""Use workaround"", ""Bug Fix Category 2"": ""3. Fix Thread Cleanup"", ""Bug Fix Link"": ""https://github.com/pancx/ORB_SLAM2/commit/49b893f1804d18a42d6ee0ea039fbd623ea6a85a"", ""Bug-Inducing Input is Simplified/Reduced in Size"": ""False"", ""Cannot Reproduce Locally"": ""False"", ""Closed Date"": ""2019-05-20"", ""Compiler Options/Command?"": ""True"", ""Compiler Version?"": ""False"", ""Created Date"": ""2015-08-27"", ""Developer Reported Difficult to Reproduce"": ""False"", ""Developer reported difficult to fix"": ""False"", ""Faulty WebAssembly Output?"": ""False"", ""ID"": ""59702.0"", ""Incorrect Result Output/ Ground Truth Known?"": ""False"", ""JS Code Snippet?"": ""False"", ""Root Cause Category"": ""Pthreads Terminate Incorrectly"", ""Root Cause Category 2"": ""3. Incorrect Thread Termination"", ""Runtime Environment?"": ""False"", ""Source Code Snippet?"": ""True"", ""Stack Trace?"": ""False"", ""Title"": ""std::thread error on exit"", ""URL"": ""https://github.com/emscripten-core/emscripten/issues/3721"", ""WebAssembly-Specific Paradigm"": ""Emulating Native Environment Features""}",data/raw_stage1/ase2021_an_empirical_study_of_bugs/qualitative_dataset.csv,,109
ase2021_an_empirical_study_of_bugs:6a8a0426d834547e,ase2021_an_empirical_study_of_bugs,webassembly_compilers,https://github.com/emscripten-core/emscripten/issues/4514,WebGL 2 GL errors,,,2016-08-26T00:00:00+00:00,2016-09-02T00:00:00+00:00,,Incorrect Result Output/ Ground Truth Known?,WebGL Missing Extensions Issue,Supporting WebAPIs,1. OpenGL/WebGL Inconsistent Implementation,,,,Add missing WebGL extensions,,"{""Bug Fix Category"": ""Add missing WebGL extensions"", ""Bug Fix Category 2"": ""1. Add Missing WebGL Extensions"", ""Bug Fix Link"": ""https://github.com/emscripten-core/emscripten/commit/0cdefa6d9ac98688bb0512c47b676a7569bdc5c6"", ""Bug-Inducing Input is Simplified/Reduced in Size"": ""False"", ""Cannot Reproduce Locally"": ""False"", ""Closed Date"": ""2016-09-02"", ""Compiler Options/Command?"": ""False"", ""Compiler Version?"": ""False"", ""Created Date"": ""2016-08-26"", ""Developer Reported Difficult to Reproduce"": ""False"", ""Developer reported difficult to fix"": ""False"", ""Faulty WebAssembly Output?"": ""False"", ""ID"": ""58914.0"", ""Incorrect Result Output/ Ground Truth Known?"": ""True"", ""JS Code Snippet?"": ""False"", ""Root Cause Category"": ""WebGL Missing Extensions Issue"", ""Root Cause Category 2"": ""1. OpenGL/WebGL Inconsistent Implementation"", ""Runtime Environment?"": ""False"", ""Source Code Snippet?"": ""True"", ""Stack Trace?"": ""False"", ""Title"": ""WebGL 2 GL errors"", ""URL"": ""https://github.com/emscripten-core/emscripten/issues/4514"", ""WebAssembly-Specific Paradigm"": ""Supporting WebAPIs""}",data/raw_stage1/ase2021_an_empirical_study_of_bugs/qualitative_dataset.csv,,110
ase2021_an_empirical_study_of_bugs:03ba484ee6e7dd61,ase2021_an_empirical_study_of_bugs,webassembly_compilers,https://github.com/emscripten-core/emscripten/issues/4214,Problem with converting the OpenGL glDrawElements function to WebGL in emscripten,,,2016-03-31T00:00:00+00:00,2019-09-26T00:00:00+00:00,,Incorrect Result Output/ Ground Truth Known?,OpenGL glDrawElements WebGL Implementation Issue,Supporting WebAPIs,1. OpenGL/WebGL Inconsistent Implementation,,,,Properly calculate vertices in glDrawElements,,"{""Bug Fix Category"": ""Properly calculate vertices in glDrawElements"", ""Bug Fix Category 2"": ""2. Fix Incorrect WebGL Calculation"", ""Bug Fix Link"": ""https://github.com/emscripten-core/emscripten/commit/a4fcb6b005dc0efc952409b14798bcb9f52fbf14"", ""Bug-Inducing Input is Simplified/Reduced in Size"": ""False"", ""Cannot Reproduce Locally"": ""False"", ""Closed Date"": ""2019-09-26"", ""Compiler Options/Command?"": ""False"", ""Compiler Version?"": ""False"", ""Created Date"": ""2016-03-31"", ""Developer Reported Difficult to Reproduce"": ""False"", ""Developer reported difficult to fix"": ""True"", ""Faulty WebAssembly Output?"": ""False"", ""ID"": ""59213.0"", ""Incorrect Result Output/ Ground Truth Known?"": ""True"", ""JS Code Snippet?"": ""True"", ""Root Cause Category"": ""OpenGL glDrawElements WebGL Implementation Issue"", ""Root Cause Category 2"": ""1. OpenGL/WebGL Inconsistent Implementation"", ""Runtime Environment?"": ""False"", ""Source Code Snippet?"": ""True"", ""Stack Trace?"": ""False"", ""Title"": ""Problem with converting the OpenGL glDrawElements function to WebGL in emscripten"", ""URL"": ""https://github.com/emscripten-core/emscripten/issues/4214"", ""WebAssembly-Specific Paradigm"": ""Supporting WebAPIs""}",data/raw_stage1/ase2021_an_empirical_study_of_bugs/qualitative_dataset.csv,,111
ase2021_an_empirical_study_of_bugs:7e95c73ae5562c73,ase2021_an_empirical_study_of_bugs,webassembly_compilers,https://github.com/emscripten-core/emscripten/pull/6386,fix glGetFramebufferAttachmentParameteriv() when it returns a GL object name,,,2018-03-28T00:00:00+00:00,2018-04-05T00:00:00+00:00,,,WebGL Object Type Issue,Supporting WebAPIs,1. OpenGL/WebGL Inconsistent Implementation,,,,Handle different possible return types in getFramebufferAttachmentParameter(),,"{""Bug Fix Category"": ""Handle different possible return types in getFramebufferAttachmentParameter()"", ""Bug Fix Category 2"": ""3. Add Type Check"", ""Bug Fix Link"": ""https://github.com/emscripten-core/emscripten/pull/6386/files"", ""Bug-Inducing Input is Simplified/Reduced in Size"": ""False"", ""Cannot Reproduce Locally"": ""False"", ""Closed Date"": ""2018-04-05"", ""Compiler Options/Command?"": ""False"", ""Compiler Version?"": ""False"", ""Created Date"": ""2018-03-28"", ""Developer Reported Difficult to Reproduce"": ""False"", ""Developer reported difficult to fix"": ""False"", ""Faulty WebAssembly Output?"": ""False"", ""ID"": ""57043.0"", ""Incorrect Result Output/ Ground Truth Known?"": ""False"", ""JS Code Snippet?"": ""False"", ""Root Cause Category"": ""WebGL Object Type Issue"", ""Root Cause Category 2"": ""1. OpenGL/WebGL Inconsistent Implementation"", ""Runtime Environment?"": ""False"", ""Source Code Snippet?"": ""True"", ""Stack Trace?"": ""False"", ""Title"": ""fix glGetFramebufferAttachmentParameteriv() when it returns a GL object name"", ""URL"": ""https://github.com/emscripten-core/emscripten/pull/6386"", ""WebAssembly-Specific Paradigm"": ""Supporting WebAPIs""}",data/raw_stage1/ase2021_an_empirical_study_of_bugs/qualitative_dataset.csv,,112
ase2021_an_empirical_study_of_bugs:01f340babab1e93d,ase2021_an_empirical_study_of_bugs,webassembly_compilers,https://github.com/emscripten-core/emscripten/issues/5747,GLFW unable to call WebGL 2 functions,,,2017-11-07T00:00:00+00:00,2019-09-26T00:00:00+00:00,,Stack Trace?,OpenGL Missing Function Aliases,Supporting WebAPIs,1. OpenGL/WebGL Inconsistent Implementation,,,,Add missing functions to emscripten_GetProcAddress,,"{""Bug Fix Category"": ""Add missing functions to emscripten_GetProcAddress"", ""Bug Fix Category 2"": ""1. Add Missing WebGL Extensions"", ""Bug Fix Link"": ""https://github.com/emscripten-core/emscripten/pull/6629/files"", ""Bug-Inducing Input is Simplified/Reduced in Size"": ""False"", ""Cannot Reproduce Locally"": ""False"", ""Closed Date"": ""2019-09-26"", ""Compiler Options/Command?"": ""True"", ""Compiler Version?"": ""False"", ""Created Date"": ""2017-11-07"", ""Developer Reported Difficult to Reproduce"": ""False"", ""Developer reported difficult to fix"": ""False"", ""Faulty WebAssembly Output?"": ""False"", ""ID"": ""57682.0"", ""Incorrect Result Output/ Ground Truth Known?"": ""False"", ""JS Code Snippet?"": ""False"", ""Root Cause Category"": ""OpenGL Missing Function Aliases"", ""Root Cause Category 2"": ""1. OpenGL/WebGL Inconsistent Implementation"", ""Runtime Environment?"": ""True"", ""Source Code Snippet?"": ""False"", ""Stack Trace?"": ""True"", ""Title"": ""GLFW unable to call WebGL 2 functions"", ""URL"": ""https://github.com/emscripten-core/emscripten/issues/5747"", ""WebAssembly-Specific Paradigm"": ""Supporting WebAPIs""}",data/raw_stage1/ase2021_an_empirical_study_of_bugs/qualitative_dataset.csv,,113
ase2021_an_empirical_study_of_bugs:39bdb569914d51a5,ase2021_an_empirical_study_of_bugs,webassembly_compilers,https://github.com/emscripten-core/emscripten/issues/10237,SDL2_MIXER cannot be used yet.,,,2020-01-18T00:00:00+00:00,2020-01-21T00:00:00+00:00,,Stack Trace?,SDL2 Symbol Mismatch Issue,Supporting WebAPIs,2. SDL Headers Inconsistent Versions,,,,Fix incorrect SDL2 headers,,"{""Bug Fix Category"": ""Fix incorrect SDL2 headers"", ""Bug Fix Category 2"": ""4. Fix Incorrect Headers"", ""Bug Fix Link"": ""https://github.com/emscripten-core/emscripten/pull/10238/files"", ""Bug-Inducing Input is Simplified/Reduced in Size"": ""False"", ""Cannot Reproduce Locally"": ""False"", ""Closed Date"": ""2020-01-21"", ""Compiler Options/Command?"": ""False"", ""Compiler Version?"": ""False"", ""Created Date"": ""2020-01-18"", ""Developer Reported Difficult to Reproduce"": ""False"", ""Developer reported difficult to fix"": ""False"", ""Faulty WebAssembly Output?"": ""False"", ""ID"": ""53275.0"", ""Incorrect Result Output/ Ground Truth Known?"": ""False"", ""JS Code Snippet?"": ""False"", ""Root Cause Category"": ""SDL2 Symbol Mismatch Issue"", ""Root Cause Category 2"": ""2. SDL Headers Inconsistent Versions"", ""Runtime Environment?"": ""True"", ""Source Code Snippet?"": ""False"", ""Stack Trace?"": ""True"", ""Title"": ""SDL2_MIXER cannot be used yet."", ""URL"": ""https://github.com/emscripten-core/emscripten/issues/10237"", ""WebAssembly-Specific Paradigm"": ""Supporting WebAPIs""}",data/raw_stage1/ase2021_an_empirical_study_of_bugs/qualitative_dataset.csv,,114
ase2021_an_empirical_study_of_bugs:525f8772fe9c360b,ase2021_an_empirical_study_of_bugs,webassembly_compilers,https://github.com/emscripten-core/emscripten/issues/7597,"Invalid Enum error on glGetIntegerv(GL_VERTEX_ARRAY_BINDING,...) with Webgl 1.0",,,2018-12-03T00:00:00+00:00,2018-12-13T00:00:00+00:00,,,WebGL Missing Extensions Issue,Supporting WebAPIs,1. OpenGL/WebGL Inconsistent Implementation,,,,Add missing WebGL extensions,,"{""Bug Fix Category"": ""Add missing WebGL extensions"", ""Bug Fix Category 2"": ""1. Add Missing WebGL Extensions"", ""Bug Fix Link"": ""https://github.com/juj/emscripten/commit/8444e5acc3e07599b4ec2d8e2567106e028b7f2a"", ""Bug-Inducing Input is Simplified/Reduced in Size"": ""False"", ""Cannot Reproduce Locally"": ""False"", ""Closed Date"": ""2018-12-13"", ""Compiler Options/Command?"": ""False"", ""Compiler Version?"": ""True"", ""Created Date"": ""2018-12-03"", ""Developer Reported Difficult to Reproduce"": ""False"", ""Developer reported difficult to fix"": ""False"", ""Faulty WebAssembly Output?"": ""False"", ""ID"": ""55864.0"", ""Incorrect Result Output/ Ground Truth Known?"": ""False"", ""JS Code Snippet?"": ""True"", ""Root Cause Category"": ""WebGL Missing Extensions Issue"", ""Root Cause Category 2"": ""1. OpenGL/WebGL Inconsistent Implementation"", ""Runtime Environment?"": ""False"", ""Source Code Snippet?"": ""False"", ""Stack Trace?"": ""False"", ""Title"": ""Invalid Enum error on glGetIntegerv(GL_VERTEX_ARRAY_BINDING,...) with Webgl 1.0"", ""URL"": ""https://github.com/emscripten-core/emscripten/issues/7597"", ""WebAssembly-Specific Paradigm"": ""Supporting WebAPIs""}",data/raw_stage1/ase2021_an_empirical_study_of_bugs/qualitative_dataset.csv,,115
ase2021_an_empirical_study_of_bugs:bb36162cedc2ef1b,ase2021_an_empirical_study_of_bugs,webassembly_compilers,https://github.com/emscripten-core/emscripten/issues/4648,Browser.requestFullsreen stack overflow,,,2016-10-20T00:00:00+00:00,2016-10-31T00:00:00+00:00,,,HTML5 Fullscreen Callback Issue,Supporting WebAPIs,3. Fullscreen Callback Error,,,,Prevent progogating to resize listeners when resizing canvas,,"{""Bug Fix Category"": ""Prevent progogating to resize listeners when resizing canvas"", ""Bug Fix Category 2"": ""5. Improve Event Handling"", ""Bug Fix Link"": ""https://github.com/emscripten-core/emscripten/pull/4651/files"", ""Bug-Inducing Input is Simplified/Reduced in Size"": ""False"", ""Cannot Reproduce Locally"": ""False"", ""Closed Date"": ""2016-10-31"", ""Compiler Options/Command?"": ""False"", ""Compiler Version?"": ""False"", ""Created Date"": ""2016-10-20"", ""Developer Reported Difficult to Reproduce"": ""False"", ""Developer reported difficult to fix"": ""False"", ""Faulty WebAssembly Output?"": ""False"", ""ID"": ""58780.0"", ""Incorrect Result Output/ Ground Truth Known?"": ""False"", ""JS Code Snippet?"": ""False"", ""Root Cause Category"": ""HTML5 Fullscreen Callback Issue"", ""Root Cause Category 2"": ""3. Fullscreen Callback Error"", ""Runtime Environment?"": ""False"", ""Source Code Snippet?"": ""False"", ""Stack Trace?"": ""False"", ""Title"": ""Browser.requestFullsreen stack overflow"", ""URL"": ""https://github.com/emscripten-core/emscripten/issues/4648"", ""WebAssembly-Specific Paradigm"": ""Supporting WebAPIs""}",data/raw_stage1/ase2021_an_empirical_study_of_bugs/qualitative_dataset.csv,,116
ase2021_an_empirical_study_of_bugs:bda1714fdced4bff,ase2021_an_empirical_study_of_bugs,webassembly_compilers,https://github.com/emscripten-core/emscripten/issues/4556,emscripten_webgl_create_context fails if canvas has no id attribute,,,2016-09-10T00:00:00+00:00,2016-09-13T00:00:00+00:00,,Stack Trace?; Incorrect Result Output/ Ground Truth Known?,WebGL Canvas Issue,Supporting WebAPIs,1. OpenGL/WebGL Inconsistent Implementation,,,,Add null check on canvas id attribute before accessing,,"{""Bug Fix Category"": ""Add null check on canvas id attribute before accessing"", ""Bug Fix Category 2"": ""3. Add Type Check"", ""Bug Fix Link"": ""https://github.com/emscripten-core/emscripten/compare/e7a024b07210...cd3881ad9bee"", ""Bug-Inducing Input is Simplified/Reduced in Size"": ""False"", ""Cannot Reproduce Locally"": ""False"", ""Closed Date"": ""2016-09-13"", ""Compiler Options/Command?"": ""False"", ""Compiler Version?"": ""True"", ""Created Date"": ""2016-09-10"", ""Developer Reported Difficult to Reproduce"": ""False"", ""Developer reported difficult to fix"": ""False"", ""Faulty WebAssembly Output?"": ""False"", ""ID"": ""58872.0"", ""Incorrect Result Output/ Ground Truth Known?"": ""True"", ""JS Code Snippet?"": ""False"", ""Root Cause Category"": ""WebGL Canvas Issue"", ""Root Cause Category 2"": ""1. OpenGL/WebGL Inconsistent Implementation"", ""Runtime Environment?"": ""False"", ""Source Code Snippet?"": ""False"", ""Stack Trace?"": ""True"", ""Title"": ""emscripten_webgl_create_context fails if canvas has no id attribute"", ""URL"": ""https://github.com/emscripten-core/emscripten/issues/4556"", ""WebAssembly-Specific Paradigm"": ""Supporting WebAPIs""}",data/raw_stage1/ase2021_an_empirical_study_of_bugs/qualitative_dataset.csv,,117
ase2021_an_empirical_study_of_bugs:b9fff72e5c188fb4,ase2021_an_empirical_study_of_bugs,webassembly_compilers,https://github.com/emscripten-core/emscripten/issues/5026,Fetch: failed cache store errors in successful XHR are not reported,,,2017-03-14T00:00:00+00:00,2017-03-14T00:00:00+00:00,,,Fetch IndexedDB Cache Issue,Supporting WebAPIs,4. Improper Cleanup,,,,Propogate caching errors to Fetch statusText,,"{""Bug Fix Category"": ""Propogate caching errors to Fetch statusText"", ""Bug Fix Category 2"": ""7. Propogate Error To Allow Catching"", ""Bug Fix Link"": ""https://github.com/emscripten-core/emscripten/pull/5027/files"", ""Bug-Inducing Input is Simplified/Reduced in Size"": ""False"", ""Cannot Reproduce Locally"": ""False"", ""Closed Date"": ""2017-03-14"", ""Compiler Options/Command?"": ""False"", ""Compiler Version?"": ""False"", ""Created Date"": ""2017-03-14"", ""Developer Reported Difficult to Reproduce"": ""False"", ""Developer reported difficult to fix"": ""False"", ""Faulty WebAssembly Output?"": ""False"", ""ID"": ""58403.0"", ""Incorrect Result Output/ Ground Truth Known?"": ""False"", ""JS Code Snippet?"": ""False"", ""Root Cause Category"": ""Fetch IndexedDB Cache Issue"", ""Root Cause Category 2"": ""4. Improper Cleanup"", ""Runtime Environment?"": ""False"", ""Source Code Snippet?"": ""False"", ""Stack Trace?"": ""False"", ""Title"": ""Fetch: failed cache store errors in successful XHR are not reported"", ""URL"": ""https://github.com/emscripten-core/emscripten/issues/5026"", ""WebAssembly-Specific Paradigm"": ""Supporting WebAPIs""}",data/raw_stage1/ase2021_an_empirical_study_of_bugs/qualitative_dataset.csv,,118
ase2021_an_empirical_study_of_bugs:f9ca4bf87862b426,ase2021_an_empirical_study_of_bugs,webassembly_compilers,https://github.com/emscripten-core/emscripten/issues/9650,glVertexAttribIPointer cause javascript function undefined error,,,2019-10-16T00:00:00+00:00,2019-11-21T00:00:00+00:00,,Stack Trace?; Incorrect Result Output/ Ground Truth Known?; Cannot Reproduce Locally,OpenGL FullES3 Missing ES2 Dependencies,Supporting WebAPIs,1. OpenGL/WebGL Inconsistent Implementation,,,,Automatically turn on FULL_ES2 exports when FULL_ES3 is set,,"{""Bug Fix Category"": ""Automatically turn on FULL_ES2 exports when FULL_ES3 is set"", ""Bug Fix Category 2"": ""8. Automatically Include Dependency"", ""Bug Fix Link"": ""https://github.com/emscripten-core/emscripten/issues/9650"", ""Bug-Inducing Input is Simplified/Reduced in Size"": ""False"", ""Cannot Reproduce Locally"": ""True"", ""Closed Date"": ""2019-11-21"", ""Compiler Options/Command?"": ""False"", ""Compiler Version?"": ""False"", ""Created Date"": ""2019-10-16"", ""Developer Reported Difficult to Reproduce"": ""False"", ""Developer reported difficult to fix"": ""False"", ""Faulty WebAssembly Output?"": ""False"", ""ID"": ""53862.0"", ""Incorrect Result Output/ Ground Truth Known?"": ""True"", ""JS Code Snippet?"": ""True"", ""Root Cause Category"": ""OpenGL FullES3 Missing ES2 Dependencies"", ""Root Cause Category 2"": ""1. OpenGL/WebGL Inconsistent Implementation"", ""Runtime Environment?"": ""True"", ""Source Code Snippet?"": ""False"", ""Stack Trace?"": ""True"", ""Title"": ""glVertexAttribIPointer cause javascript function undefined error"", ""URL"": ""https://github.com/emscripten-core/emscripten/issues/9650"", ""WebAssembly-Specific Paradigm"": ""Supporting WebAPIs""}",data/raw_stage1/ase2021_an_empirical_study_of_bugs/qualitative_dataset.csv,,119
ase2021_an_empirical_study_of_bugs:8c792f6fbaae69b0,ase2021_an_empirical_study_of_bugs,webassembly_compilers,https://github.com/emscripten-core/emscripten/issues/9188,glGetString crashes when called on a lost context,,,2019-08-08T00:00:00+00:00,2019-08-09T00:00:00+00:00,,,OpenGL Null Access,Supporting WebAPIs,1. OpenGL/WebGL Inconsistent Implementation,,,,Add null check,,"{""Bug Fix Category"": ""Add null check"", ""Bug Fix Category 2"": ""3. Add Type Check"", ""Bug Fix Link"": ""https://github.com/emscripten-core/emscripten/commit/095b841dd7d75466d06d70eff61c2ad55745c49d"", ""Bug-Inducing Input is Simplified/Reduced in Size"": ""False"", ""Cannot Reproduce Locally"": ""False"", ""Closed Date"": ""2019-08-09"", ""Compiler Options/Command?"": ""False"", ""Compiler Version?"": ""False"", ""Created Date"": ""2019-08-08"", ""Developer Reported Difficult to Reproduce"": ""False"", ""Developer reported difficult to fix"": ""False"", ""Faulty WebAssembly Output?"": ""False"", ""ID"": ""54324.0"", ""Incorrect Result Output/ Ground Truth Known?"": ""False"", ""JS Code Snippet?"": ""True"", ""Root Cause Category"": ""OpenGL Null Access"", ""Root Cause Category 2"": ""1. OpenGL/WebGL Inconsistent Implementation"", ""Runtime Environment?"": ""False"", ""Source Code Snippet?"": ""False"", ""Stack Trace?"": ""False"", ""Title"": ""glGetString crashes when called on a lost context"", ""URL"": ""https://github.com/emscripten-core/emscripten/issues/9188"", ""WebAssembly-Specific Paradigm"": ""Supporting WebAPIs""}",data/raw_stage1/ase2021_an_empirical_study_of_bugs/qualitative_dataset.csv,,120
ase2021_an_empirical_study_of_bugs:5115fc867c090832,ase2021_an_empirical_study_of_bugs,webassembly_compilers,https://github.com/emscripten-core/emscripten/issues/9097,emscripten_request_fullscreen_strategy callback order,,,2019-07-27T00:00:00+00:00,2019-11-13T00:00:00+00:00,,Incorrect Result Output/ Ground Truth Known?,HTML5 Fullscreen Callback Issue,Supporting WebAPIs,3. Fullscreen Callback Error,,,,Remove unncessary callback call,,"{""Bug Fix Category"": ""Remove unncessary callback call"", ""Bug Fix Category 2"": ""5. Improve Event Handling"", ""Bug Fix Link"": ""https://github.com/haberbyte/emscripten/commit/ae6c6fb761f33651d42885150fdadbca666d59d7"", ""Bug-Inducing Input is Simplified/Reduced in Size"": ""False"", ""Cannot Reproduce Locally"": ""False"", ""Closed Date"": ""2019-11-13"", ""Compiler Options/Command?"": ""False"", ""Compiler Version?"": ""False"", ""Created Date"": ""2019-07-27"", ""Developer Reported Difficult to Reproduce"": ""False"", ""Developer reported difficult to fix"": ""False"", ""Faulty WebAssembly Output?"": ""False"", ""ID"": ""54415.0"", ""Incorrect Result Output/ Ground Truth Known?"": ""True"", ""JS Code Snippet?"": ""False"", ""Needs Additional User Action"": ""Enter fullscreen and Press F,Esc"", ""Root Cause Category"": ""HTML5 Fullscreen Callback Issue"", ""Root Cause Category 2"": ""3. Fullscreen Callback Error"", ""Runtime Environment?"": ""False"", ""Source Code Snippet?"": ""True"", ""Stack Trace?"": ""False"", ""Title"": ""emscripten_request_fullscreen_strategy callback order"", ""URL"": ""https://github.com/emscripten-core/emscripten/issues/9097"", ""WebAssembly-Specific Paradigm"": ""Supporting WebAPIs""}",data/raw_stage1/ase2021_an_empirical_study_of_bugs/qualitative_dataset.csv,,121
ase2021_an_empirical_study_of_bugs:4e266bb23f74837e,ase2021_an_empirical_study_of_bugs,webassembly_compilers,https://github.com/emscripten-core/emscripten/issues/6169,Cannot issue normal fetch if IndexedDB initialization failed,,,2018-02-01T00:00:00+00:00,2018-07-24T00:00:00+00:00,,Stack Trace?; Cannot Reproduce Locally,Fetch with IndexedDB Initialization Issue,Supporting WebAPIs,4. Improper Cleanup,,,,Properly remove run dependency if IndexedDB initialization fails in Fetch API,,"{""Bug Fix Category"": ""Properly remove run dependency if IndexedDB initialization fails in Fetch API"", ""Bug Fix Category 2"": ""7. Propogate Error To Allow Catching"", ""Bug Fix Link"": ""https://github.com/emscripten-core/emscripten/pull/6178/files"", ""Bug-Inducing Input is Simplified/Reduced in Size"": ""False"", ""Cannot Reproduce Locally"": ""True"", ""Closed Date"": ""2018-07-24"", ""Compiler Options/Command?"": ""True"", ""Compiler Version?"": ""False"", ""Created Date"": ""2018-02-01"", ""Developer Reported Difficult to Reproduce"": ""False"", ""Developer reported difficult to fix"": ""False"", ""Faulty WebAssembly Output?"": ""False"", ""ID"": ""57260.0"", ""Incorrect Result Output/ Ground Truth Known?"": ""False"", ""JS Code Snippet?"": ""True"", ""Needs Additional User Action"": ""Wait 10 seconds"", ""Root Cause Category"": ""Fetch with IndexedDB Initialization Issue"", ""Root Cause Category 2"": ""4. Improper Cleanup"", ""Runtime Environment?"": ""True"", ""Source Code Snippet?"": ""False"", ""Stack Trace?"": ""True"", ""Title"": ""Cannot issue normal fetch if IndexedDB initialization failed"", ""URL"": ""https://github.com/emscripten-core/emscripten/issues/6169"", ""WebAssembly-Specific Paradigm"": ""Supporting WebAPIs""}",data/raw_stage1/ase2021_an_empirical_study_of_bugs/qualitative_dataset.csv,,122
ase2021_an_empirical_study_of_bugs:cd311c098b61ae03,ase2021_an_empirical_study_of_bugs,webassembly_compilers,https://github.com/emscripten-core/emscripten/issues/3778,Some GL tests fail on gamma(?) differences.,,,2015-09-15T00:00:00+00:00,2019-09-07T00:00:00+00:00,,Cannot Reproduce Locally,WebGL Gamma Differences,Supporting WebAPIs,1. OpenGL/WebGL Inconsistent Implementation,,,,Unfixed,,"{""Bug Fix Category"": ""Unfixed"", ""Bug Fix Category 2"": ""10. Unfixed"", ""Bug Fix Link"": ""https://github.com/emscripten-core/emscripten/pull/3757/files"", ""Bug-Inducing Input is Simplified/Reduced in Size"": ""False"", ""Cannot Reproduce Locally"": ""True"", ""Closed Date"": ""2019-09-07"", ""Compiler Options/Command?"": ""False"", ""Compiler Version?"": ""False"", ""Created Date"": ""2015-09-15"", ""Developer Reported Difficult to Reproduce"": ""False"", ""Developer reported difficult to fix"": ""False"", ""Faulty WebAssembly Output?"": ""False"", ""ID"": ""59645.0"", ""Incorrect Result Output/ Ground Truth Known?"": ""False"", ""JS Code Snippet?"": ""False"", ""Root Cause Category"": ""WebGL Gamma Differences"", ""Root Cause Category 2"": ""1. OpenGL/WebGL Inconsistent Implementation"", ""Runtime Environment?"": ""True"", ""Source Code Snippet?"": ""False"", ""Stack Trace?"": ""False"", ""Title"": ""Some GL tests fail on gamma(?) differences."", ""URL"": ""https://github.com/emscripten-core/emscripten/issues/3778"", ""WebAssembly-Specific Paradigm"": ""Supporting WebAPIs""}",data/raw_stage1/ase2021_an_empirical_study_of_bugs/qualitative_dataset.csv,,123
ase2021_an_empirical_study_of_bugs:18d486bc6d2dfd63,ase2021_an_empirical_study_of_bugs,webassembly_compilers,https://github.com/emscripten-core/emscripten/issues/5081,Cannot create multiple SDL_Window objects in Emscripten,,,2017-03-25T00:00:00+00:00,2019-09-06T00:00:00+00:00,,,SDL Lacks Multiple Window Support,Supporting WebAPIs,5. SDL/Canvas Inconsistenct,,,,Partially fixed by implementing multiple canvas in Shell only,,"{""Bug Fix Category"": ""Partially fixed by implementing multiple canvas in Shell only"", ""Bug Fix Category 2"": ""9. Implement Partial Fix"", ""Bug Fix Link"": ""https://github.com/emscripten-core/emscripten/pull/6374/files"", ""Bug-Inducing Input is Simplified/Reduced in Size"": ""False"", ""Cannot Reproduce Locally"": ""False"", ""Closed Date"": ""2019-09-06"", ""Compiler Options/Command?"": ""False"", ""Compiler Version?"": ""False"", ""Created Date"": ""2017-03-25"", ""Developer Reported Difficult to Reproduce"": ""False"", ""Developer reported difficult to fix"": ""False"", ""Faulty WebAssembly Output?"": ""False"", ""ID"": ""58348.0"", ""Incorrect Result Output/ Ground Truth Known?"": ""False"", ""JS Code Snippet?"": ""False"", ""Root Cause Category"": ""SDL Lacks Multiple Window Support"", ""Root Cause Category 2"": ""5. SDL/Canvas Inconsistenct"", ""Runtime Environment?"": ""False"", ""Source Code Snippet?"": ""True"", ""Stack Trace?"": ""False"", ""Title"": ""Cannot create multiple SDL_Window objects in Emscripten"", ""URL"": ""https://github.com/emscripten-core/emscripten/issues/5081"", ""WebAssembly-Specific Paradigm"": ""Supporting WebAPIs""}",data/raw_stage1/ase2021_an_empirical_study_of_bugs/qualitative_dataset.csv,,124
ase2021_an_empirical_study_of_bugs:f392968f69b5662e,ase2021_an_empirical_study_of_bugs,webassembly_compilers,https://github.com/emscripten-core/emscripten/issues/6143,GLFW key listener blocking backspace and tab,,,2018-01-25T00:00:00+00:00,2018-11-27T00:00:00+00:00,,,WebGL Input Blocking,Supporting WebAPIs,1. OpenGL/WebGL Inconsistent Implementation,,,,Unfixed,,"{""Bug Fix Category"": ""Unfixed"", ""Bug Fix Category 2"": ""10. Unfixed"", ""Bug Fix Link"": ""https://github.com/emscripten-core/emscripten/pull/6148/files"", ""Bug-Inducing Input is Simplified/Reduced in Size"": ""False"", ""Cannot Reproduce Locally"": ""False"", ""Closed Date"": ""2018-11-27"", ""Compiler Options/Command?"": ""False"", ""Compiler Version?"": ""False"", ""Created Date"": ""2018-01-25"", ""Developer Reported Difficult to Reproduce"": ""False"", ""Developer reported difficult to fix"": ""True"", ""Faulty WebAssembly Output?"": ""False"", ""ID"": ""57286.0"", ""Incorrect Result Output/ Ground Truth Known?"": ""False"", ""JS Code Snippet?"": ""True"", ""Root Cause Category"": ""WebGL Input Blocking"", ""Root Cause Category 2"": ""1. OpenGL/WebGL Inconsistent Implementation"", ""Runtime Environment?"": ""False"", ""Source Code Snippet?"": ""False"", ""Stack Trace?"": ""False"", ""Title"": ""GLFW key listener blocking backspace and tab"", ""URL"": ""https://github.com/emscripten-core/emscripten/issues/6143"", ""WebAssembly-Specific Paradigm"": ""Supporting WebAPIs""}",data/raw_stage1/ase2021_an_empirical_study_of_bugs/qualitative_dataset.csv,,125
ase2021_an_empirical_study_of_bugs:9f8d2ff0faf41da5,ase2021_an_empirical_study_of_bugs,webassembly_compilers,https://github.com/emscripten-core/emscripten/issues/5122,"glfwGetKey() stuck key state, GLFW_PRESS persists after onblur - should clear key state on window losing focus",,,2017-04-09T00:00:00+00:00,2019-09-06T00:00:00+00:00,,,OpenGL Sticky Keypress Issue,Supporting WebAPIs,4. Improper Cleanup,,,,Release key on onBlur event,,"{""Bug Fix Category"": ""Release key on onBlur event"", ""Bug Fix Category 2"": ""5. Improve Event Handling"", ""Bug Fix Link"": ""https://github.com/emscripten-core/emscripten/pull/5159/files"", ""Bug-Inducing Input is Simplified/Reduced in Size"": ""False"", ""Cannot Reproduce Locally"": ""False"", ""Closed Date"": ""2019-09-06"", ""Compiler Options/Command?"": ""False"", ""Compiler Version?"": ""True"", ""Created Date"": ""2017-04-09"", ""Developer Reported Difficult to Reproduce"": ""False"", ""Developer reported difficult to fix"": ""False"", ""Faulty WebAssembly Output?"": ""False"", ""ID"": ""58307.0"", ""Incorrect Result Output/ Ground Truth Known?"": ""False"", ""JS Code Snippet?"": ""True"", ""Needs Additional User Action"": ""Visit test page, hold down space, switch out of browser with Cmd-Tab, switch back"", ""Root Cause Category"": ""OpenGL Sticky Keypress Issue"", ""Root Cause Category 2"": ""4. Improper Cleanup"", ""Runtime Environment?"": ""True"", ""Source Code Snippet?"": ""True"", ""Stack Trace?"": ""False"", ""Title"": ""glfwGetKey() stuck key state, GLFW_PRESS persists after onblur - should clear key state on window losing focus"", ""URL"": ""https://github.com/emscripten-core/emscripten/issues/5122"", ""WebAssembly-Specific Paradigm"": ""Supporting WebAPIs""}",data/raw_stage1/ase2021_an_empirical_study_of_bugs/qualitative_dataset.csv,,126
ase2021_an_empirical_study_of_bugs:64f9f0ef6da2df24,ase2021_an_empirical_study_of_bugs,webassembly_compilers,https://github.com/emscripten-core/emscripten/issues/8010,ENVIRONMENT=web optimised builds Closure and stdio,,,2019-02-06T00:00:00+00:00,2019-02-06T00:00:00+00:00,,,MEMFS and ENVIRONMENT=web Issue,Runtime Implementation Discrepancy,1. Other Fallback Support,,,,Fix non-Node environment branch,,"{""Bug Fix Category"": ""Fix non-Node environment branch"", ""Bug Fix Category 2"": ""1. Fix Check on Environment Properties"", ""Bug Fix Link"": ""https://github.com/juj/emscripten/commit/90b16900f2c8cfda863de75646d4faa59316bccf"", ""Bug-Inducing Input is Simplified/Reduced in Size"": ""False"", ""Cannot Reproduce Locally"": ""False"", ""Closed Date"": ""2019-02-06"", ""Compiler Options/Command?"": ""True"", ""Compiler Version?"": ""True"", ""Created Date"": ""2019-02-06"", ""Developer Reported Difficult to Reproduce"": ""False"", ""Developer reported difficult to fix"": ""False"", ""Faulty WebAssembly Output?"": ""False"", ""ID"": ""55502.0"", ""Incorrect Result Output/ Ground Truth Known?"": ""False"", ""JS Code Snippet?"": ""False"", ""Root Cause Category"": ""MEMFS and ENVIRONMENT=web Issue"", ""Root Cause Category 2"": ""1. Other Fallback Support"", ""Runtime Environment?"": ""False"", ""Source Code Snippet?"": ""True"", ""Stack Trace?"": ""False"", ""Title"": ""ENVIRONMENT=web optimised builds Closure and stdio"", ""URL"": ""https://github.com/emscripten-core/emscripten/issues/8010"", ""WebAssembly-Specific Paradigm"": ""Runtime Implementation Discrepancy""}",data/raw_stage1/ase2021_an_empirical_study_of_bugs/qualitative_dataset.csv,,127
ase2021_an_empirical_study_of_bugs:df4f4985e84d645b,ase2021_an_empirical_study_of_bugs,webassembly_compilers,https://github.com/emscripten-core/emscripten/issues/8678,EXPORT_ES6 + USE_PTHREADS not compatible with ASSERTIONS,,,2019-05-27T00:00:00+00:00,2019-07-30T00:00:00+00:00,,Stack Trace?,ES6 Non-Modifiable Export Issue,Runtime Implementation Discrepancy,2. ES5/ES6 Behavior Difference,,,,Copy object to allow modification,,"{""Bug Fix Category"": ""Copy object to allow modification"", ""Bug Fix Category 2"": ""4. Avoid Behavior Discrepencies"", ""Bug Fix Link"": ""https://github.com/emscripten-core/emscripten/commit/95fc14d17cebc005c58b2e78c2b7814a14a0d316"", ""Bug-Inducing Input is Simplified/Reduced in Size"": ""False"", ""Cannot Reproduce Locally"": ""False"", ""Closed Date"": ""2019-07-30"", ""Compiler Options/Command?"": ""False"", ""Compiler Version?"": ""False"", ""Created Date"": ""2019-05-27"", ""Developer Reported Difficult to Reproduce"": ""False"", ""Developer reported difficult to fix"": ""False"", ""Faulty WebAssembly Output?"": ""False"", ""ID"": ""54834.0"", ""Incorrect Result Output/ Ground Truth Known?"": ""False"", ""JS Code Snippet?"": ""False"", ""Root Cause Category"": ""ES6 Non-Modifiable Export Issue"", ""Root Cause Category 2"": ""2. ES5/ES6 Behavior Difference"", ""Runtime Environment?"": ""False"", ""Source Code Snippet?"": ""False"", ""Stack Trace?"": ""True"", ""Title"": ""EXPORT_ES6 + USE_PTHREADS not compatible with ASSERTIONS"", ""URL"": ""https://github.com/emscripten-core/emscripten/issues/8678"", ""WebAssembly-Specific Paradigm"": ""Runtime Implementation Discrepancy""}",data/raw_stage1/ase2021_an_empirical_study_of_bugs/qualitative_dataset.csv,,128
ase2021_an_empirical_study_of_bugs:df35329b2f1b5e3e,ase2021_an_empirical_study_of_bugs,webassembly_compilers,https://github.com/emscripten-core/emscripten/pull/8236,TypeError: Document not active on exitFullscreen,,,2019-03-05T00:00:00+00:00,2019-03-07T00:00:00+00:00,,Stack Trace?; Incorrect Result Output/ Ground Truth Known?,Chrome exitFullscreen Change,Runtime Implementation Discrepancy,3. Chrome API Change,,,,Add fullscreen state check before callign affected function,,"{""Bug Fix Category"": ""Add fullscreen state check before callign affected function"", ""Bug Fix Category 2"": ""1. Fix Check on Environment Properties"", ""Bug Fix Link"": ""https://github.com/emscripten-core/emscripten/pull/8236/files"", ""Bug-Inducing Input is Simplified/Reduced in Size"": ""False"", ""Cannot Reproduce Locally"": ""False"", ""Closed Date"": ""2019-03-07"", ""Compiler Options/Command?"": ""False"", ""Compiler Version?"": ""False"", ""Created Date"": ""2019-03-05"", ""Developer Reported Difficult to Reproduce"": ""False"", ""Developer reported difficult to fix"": ""False"", ""Faulty WebAssembly Output?"": ""False"", ""ID"": ""55276.0"", ""Incorrect Result Output/ Ground Truth Known?"": ""True"", ""JS Code Snippet?"": ""False"", ""Root Cause Category"": ""Chrome exitFullscreen Change"", ""Root Cause Category 2"": ""3. Chrome API Change"", ""Runtime Environment?"": ""True"", ""Source Code Snippet?"": ""False"", ""Stack Trace?"": ""True"", ""Title"": ""TypeError: Document not active on exitFullscreen"", ""URL"": ""https://github.com/emscripten-core/emscripten/pull/8236"", ""WebAssembly-Specific Paradigm"": ""Runtime Implementation Discrepancy""}",data/raw_stage1/ase2021_an_empirical_study_of_bugs/qualitative_dataset.csv,,129
ase2021_an_empirical_study_of_bugs:06f646ae736028e0,ase2021_an_empirical_study_of_bugs,webassembly_compilers,https://github.com/emscripten-core/emscripten/issues/3860,emscripten_async_wget2_data: POST requests output errors to console in Chrome,,,2015-10-18T00:00:00+00:00,2015-10-28T00:00:00+00:00,,Stack Trace?; Incorrect Result Output/ Ground Truth Known?,Chrome POST Headers Issue,Runtime Implementation Discrepancy,3. Chrome API Change,,,,Remove unnecessary request headers,,"{""Bug Fix Category"": ""Remove unnecessary request headers"", ""Bug Fix Category 2"": ""3. Update Changed Behavior"", ""Bug Fix Link"": ""https://github.com/emscripten-core/emscripten/pull/3874/files"", ""Bug-Inducing Input is Simplified/Reduced in Size"": ""False"", ""Cannot Reproduce Locally"": ""False"", ""Closed Date"": ""2015-10-28"", ""Compiler Options/Command?"": ""False"", ""Compiler Version?"": ""False"", ""Created Date"": ""2015-10-18"", ""Developer Reported Difficult to Reproduce"": ""False"", ""Developer reported difficult to fix"": ""False"", ""Faulty WebAssembly Output?"": ""False"", ""ID"": ""59563.0"", ""Incorrect Result Output/ Ground Truth Known?"": ""True"", ""JS Code Snippet?"": ""False"", ""Root Cause Category"": ""Chrome POST Headers Issue"", ""Root Cause Category 2"": ""3. Chrome API Change"", ""Runtime Environment?"": ""True"", ""Source Code Snippet?"": ""False"", ""Stack Trace?"": ""True"", ""Title"": ""emscripten_async_wget2_data: POST requests output errors to console in Chrome"", ""URL"": ""https://github.com/emscripten-core/emscripten/issues/3860"", ""WebAssembly-Specific Paradigm"": ""Runtime Implementation Discrepancy""}",data/raw_stage1/ase2021_an_empirical_study_of_bugs/qualitative_dataset.csv,,130
ase2021_an_empirical_study_of_bugs:e390fff15a7ef0ad,ase2021_an_empirical_study_of_bugs,webassembly_compilers,https://github.com/emscripten-core/emscripten/issues/3857,Emscripten doesn't support passing data by transferring ownership to or from Web Workers,,,2015-10-16T00:00:00+00:00,2015-11-30T00:00:00+00:00,,Incorrect Result Output/ Ground Truth Known?; Cannot Reproduce Locally,Chrome WebWorker Data Passing Slow,Runtime Implementation Discrepancy,4. Chrome Behavior Peculiarity,,,,Support transfering data ownership to worker,,"{""Bug Fix Category"": ""Support transfering data ownership to worker"", ""Bug Fix Category 2"": ""2. Leverage Runtime Discrepancies"", ""Bug Fix Link"": ""https://github.com/emscripten-core/emscripten/pull/3910/files"", ""Bug-Inducing Input is Simplified/Reduced in Size"": ""False"", ""Cannot Reproduce Locally"": ""True"", ""Closed Date"": ""2015-11-30"", ""Compiler Options/Command?"": ""False"", ""Compiler Version?"": ""False"", ""Created Date"": ""2015-10-16"", ""Developer Reported Difficult to Reproduce"": ""False"", ""Developer reported difficult to fix"": ""False"", ""Faulty WebAssembly Output?"": ""False"", ""ID"": ""59566.0"", ""Incorrect Result Output/ Ground Truth Known?"": ""True"", ""JS Code Snippet?"": ""True"", ""Root Cause Category"": ""Chrome WebWorker Data Passing Slow"", ""Root Cause Category 2"": ""4. Chrome Behavior Peculiarity"", ""Runtime Environment?"": ""True"", ""Source Code Snippet?"": ""False"", ""Stack Trace?"": ""False"", ""Title"": ""Emscripten doesn't support passing data by transferring ownership to or from Web Workers"", ""URL"": ""https://github.com/emscripten-core/emscripten/issues/3857"", ""WebAssembly-Specific Paradigm"": ""Runtime Implementation Discrepancy""}",data/raw_stage1/ase2021_an_empirical_study_of_bugs/qualitative_dataset.csv,,131
ase2021_an_empirical_study_of_bugs:8eea457777cb0a3f,ase2021_an_empirical_study_of_bugs,webassembly_compilers,https://github.com/emscripten-core/emscripten/issues/3493,Enable graceful fallback of executing pthreads-enabled code.,,,2015-06-03T00:00:00+00:00,2015-08-25T00:00:00+00:00,,,Pthread Cannot Fallback on Unsupported Browsers,Runtime Implementation Discrepancy,1. Other Fallback Support,,,,Add fallback to single-threaded execution if unsupported,,"{""Bug Fix Category"": ""Add fallback to single-threaded execution if unsupported"", ""Bug Fix Category 2"": ""5. Add Fallback for Unsupported Feature"", ""Bug Fix Link"": ""https://github.com/emscripten-core/emscripten/pull/3705/files"", ""Bug-Inducing Input is Simplified/Reduced in Size"": ""False"", ""Cannot Reproduce Locally"": ""False"", ""Closed Date"": ""2015-08-25"", ""Compiler Options/Command?"": ""True"", ""Compiler Version?"": ""False"", ""Created Date"": ""2015-06-03"", ""Developer Reported Difficult to Reproduce"": ""False"", ""Developer reported difficult to fix"": ""False"", ""Faulty WebAssembly Output?"": ""False"", ""ID"": ""59930.0"", ""Incorrect Result Output/ Ground Truth Known?"": ""False"", ""JS Code Snippet?"": ""False"", ""Root Cause Category"": ""Pthread Cannot Fallback on Unsupported Browsers"", ""Root Cause Category 2"": ""1. Other Fallback Support"", ""Runtime Environment?"": ""True"", ""Source Code Snippet?"": ""False"", ""Stack Trace?"": ""False"", ""Title"": ""Enable graceful fallback of executing pthreads-enabled code."", ""URL"": ""https://github.com/emscripten-core/emscripten/issues/3493"", ""WebAssembly-Specific Paradigm"": ""Runtime Implementation Discrepancy""}",data/raw_stage1/ase2021_an_empirical_study_of_bugs/qualitative_dataset.csv,,132
ase2021_an_empirical_study_of_bugs:9cd014e64c070785,ase2021_an_empirical_study_of_bugs,webassembly_compilers,https://github.com/emscripten-core/emscripten/issues/9867,Promise' is undefined,,,2019-11-19T00:00:00+00:00,2020-01-07T00:00:00+00:00,,Stack Trace?,IE Promises Unsupported,Runtime Implementation Discrepancy,5. IE Inconsistent Runtime Feature Support,,,,Add Promise Polyfill for wasm2js,,"{""Bug Fix Category"": ""Add Promise Polyfill for wasm2js"", ""Bug Fix Category 2"": ""5. Add Fallback for Unsupported Feature"", ""Bug Fix Link"": ""https://github.com/emscripten-core/emscripten/commit/3529a675e4bbfef0746fb27b469637d2f172f07f"", ""Bug-Inducing Input is Simplified/Reduced in Size"": ""False"", ""Cannot Reproduce Locally"": ""False"", ""Closed Date"": ""2020-01-07"", ""Compiler Options/Command?"": ""True"", ""Compiler Version?"": ""True"", ""Created Date"": ""2019-11-19"", ""Developer Reported Difficult to Reproduce"": ""False"", ""Developer reported difficult to fix"": ""False"", ""Faulty WebAssembly Output?"": ""False"", ""ID"": ""53645.0"", ""Incorrect Result Output/ Ground Truth Known?"": ""False"", ""JS Code Snippet?"": ""False"", ""Root Cause Category"": ""IE Promises Unsupported"", ""Root Cause Category 2"": ""5. IE Inconsistent Runtime Feature Support"", ""Runtime Environment?"": ""True"", ""Source Code Snippet?"": ""True"", ""Stack Trace?"": ""True"", ""Title"": ""Promise' is undefined"", ""URL"": ""https://github.com/emscripten-core/emscripten/issues/9867"", ""WebAssembly-Specific Paradigm"": ""Runtime Implementation Discrepancy""}",data/raw_stage1/ase2021_an_empirical_study_of_bugs/qualitative_dataset.csv,,133
ase2021_an_empirical_study_of_bugs:490c8f46400659f9,ase2021_an_empirical_study_of_bugs,webassembly_compilers,https://github.com/emscripten-core/emscripten/issues/9319,I have some problems when I use it,,,2019-08-26T00:00:00+00:00,2019-08-27T00:00:00+00:00,,Stack Trace?; Cannot Reproduce Locally,Let Unsupported on Older NodeJS Versions,Runtime Implementation Discrepancy,2. ES5/ES6 Behavior Difference,,,,Remove let keyword,,"{""Bug Fix Category"": ""Remove let keyword"", ""Bug Fix Category 2"": ""5. Add Fallback for Unsupported Feature"", ""Bug Fix Link"": ""https://github.com/emscripten-core/emscripten/pull/9324/files"", ""Bug-Inducing Input is Simplified/Reduced in Size"": ""False"", ""Cannot Reproduce Locally"": ""True"", ""Closed Date"": ""2019-08-27"", ""Compiler Options/Command?"": ""False"", ""Compiler Version?"": ""False"", ""Created Date"": ""2019-08-26"", ""Developer Reported Difficult to Reproduce"": ""False"", ""Developer reported difficult to fix"": ""False"", ""Faulty WebAssembly Output?"": ""False"", ""ID"": ""54193.0"", ""Incorrect Result Output/ Ground Truth Known?"": ""False"", ""JS Code Snippet?"": ""False"", ""Root Cause Category"": ""Let Unsupported on Older NodeJS Versions"", ""Root Cause Category 2"": ""2. ES5/ES6 Behavior Difference"", ""Runtime Environment?"": ""True"", ""Source Code Snippet?"": ""False"", ""Stack Trace?"": ""True"", ""Title"": ""I have some problems when I use it"", ""URL"": ""https://github.com/emscripten-core/emscripten/issues/9319"", ""WebAssembly-Specific Paradigm"": ""Runtime Implementation Discrepancy""}",data/raw_stage1/ase2021_an_empirical_study_of_bugs/qualitative_dataset.csv,,134
ase2021_an_empirical_study_of_bugs:fce7e78d4a4e909a,ase2021_an_empirical_study_of_bugs,webassembly_compilers,https://github.com/emscripten-core/emscripten/issues/9233,Regression bug: Relative import of ES6 WASM modules from ES6 Modules does not work,,,2019-08-14T00:00:00+00:00,2019-08-23T00:00:00+00:00,,,document.currentScript Unavailable in Firefox and Chrome ES6 modules,Runtime Implementation Discrepancy,2. ES5/ES6 Behavior Difference,,,,Add compiler flag to enable newer import.meta.url on demand,,"{""Bug Fix Category"": ""Add compiler flag to enable newer import.meta.url on demand"", ""Bug Fix Category 2"": ""5. Add Fallback for Unsupported Feature"", ""Bug Fix Link"": ""https://github.com/emscripten-core/emscripten/commit/7d250f8a9f57707b25e3030ba8701df9866760cf"", ""Bug-Inducing Input is Simplified/Reduced in Size"": ""False"", ""Cannot Reproduce Locally"": ""False"", ""Closed Date"": ""2019-08-23"", ""Compiler Options/Command?"": ""False"", ""Compiler Version?"": ""False"", ""Created Date"": ""2019-08-14"", ""Developer Reported Difficult to Reproduce"": ""False"", ""Developer reported difficult to fix"": ""False"", ""Faulty WebAssembly Output?"": ""False"", ""ID"": ""54279.0"", ""Incorrect Result Output/ Ground Truth Known?"": ""False"", ""JS Code Snippet?"": ""False"", ""Root Cause Category"": ""document.currentScript Unavailable in Firefox and Chrome ES6 modules"", ""Root Cause Category 2"": ""2. ES5/ES6 Behavior Difference"", ""Runtime Environment?"": ""True"", ""Source Code Snippet?"": ""False"", ""Stack Trace?"": ""False"", ""Title"": ""Regression bug: Relative import of ES6 WASM modules from ES6 Modules does not work"", ""URL"": ""https://github.com/emscripten-core/emscripten/issues/9233"", ""WebAssembly-Specific Paradigm"": ""Runtime Implementation Discrepancy""}",data/raw_stage1/ase2021_an_empirical_study_of_bugs/qualitative_dataset.csv,,135
ase2021_an_empirical_study_of_bugs:b8830037367f11d9,ase2021_an_empirical_study_of_bugs,webassembly_compilers,https://github.com/emscripten-core/emscripten/pull/9108,Fix memory leak in Chrome - Error objects do not like to be persistent,,,2019-07-29T00:00:00+00:00,2019-07-30T00:00:00+00:00,,Incorrect Result Output/ Ground Truth Known?,Chrome Error Scope Behavior Issue,Runtime Implementation Discrepancy,4. Chrome Behavior Peculiarity,,,,Remove error call to prevent memory leak,,"{""Bug Fix Category"": ""Remove error call to prevent memory leak"", ""Bug Fix Category 2"": ""4. Avoid Behavior Discrepencies"", ""Bug Fix Link"": ""https://github.com/emscripten-core/emscripten/pull/9108/files"", ""Bug-Inducing Input is Simplified/Reduced in Size"": ""False"", ""Cannot Reproduce Locally"": ""False"", ""Closed Date"": ""2019-07-30"", ""Compiler Options/Command?"": ""False"", ""Compiler Version?"": ""False"", ""Created Date"": ""2019-07-29"", ""Developer Reported Difficult to Reproduce"": ""False"", ""Developer reported difficult to fix"": ""False"", ""Faulty WebAssembly Output?"": ""False"", ""ID"": ""54404.0"", ""Incorrect Result Output/ Ground Truth Known?"": ""True"", ""JS Code Snippet?"": ""True"", ""Root Cause Category"": ""Chrome Error Scope Behavior Issue"", ""Root Cause Category 2"": ""4. Chrome Behavior Peculiarity"", ""Runtime Environment?"": ""True"", ""Source Code Snippet?"": ""False"", ""Stack Trace?"": ""False"", ""Title"": ""Fix memory leak in Chrome - Error objects do not like to be persistent"", ""URL"": ""https://github.com/emscripten-core/emscripten/pull/9108"", ""WebAssembly-Specific Paradigm"": ""Runtime Implementation Discrepancy""}",data/raw_stage1/ase2021_an_empirical_study_of_bugs/qualitative_dataset.csv,,136
ase2021_an_empirical_study_of_bugs:33dade726b776044,ase2021_an_empirical_study_of_bugs,webassembly_compilers,https://github.com/emscripten-core/emscripten/issues/8279,Way to use precompiled wasm object?,,,2019-03-10T00:00:00+00:00,2020-03-11T00:00:00+00:00,,,NodeJS Wasm Caching Not On By Default,Runtime Implementation Discrepancy,6. NodeJS V8 API Misuse,,,,Manually enable V8 compiled-code caching mechanims,,"{""Bug Fix Category"": ""Manually enable V8 compiled-code caching mechanims"", ""Bug Fix Category 2"": ""2. Leverage Runtime Discrepancies"", ""Bug Fix Link"": ""https://github.com/emscripten-core/emscripten/commit/1e801c87feb1d1e868caa5e39e7d6abc43b91f79"", ""Bug-Inducing Input is Simplified/Reduced in Size"": ""False"", ""Cannot Reproduce Locally"": ""False"", ""Closed Date"": ""2020-03-11"", ""Compiler Options/Command?"": ""False"", ""Compiler Version?"": ""False"", ""Created Date"": ""2019-03-10"", ""Developer Reported Difficult to Reproduce"": ""False"", ""Developer reported difficult to fix"": ""False"", ""Faulty WebAssembly Output?"": ""False"", ""ID"": ""55233.0"", ""Incorrect Result Output/ Ground Truth Known?"": ""False"", ""JS Code Snippet?"": ""True"", ""Root Cause Category"": ""NodeJS Wasm Caching Not On By Default"", ""Root Cause Category 2"": ""6. NodeJS V8 API Misuse"", ""Runtime Environment?"": ""True"", ""Source Code Snippet?"": ""False"", ""Stack Trace?"": ""False"", ""Title"": ""Way to use precompiled wasm object?"", ""URL"": ""https://github.com/emscripten-core/emscripten/issues/8279"", ""WebAssembly-Specific Paradigm"": ""Runtime Implementation Discrepancy""}",data/raw_stage1/ase2021_an_empirical_study_of_bugs/qualitative_dataset.csv,,137
ase2021_an_empirical_study_of_bugs:83a7c470d827d270,ase2021_an_empirical_study_of_bugs,webassembly_compilers,https://github.com/emscripten-core/emscripten/issues/6284,es6 module support flag,,,2018-02-26T00:00:00+00:00,2018-05-30T00:00:00+00:00,,,ES6 Module Export Unsupported,Runtime Implementation Discrepancy,2. ES5/ES6 Behavior Difference,,,,Add support to export Module as ES6 module,,"{""Bug Fix Category"": ""Add support to export Module as ES6 module"", ""Bug Fix Category 2"": ""4. Avoid Behavior Discrepencies"", ""Bug Fix Link"": ""https://github.com/emscripten-core/emscripten/commit/13b830798295ab491d953da9b27e706ec62969c3"", ""Bug-Inducing Input is Simplified/Reduced in Size"": ""False"", ""Cannot Reproduce Locally"": ""False"", ""Closed Date"": ""2018-05-30"", ""Compiler Options/Command?"": ""False"", ""Compiler Version?"": ""False"", ""Created Date"": ""2018-02-26"", ""Developer Reported Difficult to Reproduce"": ""False"", ""Developer reported difficult to fix"": ""False"", ""Faulty WebAssembly Output?"": ""False"", ""ID"": ""57145.0"", ""Incorrect Result Output/ Ground Truth Known?"": ""False"", ""JS Code Snippet?"": ""True"", ""Root Cause Category"": ""ES6 Module Export Unsupported"", ""Root Cause Category 2"": ""2. ES5/ES6 Behavior Difference"", ""Runtime Environment?"": ""False"", ""Source Code Snippet?"": ""False"", ""Stack Trace?"": ""False"", ""Title"": ""es6 module support flag"", ""URL"": ""https://github.com/emscripten-core/emscripten/issues/6284"", ""WebAssembly-Specific Paradigm"": ""Runtime Implementation Discrepancy""}",data/raw_stage1/ase2021_an_empirical_study_of_bugs/qualitative_dataset.csv,,138
ase2021_an_empirical_study_of_bugs:b89b1af4be3723e3,ase2021_an_empirical_study_of_bugs,webassembly_compilers,https://github.com/emscripten-core/emscripten/pull/6208,Wrong random number generator chosen on node,,,2018-02-07T00:00:00+00:00,2019-01-22T00:00:00+00:00,,,NodeJS Crypto Issue,Runtime Implementation Discrepancy,7. NodeJS API Misuse,,,,Add check for random number generator in crypto module before calling,,"{""Bug Fix Category"": ""Add check for random number generator in crypto module before calling"", ""Bug Fix Category 2"": ""1. Fix Check on Environment Properties"", ""Bug Fix Link"": ""https://github.com/emscripten-core/emscripten/pull/6208/files"", ""Bug-Inducing Input is Simplified/Reduced in Size"": ""False"", ""Cannot Reproduce Locally"": ""False"", ""Closed Date"": ""2019-01-22"", ""Compiler Options/Command?"": ""False"", ""Compiler Version?"": ""False"", ""Created Date"": ""2018-02-07"", ""Developer Reported Difficult to Reproduce"": ""False"", ""Developer reported difficult to fix"": ""False"", ""Faulty WebAssembly Output?"": ""False"", ""ID"": ""57221.0"", ""Incorrect Result Output/ Ground Truth Known?"": ""False"", ""JS Code Snippet?"": ""True"", ""Root Cause Category"": ""NodeJS Crypto Issue"", ""Root Cause Category 2"": ""7. NodeJS API Misuse"", ""Runtime Environment?"": ""True"", ""Source Code Snippet?"": ""False"", ""Stack Trace?"": ""False"", ""Title"": ""Wrong random number generator chosen on node"", ""URL"": ""https://github.com/emscripten-core/emscripten/pull/6208"", ""WebAssembly-Specific Paradigm"": ""Runtime Implementation Discrepancy""}",data/raw_stage1/ase2021_an_empirical_study_of_bugs/qualitative_dataset.csv,,139
ase2021_an_empirical_study_of_bugs:5f565b4b9dae248d,ase2021_an_empirical_study_of_bugs,webassembly_compilers,https://github.com/emscripten-core/emscripten/issues/5797,"exception thrown: TypeError: undefined is not an object (evaluating 'AL.currentContext.ctx.listener._position[0]=v1'),_alListener3f",,,2017-11-15T00:00:00+00:00,2018-03-12T00:00:00+00:00,,Stack Trace?; Cannot Reproduce Locally,Safari OpenAL Immutable Native Object Issue,Runtime Implementation Discrepancy,2. Safari Behavior Difference,,,,Copy object to allow modification,,"{""Bug Fix Category"": ""Copy object to allow modification"", ""Bug Fix Category 2"": ""4. Avoid Behavior Discrepencies"", ""Bug Fix Link"": ""https://github.com/emscripten-core/emscripten/pull/6320/files"", ""Bug-Inducing Input is Simplified/Reduced in Size"": ""False"", ""Cannot Reproduce Locally"": ""True"", ""Closed Date"": ""2018-03-12"", ""Compiler Options/Command?"": ""True"", ""Compiler Version?"": ""True"", ""Created Date"": ""2017-11-15"", ""Developer Reported Difficult to Reproduce"": ""False"", ""Developer reported difficult to fix"": ""False"", ""Faulty WebAssembly Output?"": ""False"", ""ID"": ""57632.0"", ""Incorrect Result Output/ Ground Truth Known?"": ""False"", ""JS Code Snippet?"": ""True"", ""Root Cause Category"": ""Safari OpenAL Immutable Native Object Issue"", ""Root Cause Category 2"": ""2. Safari Behavior Difference"", ""Runtime Environment?"": ""True"", ""Source Code Snippet?"": ""False"", ""Stack Trace?"": ""True"", ""Title"": ""exception thrown: TypeError: undefined is not an object (evaluating 'AL.currentContext.ctx.listener._position[0]=v1'),_alListener3f"", ""URL"": ""https://github.com/emscripten-core/emscripten/issues/5797"", ""WebAssembly-Specific Paradigm"": ""Runtime Implementation Discrepancy""}",data/raw_stage1/ase2021_an_empirical_study_of_bugs/qualitative_dataset.csv,,140
ase2021_an_empirical_study_of_bugs:a7520bcada9ed171,ase2021_an_empirical_study_of_bugs,webassembly_compilers,https://github.com/emscripten-core/emscripten/issues/4111,Chrome Canary breaks regexes run on function toString(),,,2016-02-18T00:00:00+00:00,2016-02-20T00:00:00+00:00,,Incorrect Result Output/ Ground Truth Known?,Chrome toString Change,Runtime Implementation Discrepancy,3. Chrome API Change,,,,Improve Regex run on function names in toString,,"{""Bug Fix Category"": ""Improve Regex run on function names in toString"", ""Bug Fix Category 2"": ""3. Update Changed Behavior"", ""Bug Fix Link"": ""https://github.com/emscripten-core/emscripten/commit/659ba7750ce1f33aaa6c12b7d544f65a277bfd8d"", ""Bug-Inducing Input is Simplified/Reduced in Size"": ""False"", ""Cannot Reproduce Locally"": ""False"", ""Closed Date"": ""2016-02-20"", ""Compiler Options/Command?"": ""False"", ""Compiler Version?"": ""False"", ""Created Date"": ""2016-02-18"", ""Developer Reported Difficult to Reproduce"": ""False"", ""Developer reported difficult to fix"": ""False"", ""Faulty WebAssembly Output?"": ""False"", ""ID"": ""59313.0"", ""Incorrect Result Output/ Ground Truth Known?"": ""True"", ""JS Code Snippet?"": ""True"", ""Root Cause Category"": ""Chrome toString Change"", ""Root Cause Category 2"": ""3. Chrome API Change"", ""Runtime Environment?"": ""True"", ""Source Code Snippet?"": ""False"", ""Stack Trace?"": ""False"", ""Title"": ""Chrome Canary breaks regexes run on function toString()"", ""URL"": ""https://github.com/emscripten-core/emscripten/issues/4111"", ""WebAssembly-Specific Paradigm"": ""Runtime Implementation Discrepancy""}",data/raw_stage1/ase2021_an_empirical_study_of_bugs/qualitative_dataset.csv,,141
ase2021_an_empirical_study_of_bugs:505dda23ee6f4d6d,ase2021_an_empirical_study_of_bugs,webassembly_compilers,https://github.com/emscripten-core/emscripten/issues/10233,browser.test_sdl2_ttf test is flakey,,,2020-01-17T00:00:00+00:00,2020-01-29T00:00:00+00:00,,Stack Trace?; Cannot Reproduce Locally,CI Timing Issue,Runtime Implementation Discrepancy,8. Other Performance Issue (on chrome and firefox),,,,Simplify test to avoid excessive main loop rendering,,"{""Bug Fix Category"": ""Simplify test to avoid excessive main loop rendering"", ""Bug Fix Category 2"": ""4. Avoid Behavior Discrepencies"", ""Bug Fix Link"": ""https://github.com/emscripten-core/emscripten/pull/10296/files"", ""Bug-Inducing Input is Simplified/Reduced in Size"": ""False"", ""Cannot Reproduce Locally"": ""True"", ""Closed Date"": ""2020-01-29"", ""Compiler Options/Command?"": ""False"", ""Compiler Version?"": ""False"", ""Created Date"": ""2020-01-17"", ""Developer Reported Difficult to Reproduce"": ""True"", ""Developer reported difficult to fix"": ""False"", ""Faulty WebAssembly Output?"": ""False"", ""ID"": ""53279.0"", ""Incorrect Result Output/ Ground Truth Known?"": ""False"", ""JS Code Snippet?"": ""False"", ""Root Cause Category"": ""CI Timing Issue"", ""Root Cause Category 2"": ""8. Other Performance Issue (on chrome and firefox)"", ""Runtime Environment?"": ""True"", ""Source Code Snippet?"": ""False"", ""Stack Trace?"": ""True"", ""Title"": ""browser.test_sdl2_ttf test is flakey"", ""URL"": ""https://github.com/emscripten-core/emscripten/issues/10233"", ""WebAssembly-Specific Paradigm"": ""Runtime Implementation Discrepancy""}",data/raw_stage1/ase2021_an_empirical_study_of_bugs/qualitative_dataset.csv,,142
ase2021_an_empirical_study_of_bugs:4af72396d0bf3ae2,ase2021_an_empirical_study_of_bugs,webassembly_compilers,https://github.com/emscripten-core/emscripten/pull/4093,Fix interactive.test_html5_mouse,,,2016-02-11T00:00:00+00:00,2016-02-14T00:00:00+00:00,,Stack Trace?; Incorrect Result Output/ Ground Truth Known?,Firefox and Chrome Button Mousedown Issue,Runtime Implementation Discrepancy,9. Other API Change,,,,Fix mousedown handler,,"{""Bug Fix Category"": ""Fix mousedown handler"", ""Bug Fix Category 2"": ""3. Update Changed Behavior"", ""Bug Fix Link"": ""https://github.com/emscripten-core/emscripten/pull/4093/files"", ""Bug-Inducing Input is Simplified/Reduced in Size"": ""False"", ""Cannot Reproduce Locally"": ""False"", ""Closed Date"": ""2016-02-14"", ""Compiler Options/Command?"": ""False"", ""Compiler Version?"": ""False"", ""Created Date"": ""2016-02-11"", ""Developer Reported Difficult to Reproduce"": ""False"", ""Developer reported difficult to fix"": ""False"", ""Faulty WebAssembly Output?"": ""False"", ""ID"": ""59331.0"", ""Incorrect Result Output/ Ground Truth Known?"": ""True"", ""JS Code Snippet?"": ""False"", ""Root Cause Category"": ""Firefox and Chrome Button Mousedown Issue"", ""Root Cause Category 2"": ""9. Other API Change"", ""Runtime Environment?"": ""True"", ""Source Code Snippet?"": ""False"", ""Stack Trace?"": ""True"", ""Title"": ""Fix interactive.test_html5_mouse"", ""URL"": ""https://github.com/emscripten-core/emscripten/pull/4093"", ""WebAssembly-Specific Paradigm"": ""Runtime Implementation Discrepancy""}",data/raw_stage1/ase2021_an_empirical_study_of_bugs/qualitative_dataset.csv,,143
ase2021_an_empirical_study_of_bugs:ce5d608d574362f2,ase2021_an_empirical_study_of_bugs,webassembly_compilers,https://github.com/emscripten-core/emscripten/pull/5117,Fix embinding functions for wasm backend,,,2017-04-07T00:00:00+00:00,2017-04-18T00:00:00+00:00,,,Function Pointer Bitcasting Unsupported,WebAssembly Limitation,1. Function Pointer Bitcasting,,,,Use workaround,,"{""Bug Fix Category"": ""Use workaround"", ""Bug Fix Category 2"": ""1. Provide Workaround"", ""Bug Fix Link"": ""https://github.com/emscripten-core/emscripten/pull/5117/files"", ""Bug-Inducing Input is Simplified/Reduced in Size"": ""False"", ""Cannot Reproduce Locally"": ""False"", ""Closed Date"": ""2017-04-18"", ""Compiler Options/Command?"": ""False"", ""Compiler Version?"": ""False"", ""Created Date"": ""2017-04-07"", ""Developer Reported Difficult to Reproduce"": ""False"", ""Developer reported difficult to fix"": ""True"", ""Faulty WebAssembly Output?"": ""False"", ""ID"": ""58312.0"", ""Incorrect Result Output/ Ground Truth Known?"": ""False"", ""JS Code Snippet?"": ""False"", ""Root Cause Category"": ""Function Pointer Bitcasting Unsupported"", ""Root Cause Category 2"": ""1. Function Pointer Bitcasting"", ""Runtime Environment?"": ""False"", ""Source Code Snippet?"": ""True"", ""Stack Trace?"": ""False"", ""Title"": ""Fix embinding functions for wasm backend"", ""URL"": ""https://github.com/emscripten-core/emscripten/pull/5117"", ""WebAssembly-Specific Paradigm"": ""WebAssembly Limitation""}",data/raw_stage1/ase2021_an_empirical_study_of_bugs/qualitative_dataset.csv,,144
ase2021_an_empirical_study_of_bugs:16a6462cb790aadc,ase2021_an_empirical_study_of_bugs,webassembly_compilers,https://github.com/emscripten-core/emscripten/issues/5204,Usage of sigsetjmp/siglongjmp leads to undefined symbol references,,,2017-05-06T00:00:00+00:00,2017-08-12T00:00:00+00:00,,Stack Trace?; Incorrect Result Output/ Ground Truth Known?,Sigsetjmp/Siglongjmp Unsupported,WebAssembly Limitation,2. Sigsetjmp/Siglongjmp/Signals,,,,Implement stub functions,,"{""Bug Fix Category"": ""Implement stub functions"", ""Bug Fix Category 2"": ""2. Provide Workaround"", ""Bug Fix Link"": ""https://github.com/emscripten-core/emscripten/pull/5295/files"", ""Bug-Inducing Input is Simplified/Reduced in Size"": ""False"", ""Cannot Reproduce Locally"": ""False"", ""Closed Date"": ""2017-08-12"", ""Compiler Options/Command?"": ""False"", ""Compiler Version?"": ""False"", ""Created Date"": ""2017-05-06"", ""Developer Reported Difficult to Reproduce"": ""False"", ""Developer reported difficult to fix"": ""True"", ""Faulty WebAssembly Output?"": ""False"", ""ID"": ""58225.0"", ""Incorrect Result Output/ Ground Truth Known?"": ""True"", ""JS Code Snippet?"": ""False"", ""Root Cause Category"": ""Sigsetjmp/Siglongjmp Unsupported"", ""Root Cause Category 2"": ""2. Sigsetjmp/Siglongjmp/Signals"", ""Runtime Environment?"": ""False"", ""Source Code Snippet?"": ""True"", ""Stack Trace?"": ""True"", ""Title"": ""Usage of sigsetjmp/siglongjmp leads to undefined symbol references"", ""URL"": ""https://github.com/emscripten-core/emscripten/issues/5204"", ""WebAssembly-Specific Paradigm"": ""WebAssembly Limitation""}",data/raw_stage1/ase2021_an_empirical_study_of_bugs/qualitative_dataset.csv,,145
