record_id,paper_id,source_project,issue_url,title,body,comments,created_at,updated_at,state,symptom,root_cause,bug_type,component,sub_component,trigger_condition,consequence,fix_type,severity_or_impact,original_label_json,source_file,source_sheet,source_row_index
icse2021_iot_bugs_and_development_challenges:165bb86d98123601,icse2021_iot_bugs_and_development_challenges,iot_projects,https://github.com/256dpi/arduino-mqtt/issues/135,ARDUINO-MQTT/135,,,,,,,,,,,,,,,"{""ID"": ""ARDUINO-MQTT/135"", ""stage"": ""stage2""}",data/raw/icse2021_iot_bugs_and_development_challenges/323-analyzed-bugs.csv,,88.0
icse2021_iot_bugs_and_development_challenges:debb0051adcbaf2b,icse2021_iot_bugs_and_development_challenges,iot_projects,https://github.com/AlCalzone/node-tradfri-client/issues/101,NODE-TRADFRI-CLIENT/101,,,,,,,,,,,,,,,"{""ID"": ""NODE-TRADFRI-CLIENT/101"", ""stage"": ""stage2""}",data/raw/icse2021_iot_bugs_and_development_challenges/323-analyzed-bugs.csv,,62.0
icse2021_iot_bugs_and_development_challenges:d81013f272f2dc91,icse2021_iot_bugs_and_development_challenges,iot_projects,https://github.com/AlCalzone/node-tradfri-client/issues/33,NODE-TRADFRI-CLIENT/33,,,,,,,,,,,,,,,"{""ID"": ""NODE-TRADFRI-CLIENT/33"", ""stage"": ""stage2""}",data/raw/icse2021_iot_bugs_and_development_challenges/323-analyzed-bugs.csv,,28.0
icse2021_iot_bugs_and_development_challenges:8f171af35e206177,icse2021_iot_bugs_and_development_challenges,iot_projects,https://github.com/AstroPrint/OctoPrint-AstroPrint/issues/18,OCTOPRINT-ASTROPRINT/18,,,,,,,,,,,,,,,"{""ID"": ""OCTOPRINT-ASTROPRINT/18"", ""stage"": ""stage2""}",data/raw/icse2021_iot_bugs_and_development_challenges/323-analyzed-bugs.csv,,126.0
icse2021_iot_bugs_and_development_challenges:dfd04616171528b0,icse2021_iot_bugs_and_development_challenges,iot_projects,https://github.com/AstroPrint/OctoPrint-AstroPrint/issues/26,OCTOPRINT-ASTROPRINT/26,,,,,,,,,,,,,,,"{""ID"": ""OCTOPRINT-ASTROPRINT/26"", ""stage"": ""stage2""}",data/raw/icse2021_iot_bugs_and_development_challenges/323-analyzed-bugs.csv,,142.0
icse2021_iot_bugs_and_development_challenges:c3f36953fe9e29cc,icse2021_iot_bugs_and_development_challenges,iot_projects,https://github.com/Azure/azure-iot-sdk-c/issues/213,AZURE-IOT-SDK-C/213,,,,,,,,,,,,,,,"{""ID"": ""AZURE-IOT-SDK-C/213"", ""stage"": ""stage2""}",data/raw/icse2021_iot_bugs_and_development_challenges/323-analyzed-bugs.csv,,91.0
icse2021_iot_bugs_and_development_challenges:c1771318562a13fd,icse2021_iot_bugs_and_development_challenges,iot_projects,https://github.com/Azure/azure-iot-sdk-c/issues/445,AZURE-IOT-SDK-C/445,,,,,,,,,,,,,,,"{""ID"": ""AZURE-IOT-SDK-C/445"", ""stage"": ""stage2""}",data/raw/icse2021_iot_bugs_and_development_challenges/323-analyzed-bugs.csv,,53.0
icse2021_iot_bugs_and_development_challenges:f8ca853563e2dc23,icse2021_iot_bugs_and_development_challenges,iot_projects,https://github.com/Azure/azure-iot-sdk-c/issues/481,AZURE-IOT-SDK-C/481,,,,,,,,,,,,,,,"{""ID"": ""AZURE-IOT-SDK-C/481"", ""stage"": ""stage2""}",data/raw/icse2021_iot_bugs_and_development_challenges/323-analyzed-bugs.csv,,66.0
icse2021_iot_bugs_and_development_challenges:451306469767a9a2,icse2021_iot_bugs_and_development_challenges,iot_projects,https://github.com/Azure/azure-iot-sdk-c/issues/507,AZURE-IOT-SDK-C/507,,,,,,,,,,,,,,,"{""ID"": ""AZURE-IOT-SDK-C/507"", ""stage"": ""stage2""}",data/raw/icse2021_iot_bugs_and_development_challenges/323-analyzed-bugs.csv,,107.0
icse2021_iot_bugs_and_development_challenges:0f5af349ea2cf484,icse2021_iot_bugs_and_development_challenges,iot_projects,https://github.com/Azure/azure-iot-sdk-c/issues/556,AZURE-IOT-SDK-C/556,,,,,,,,,,,,,,,"{""ID"": ""AZURE-IOT-SDK-C/556"", ""stage"": ""stage2""}",data/raw/icse2021_iot_bugs_and_development_challenges/323-analyzed-bugs.csv,,155.0
icse2021_iot_bugs_and_development_challenges:061ab11bcc1d0005,icse2021_iot_bugs_and_development_challenges,iot_projects,https://github.com/Azure/azure-iot-sdk-c/issues/657,AZURE-IOT-SDK-C/657,,,,,,,,,,,,,,,"{""ID"": ""AZURE-IOT-SDK-C/657"", ""stage"": ""stage2""}",data/raw/icse2021_iot_bugs_and_development_challenges/323-analyzed-bugs.csv,,7.0
icse2021_iot_bugs_and_development_challenges:49566a15806cfb7c,icse2021_iot_bugs_and_development_challenges,iot_projects,https://github.com/Azure/azure-iot-sdk-c/issues/688,AZURE-IOT-SDK-C/688,,,,,,,,,,,,,,,"{""ID"": ""AZURE-IOT-SDK-C/688"", ""stage"": ""stage2""}",data/raw/icse2021_iot_bugs_and_development_challenges/323-analyzed-bugs.csv,,68.0
icse2021_iot_bugs_and_development_challenges:ede945d3342659e3,icse2021_iot_bugs_and_development_challenges,iot_projects,https://github.com/Azure/azure-iot-sdk-c/issues/750,AZURE-IOT-SDK-C/750,,,,,,,,,,,,,,,"{""ID"": ""AZURE-IOT-SDK-C/750"", ""stage"": ""stage2""}",data/raw/icse2021_iot_bugs_and_development_challenges/323-analyzed-bugs.csv,,84.0
icse2021_iot_bugs_and_development_challenges:ea8e63e38f064210,icse2021_iot_bugs_and_development_challenges,iot_projects,https://github.com/Azure/azure-iot-sdk-c/issues/755,AZURE-IOT-SDK-C/755,,,,,,,,,,,,,,,"{""ID"": ""AZURE-IOT-SDK-C/755"", ""stage"": ""stage2""}",data/raw/icse2021_iot_bugs_and_development_challenges/323-analyzed-bugs.csv,,14.0
icse2021_iot_bugs_and_development_challenges:76ea39329f729af7,icse2021_iot_bugs_and_development_challenges,iot_projects,https://github.com/Azure/azure-iot-sdk-c/issues/774,AZURE-IOT-SDK-C/774,,,,,,,,,,,,,,,"{""ID"": ""AZURE-IOT-SDK-C/774"", ""stage"": ""stage2""}",data/raw/icse2021_iot_bugs_and_development_challenges/323-analyzed-bugs.csv,,35.0
icse2021_iot_bugs_and_development_challenges:4ca5947e656d10a0,icse2021_iot_bugs_and_development_challenges,iot_projects,https://github.com/Azure/azure-iot-sdk-c/issues/775,AZURE-IOT-SDK-C/775,,,,,,,,,,,,,,,"{""ID"": ""AZURE-IOT-SDK-C/775"", ""stage"": ""stage2""}",data/raw/icse2021_iot_bugs_and_development_challenges/323-analyzed-bugs.csv,,225.0
icse2021_iot_bugs_and_development_challenges:4f6a128c47ecb8af,icse2021_iot_bugs_and_development_challenges,iot_projects,https://github.com/Azure/azure-iot-sdk-c/issues/814,AZURE-IOT-SDK-C/814,,,,,,,,,,,,,,,"{""ID"": ""AZURE-IOT-SDK-C/814"", ""stage"": ""stage2""}",data/raw/icse2021_iot_bugs_and_development_challenges/323-analyzed-bugs.csv,,26.0
icse2021_iot_bugs_and_development_challenges:4a8fd8651cfd29b4,icse2021_iot_bugs_and_development_challenges,iot_projects,https://github.com/Azure/azure-iot-sdk-c/issues/815,AZURE-IOT-SDK-C/815,,,,,,,,,,,,,,,"{""ID"": ""AZURE-IOT-SDK-C/815"", ""stage"": ""stage2""}",data/raw/icse2021_iot_bugs_and_development_challenges/323-analyzed-bugs.csv,,82.0
icse2021_iot_bugs_and_development_challenges:71906f33adcf3536,icse2021_iot_bugs_and_development_challenges,iot_projects,https://github.com/Azure/azure-iot-sdk-c/issues/906,AZURE-IOT-SDK-C/906,,,,,,,,,,,,,,,"{""ID"": ""AZURE-IOT-SDK-C/906"", ""stage"": ""stage2""}",data/raw/icse2021_iot_bugs_and_development_challenges/323-analyzed-bugs.csv,,10.0
icse2021_iot_bugs_and_development_challenges:f7374333cd4610e9,icse2021_iot_bugs_and_development_challenges,iot_projects,https://github.com/Azure/iot-edge-v1/issues/275,IOT-EDGE-V1/275,,,,,,,,,,,,,,,"{""ID"": ""IOT-EDGE-V1/275"", ""stage"": ""stage2""}",data/raw/icse2021_iot_bugs_and_development_challenges/323-analyzed-bugs.csv,,112.0
icse2021_iot_bugs_and_development_challenges:1133e5a120659520,icse2021_iot_bugs_and_development_challenges,iot_projects,https://github.com/Azure/iot-edge-v1/issues/474,IOT-EDGE-V1/474,,,,,,,,,,,,,,,"{""ID"": ""IOT-EDGE-V1/474"", ""stage"": ""stage2""}",data/raw/icse2021_iot_bugs_and_development_challenges/323-analyzed-bugs.csv,,44.0
icse2021_iot_bugs_and_development_challenges:004ec5a6184dd91e,icse2021_iot_bugs_and_development_challenges,iot_projects,https://github.com/Azure/iot-edge-v1/issues/541,IOT-EDGE-V1/541,,,,,,,,,,,,,,,"{""ID"": ""IOT-EDGE-V1/541"", ""stage"": ""stage2""}",data/raw/icse2021_iot_bugs_and_development_challenges/323-analyzed-bugs.csv,,38.0
icse2021_iot_bugs_and_development_challenges:72c6582398919107,icse2021_iot_bugs_and_development_challenges,iot_projects,https://github.com/Azure/iotedgedev/issues/198,IOTEDGEDEV/198,,,,,,,,,,,,,,,"{""ID"": ""IOTEDGEDEV/198"", ""stage"": ""stage2""}",data/raw/icse2021_iot_bugs_and_development_challenges/323-analyzed-bugs.csv,,163.0
icse2021_iot_bugs_and_development_challenges:67838f1abdb3cb7a,icse2021_iot_bugs_and_development_challenges,iot_projects,https://github.com/Azure/iotedgedev/issues/44,IOTEDGEDEV/44,,,,,,,,,,,,,,,"{""ID"": ""IOTEDGEDEV/44"", ""stage"": ""stage2""}",data/raw/icse2021_iot_bugs_and_development_challenges/323-analyzed-bugs.csv,,164.0
icse2021_iot_bugs_and_development_challenges:823643fa4308e024,icse2021_iot_bugs_and_development_challenges,iot_projects,https://github.com/CommonGarden/Grow-IoT/issues/72,GROW-IOT/72,,,,,,,,,,,,,,,"{""ID"": ""GROW-IOT/72"", ""stage"": ""stage2""}",data/raw/icse2021_iot_bugs_and_development_challenges/323-analyzed-bugs.csv,,121.0
icse2021_iot_bugs_and_development_challenges:22da74d37e471336,icse2021_iot_bugs_and_development_challenges,iot_projects,https://github.com/DexterInd/GrovePi/issues/412,GROVEPI/412,,,,,,,,,,,,,,,"{""ID"": ""GROVEPI/412"", ""stage"": ""stage2""}",data/raw/icse2021_iot_bugs_and_development_challenges/323-analyzed-bugs.csv,,309.0
icse2021_iot_bugs_and_development_challenges:bf0333f21d421b94,icse2021_iot_bugs_and_development_challenges,iot_projects,https://github.com/DexterInd/GrovePi/issues/418,GROVEPI/418,,,,,,,,,,,,,,,"{""ID"": ""GROVEPI/418"", ""stage"": ""stage2""}",data/raw/icse2021_iot_bugs_and_development_challenges/323-analyzed-bugs.csv,,310.0
icse2021_iot_bugs_and_development_challenges:3c412bc89b0a20f5,icse2021_iot_bugs_and_development_challenges,iot_projects,https://github.com/GladysAssistant/Gladys/issues/169,GLADYS/169,,,,,,,,,,,,,,,"{""ID"": ""GLADYS/169"", ""stage"": ""stage2""}",data/raw/icse2021_iot_bugs_and_development_challenges/323-analyzed-bugs.csv,,137.0
icse2021_iot_bugs_and_development_challenges:128d915572b0c63b,icse2021_iot_bugs_and_development_challenges,iot_projects,https://github.com/GladysAssistant/Gladys/issues/198,GLADYS/198,,,,,,,,,,,,,,,"{""ID"": ""GLADYS/198"", ""stage"": ""stage2""}",data/raw/icse2021_iot_bugs_and_development_challenges/323-analyzed-bugs.csv,,118.0
icse2021_iot_bugs_and_development_challenges:922b052b577937eb,icse2021_iot_bugs_and_development_challenges,iot_projects,https://github.com/GladysAssistant/Gladys/issues/218,GLADYS/218,,,,,,,,,,,,,,,"{""ID"": ""GLADYS/218"", ""stage"": ""stage2""}",data/raw/icse2021_iot_bugs_and_development_challenges/323-analyzed-bugs.csv,,55.0
icse2021_iot_bugs_and_development_challenges:3ff335276e0426b2,icse2021_iot_bugs_and_development_challenges,iot_projects,https://github.com/GladysAssistant/Gladys/issues/335,GLADYS/335,,,,,,,,,,,,,,,"{""ID"": ""GLADYS/335"", ""stage"": ""stage2""}",data/raw/icse2021_iot_bugs_and_development_challenges/323-analyzed-bugs.csv,,231.0
icse2021_iot_bugs_and_development_challenges:1669784d44f0c57c,icse2021_iot_bugs_and_development_challenges,iot_projects,https://github.com/GladysAssistant/Gladys/issues/390,GLADYS/390,,,,,,,,,,,,,,,"{""ID"": ""GLADYS/390"", ""stage"": ""stage2""}",data/raw/icse2021_iot_bugs_and_development_challenges/323-analyzed-bugs.csv,,115.0
icse2021_iot_bugs_and_development_challenges:c7b0196fe6957f63,icse2021_iot_bugs_and_development_challenges,iot_projects,https://github.com/GladysAssistant/Gladys/issues/413,GLADYS/413,,,,,,,,,,,,,,,"{""ID"": ""GLADYS/413"", ""stage"": ""stage2""}",data/raw/icse2021_iot_bugs_and_development_challenges/323-analyzed-bugs.csv,,130.0
icse2021_iot_bugs_and_development_challenges:08f67ee4799062b1,icse2021_iot_bugs_and_development_challenges,iot_projects,https://github.com/GladysAssistant/Gladys/issues/571,GLADYS/571,,,,,,,,,,,,,,,"{""ID"": ""GLADYS/571"", ""stage"": ""stage2""}",data/raw/icse2021_iot_bugs_and_development_challenges/323-analyzed-bugs.csv,,152.0
icse2021_iot_bugs_and_development_challenges:a6d336f1e7636130,icse2021_iot_bugs_and_development_challenges,iot_projects,https://github.com/JakeHartnell/Grow.js/issues/95,GROW.JS/95,,,,,,,,,,,,,,,"{""ID"": ""GROW.JS/95"", ""stage"": ""stage2""}",data/raw/icse2021_iot_bugs_and_development_challenges/323-analyzed-bugs.csv,,282.0
icse2021_iot_bugs_and_development_challenges:49120c34a9597729,icse2021_iot_bugs_and_development_challenges,iot_projects,https://github.com/Koenkk/zigbee2mqtt/issues/107,ZIGBEE2MQTT/107,,,,,,,,,,,,,,,"{""ID"": ""ZIGBEE2MQTT/107"", ""stage"": ""stage2""}",data/raw/icse2021_iot_bugs_and_development_challenges/323-analyzed-bugs.csv,,263.0
icse2021_iot_bugs_and_development_challenges:799478b42a1c6779,icse2021_iot_bugs_and_development_challenges,iot_projects,https://github.com/MCS-Lite/mcs-lite-app/pull/212,MCS-LITE-APP/212,,,,,,,,,,,,,,,"{""ID"": ""MCS-LITE-APP/212"", ""stage"": ""stage2""}",data/raw/icse2021_iot_bugs_and_development_challenges/323-analyzed-bugs.csv,,34.0
icse2021_iot_bugs_and_development_challenges:78d77f51d64311b8,icse2021_iot_bugs_and_development_challenges,iot_projects,https://github.com/MCS-Lite/mcs-lite-app/pull/56,MCS-LITE-APP/56,,,,,,,,,,,,,,,"{""ID"": ""MCS-LITE-APP/56"", ""stage"": ""stage2""}",data/raw/icse2021_iot_bugs_and_development_challenges/323-analyzed-bugs.csv,,108.0
icse2021_iot_bugs_and_development_challenges:44076be06cd216e2,icse2021_iot_bugs_and_development_challenges,iot_projects,https://github.com/NEEOInc/neeo-sdk/issues/164,NEEO-SDK/164,,,,,,,,,,,,,,,"{""ID"": ""NEEO-SDK/164"", ""stage"": ""stage2""}",data/raw/icse2021_iot_bugs_and_development_challenges/323-analyzed-bugs.csv,,104.0
icse2021_iot_bugs_and_development_challenges:7642894837b419e2,icse2021_iot_bugs_and_development_challenges,iot_projects,https://github.com/NEEOInc/neeo-sdk/issues/23,NEEO-SDK/23,,,,,,,,,,,,,,,"{""ID"": ""NEEO-SDK/23"", ""stage"": ""stage2""}",data/raw/icse2021_iot_bugs_and_development_challenges/323-analyzed-bugs.csv,,175.0
icse2021_iot_bugs_and_development_challenges:88bf344c90ce761f,icse2021_iot_bugs_and_development_challenges,iot_projects,https://github.com/Nekmo/amazon-dash/issues/132,AMAZON-DASH/132,,,,,,,,,,,,,,,"{""ID"": ""AMAZON-DASH/132"", ""stage"": ""stage2""}",data/raw/icse2021_iot_bugs_and_development_challenges/323-analyzed-bugs.csv,,63.0
icse2021_iot_bugs_and_development_challenges:d4fda06fa318bfe1,icse2021_iot_bugs_and_development_challenges,iot_projects,https://github.com/Nekmo/amazon-dash/issues/15,AMAZON-DASH/15,,,,,,,,,,,,,,,"{""ID"": ""AMAZON-DASH/15"", ""stage"": ""stage2""}",data/raw/icse2021_iot_bugs_and_development_challenges/323-analyzed-bugs.csv,,32.0
icse2021_iot_bugs_and_development_challenges:39f8f82e28aa0814,icse2021_iot_bugs_and_development_challenges,iot_projects,https://github.com/Norien/Home-Assistant-Config/issues/2,HOME-ASSISTANT-CONFIG/2,,,,,,,,,,,,,,,"{""ID"": ""HOME-ASSISTANT-CONFIG/2"", ""stage"": ""stage2""}",data/raw/icse2021_iot_bugs_and_development_challenges/323-analyzed-bugs.csv,,274.0
icse2021_iot_bugs_and_development_challenges:00b87d3b90705dc5,icse2021_iot_bugs_and_development_challenges,iot_projects,https://github.com/OpenZWave/Zwave2Mqtt/issues/141,ZWAVE2MQTT/141,,,,,,,,,,,,,,,"{""ID"": ""ZWAVE2MQTT/141"", ""stage"": ""stage2""}",data/raw/icse2021_iot_bugs_and_development_challenges/323-analyzed-bugs.csv,,204.0
icse2021_iot_bugs_and_development_challenges:c383cf71a351823b,icse2021_iot_bugs_and_development_challenges,iot_projects,https://github.com/OpenZWave/Zwave2Mqtt/issues/173,ZWAVE2MQTT/173,,,,,,,,,,,,,,,"{""ID"": ""ZWAVE2MQTT/173"", ""stage"": ""stage2""}",data/raw/icse2021_iot_bugs_and_development_challenges/323-analyzed-bugs.csv,,9.0
icse2021_iot_bugs_and_development_challenges:fac855fa75d0e5c6,icse2021_iot_bugs_and_development_challenges,iot_projects,https://github.com/OpenZWave/Zwave2Mqtt/issues/181,ZWAVE2MQTT/181,,,,,,,,,,,,,,,"{""ID"": ""ZWAVE2MQTT/181"", ""stage"": ""stage2""}",data/raw/icse2021_iot_bugs_and_development_challenges/323-analyzed-bugs.csv,,127.0
icse2021_iot_bugs_and_development_challenges:a3e84277a70c9a49,icse2021_iot_bugs_and_development_challenges,iot_projects,https://github.com/OpenZWave/Zwave2Mqtt/issues/186,ZWAVE2MQTT/186,,,,,,,,,,,,,,,"{""ID"": ""ZWAVE2MQTT/186"", ""stage"": ""stage2""}",data/raw/icse2021_iot_bugs_and_development_challenges/323-analyzed-bugs.csv,,224.0
icse2021_iot_bugs_and_development_challenges:b839234d03960dd8,icse2021_iot_bugs_and_development_challenges,iot_projects,https://github.com/OpenZWave/Zwave2Mqtt/issues/203,ZWAVE2MQTT/203,,,,,,,,,,,,,,,"{""ID"": ""ZWAVE2MQTT/203"", ""stage"": ""stage2""}",data/raw/icse2021_iot_bugs_and_development_challenges/323-analyzed-bugs.csv,,154.0
icse2021_iot_bugs_and_development_challenges:0d7ae4bdb0b4803b,icse2021_iot_bugs_and_development_challenges,iot_projects,https://github.com/OpenZWave/Zwave2Mqtt/issues/83,ZWAVE2MQTT/83,,,,,,,,,,,,,,,"{""ID"": ""ZWAVE2MQTT/83"", ""stage"": ""stage2""}",data/raw/icse2021_iot_bugs_and_development_challenges/323-analyzed-bugs.csv,,178.0
icse2021_iot_bugs_and_development_challenges:91a64ea762c06734,icse2021_iot_bugs_and_development_challenges,iot_projects,https://github.com/OpenZWave/Zwave2Mqtt/issues/87,ZWAVE2MQTT/87,,,,,,,,,,,,,,,"{""ID"": ""ZWAVE2MQTT/87"", ""stage"": ""stage2""}",data/raw/icse2021_iot_bugs_and_development_challenges/323-analyzed-bugs.csv,,235.0
icse2021_iot_bugs_and_development_challenges:72706258be6ea2c5,icse2021_iot_bugs_and_development_challenges,iot_projects,https://github.com/OpenZWave/Zwave2Mqtt/issues/88,ZWAVE2MQTT/88,,,,,,,,,,,,,,,"{""ID"": ""ZWAVE2MQTT/88"", ""stage"": ""stage2""}",data/raw/icse2021_iot_bugs_and_development_challenges/323-analyzed-bugs.csv,,223.0
icse2021_iot_bugs_and_development_challenges:dee0d272192b5b54,icse2021_iot_bugs_and_development_challenges,iot_projects,https://github.com/OpenZWave/Zwave2Mqtt/issues/90,ZWAVE2MQTT/90,,,,,,,,,,,,,,,"{""ID"": ""ZWAVE2MQTT/90"", ""stage"": ""stage2""}",data/raw/icse2021_iot_bugs_and_development_challenges/323-analyzed-bugs.csv,,219.0
icse2021_iot_bugs_and_development_challenges:f97920a8b63e736d,icse2021_iot_bugs_and_development_challenges,iot_projects,https://github.com/OpenZWave/Zwave2Mqtt/issues/96,ZWAVE2MQTT/96,,,,,,,,,,,,,,,"{""ID"": ""ZWAVE2MQTT/96"", ""stage"": ""stage2""}",data/raw/icse2021_iot_bugs_and_development_challenges/323-analyzed-bugs.csv,,148.0
icse2021_iot_bugs_and_development_challenges:ccfebdccc86be33a,icse2021_iot_bugs_and_development_challenges,iot_projects,https://github.com/adafruit/Adafruit_IO_Python/pull/95,ADAFRUIT_IO_PYTHON/95,,,,,,,,,,,,,,,"{""ID"": ""ADAFRUIT_IO_PYTHON/95"", ""stage"": ""stage2""}",data/raw/icse2021_iot_bugs_and_development_challenges/323-analyzed-bugs.csv,,269.0
icse2021_iot_bugs_and_development_challenges:b898b4efd67ca5de,icse2021_iot_bugs_and_development_challenges,iot_projects,https://github.com/alf45tar/PedalinoMini/issues/34,PEDALINOMINI/34,,,,,,,,,,,,,,,"{""ID"": ""PEDALINOMINI/34"", ""stage"": ""stage2""}",data/raw/icse2021_iot_bugs_and_development_challenges/323-analyzed-bugs.csv,,102.0
icse2021_iot_bugs_and_development_challenges:1ddcf0ec49b3ad53,icse2021_iot_bugs_and_development_challenges,iot_projects,https://github.com/alf45tar/PedalinoMini/issues/53,PEDALINOMINI/53,,,,,,,,,,,,,,,"{""ID"": ""PEDALINOMINI/53"", ""stage"": ""stage2""}",data/raw/icse2021_iot_bugs_and_development_challenges/323-analyzed-bugs.csv,,193.0
icse2021_iot_bugs_and_development_challenges:6969536ad0a75a30,icse2021_iot_bugs_and_development_challenges,iot_projects,https://github.com/balloob/pychromecast/issues/38,PYCHROMECAST/38,,,,,,,,,,,,,,,"{""ID"": ""PYCHROMECAST/38"", ""stage"": ""stage2""}",data/raw/icse2021_iot_bugs_and_development_challenges/323-analyzed-bugs.csv,,287.0
icse2021_iot_bugs_and_development_challenges:790f1b4d127f033a,icse2021_iot_bugs_and_development_challenges,iot_projects,https://github.com/balloob/pychromecast/issues/39,PYCHROMECAST/39,,,,,,,,,,,,,,,"{""ID"": ""PYCHROMECAST/39"", ""stage"": ""stage2""}",data/raw/icse2021_iot_bugs_and_development_challenges/323-analyzed-bugs.csv,,286.0
icse2021_iot_bugs_and_development_challenges:fcdeee2b66d55770,icse2021_iot_bugs_and_development_challenges,iot_projects,https://github.com/bertmelis/VitoWiFi/issues/28,VITOWIFI/28,,,,,,,,,,,,,,,"{""ID"": ""VITOWIFI/28"", ""stage"": ""stage2""}",data/raw/icse2021_iot_bugs_and_development_challenges/323-analyzed-bugs.csv,,15.0
icse2021_iot_bugs_and_development_challenges:58534a57c376766b,icse2021_iot_bugs_and_development_challenges,iot_projects,https://github.com/bertmelis/VitoWiFi/issues/3,VITOWIFI/3,,,,,,,,,,,,,,,"{""ID"": ""VITOWIFI/3"", ""stage"": ""stage2""}",data/raw/icse2021_iot_bugs_and_development_challenges/323-analyzed-bugs.csv,,135.0
icse2021_iot_bugs_and_development_challenges:d6e814b005bfa31a,icse2021_iot_bugs_and_development_challenges,iot_projects,https://github.com/blynkkk/blynk-library/issues/217,BLYNK-LIBRARY/217,,,,,,,,,,,,,,,"{""ID"": ""BLYNK-LIBRARY/217"", ""stage"": ""stage2""}",data/raw/icse2021_iot_bugs_and_development_challenges/323-analyzed-bugs.csv,,83.0
icse2021_iot_bugs_and_development_challenges:4e19561175e279c6,icse2021_iot_bugs_and_development_challenges,iot_projects,https://github.com/blynkkk/blynk-library/issues/310,BLYNK-LIBRARY/310,,,,,,,,,,,,,,,"{""ID"": ""BLYNK-LIBRARY/310"", ""stage"": ""stage2""}",data/raw/icse2021_iot_bugs_and_development_challenges/323-analyzed-bugs.csv,,31.0
icse2021_iot_bugs_and_development_challenges:7055d337b0d1b9e3,icse2021_iot_bugs_and_development_challenges,iot_projects,https://github.com/blynkkk/blynk-library/issues/345,BLYNK-LIBRARY/345,,,,,,,,,,,,,,,"{""ID"": ""BLYNK-LIBRARY/345"", ""stage"": ""stage2""}",data/raw/icse2021_iot_bugs_and_development_challenges/323-analyzed-bugs.csv,,29.0
icse2021_iot_bugs_and_development_challenges:0fed0a57cda29e78,icse2021_iot_bugs_and_development_challenges,iot_projects,https://github.com/blynkkk/blynk-server/issues/1103,BLYNK-SERVER/1103,,,,,,,,,,,,,,,"{""ID"": ""BLYNK-SERVER/1103"", ""stage"": ""stage2""}",data/raw/icse2021_iot_bugs_and_development_challenges/323-analyzed-bugs.csv,,240.0
icse2021_iot_bugs_and_development_challenges:b99d521a7e38ded7,icse2021_iot_bugs_and_development_challenges,iot_projects,https://github.com/blynkkk/blynk-server/issues/1112,BLYNK-SERVER/1112,,,,,,,,,,,,,,,"{""ID"": ""BLYNK-SERVER/1112"", ""stage"": ""stage2""}",data/raw/icse2021_iot_bugs_and_development_challenges/323-analyzed-bugs.csv,,247.0
icse2021_iot_bugs_and_development_challenges:81c0ddf6e36e8d04,icse2021_iot_bugs_and_development_challenges,iot_projects,https://github.com/blynkkk/blynk-server/issues/1114,BLYNK-SERVER/1114,,,,,,,,,,,,,,,"{""ID"": ""BLYNK-SERVER/1114"", ""stage"": ""stage2""}",data/raw/icse2021_iot_bugs_and_development_challenges/323-analyzed-bugs.csv,,202.0
icse2021_iot_bugs_and_development_challenges:6ac3617c341fdd22,icse2021_iot_bugs_and_development_challenges,iot_projects,https://github.com/blynkkk/blynk-server/issues/1133,BLYNK-SERVER/1133,,,,,,,,,,,,,,,"{""ID"": ""BLYNK-SERVER/1133"", ""stage"": ""stage2""}",data/raw/icse2021_iot_bugs_and_development_challenges/323-analyzed-bugs.csv,,216.0
icse2021_iot_bugs_and_development_challenges:c6912af29999a246,icse2021_iot_bugs_and_development_challenges,iot_projects,https://github.com/blynkkk/blynk-server/issues/1160,BLYNK-SERVER/1160,,,,,,,,,,,,,,,"{""ID"": ""BLYNK-SERVER/1160"", ""stage"": ""stage2""}",data/raw/icse2021_iot_bugs_and_development_challenges/323-analyzed-bugs.csv,,11.0
icse2021_iot_bugs_and_development_challenges:58d14437a66cfd95,icse2021_iot_bugs_and_development_challenges,iot_projects,https://github.com/blynkkk/blynk-server/issues/1183,BLYNK-SERVER/1183,,,,,,,,,,,,,,,"{""ID"": ""BLYNK-SERVER/1183"", ""stage"": ""stage2""}",data/raw/icse2021_iot_bugs_and_development_challenges/323-analyzed-bugs.csv,,211.0
icse2021_iot_bugs_and_development_challenges:3fd1903f3a0b3e1f,icse2021_iot_bugs_and_development_challenges,iot_projects,https://github.com/blynkkk/blynk-server/issues/1221,BLYNK-SERVER/1221,,,,,,,,,,,,,,,"{""ID"": ""BLYNK-SERVER/1221"", ""stage"": ""stage2""}",data/raw/icse2021_iot_bugs_and_development_challenges/323-analyzed-bugs.csv,,146.0
icse2021_iot_bugs_and_development_challenges:76efdeff9955732d,icse2021_iot_bugs_and_development_challenges,iot_projects,https://github.com/blynkkk/blynk-server/issues/1226,BLYNK-SERVER/1226,,,,,,,,,,,,,,,"{""ID"": ""BLYNK-SERVER/1226"", ""stage"": ""stage2""}",data/raw/icse2021_iot_bugs_and_development_challenges/323-analyzed-bugs.csv,,109.0
icse2021_iot_bugs_and_development_challenges:2673a2b928af08a4,icse2021_iot_bugs_and_development_challenges,iot_projects,https://github.com/blynkkk/blynk-server/issues/1244,BLYNK-SERVER/1244,,,,,,,,,,,,,,,"{""ID"": ""BLYNK-SERVER/1244"", ""stage"": ""stage2""}",data/raw/icse2021_iot_bugs_and_development_challenges/323-analyzed-bugs.csv,,220.0
icse2021_iot_bugs_and_development_challenges:32733b8eb5b2d438,icse2021_iot_bugs_and_development_challenges,iot_projects,https://github.com/blynkkk/blynk-server/issues/1305,BLYNK-SERVER/1305,,,,,,,,,,,,,,,"{""ID"": ""BLYNK-SERVER/1305"", ""stage"": ""stage2""}",data/raw/icse2021_iot_bugs_and_development_challenges/323-analyzed-bugs.csv,,42.0
icse2021_iot_bugs_and_development_challenges:6d765b252bfb8c76,icse2021_iot_bugs_and_development_challenges,iot_projects,https://github.com/blynkkk/blynk-server/issues/1348,BLYNK-SERVER/1348,,,,,,,,,,,,,,,"{""ID"": ""BLYNK-SERVER/1348"", ""stage"": ""stage2""}",data/raw/icse2021_iot_bugs_and_development_challenges/323-analyzed-bugs.csv,,65.0
icse2021_iot_bugs_and_development_challenges:ff25c02cdbe7390e,icse2021_iot_bugs_and_development_challenges,iot_projects,https://github.com/blynkkk/blynk-server/issues/487,BLYNK-SERVER/487,,,,,,,,,,,,,,,"{""ID"": ""BLYNK-SERVER/487"", ""stage"": ""stage2""}",data/raw/icse2021_iot_bugs_and_development_challenges/323-analyzed-bugs.csv,,227.0
icse2021_iot_bugs_and_development_challenges:f4a81a02573a8831,icse2021_iot_bugs_and_development_challenges,iot_projects,https://github.com/blynkkk/blynk-server/issues/944,BLYNK-SERVER/944,,,,,,,,,,,,,,,"{""ID"": ""BLYNK-SERVER/944"", ""stage"": ""stage2""}",data/raw/icse2021_iot_bugs_and_development_challenges/323-analyzed-bugs.csv,,237.0
icse2021_iot_bugs_and_development_challenges:e734092e999e3332,icse2021_iot_bugs_and_development_challenges,iot_projects,https://github.com/casanet/casanet-server/issues/37,CASANET-SERVER/37,,,,,,,,,,,,,,,"{""ID"": ""CASANET-SERVER/37"", ""stage"": ""stage2""}",data/raw/icse2021_iot_bugs_and_development_challenges/323-analyzed-bugs.csv,,176.0
icse2021_iot_bugs_and_development_challenges:08a4c401a4a8aec1,icse2021_iot_bugs_and_development_challenges,iot_projects,https://github.com/casanet/casanet-server/issues/7,CASANET-SERVER/7,,,,,,,,,,,,,,,"{""ID"": ""CASANET-SERVER/7"", ""stage"": ""stage2""}",data/raw/icse2021_iot_bugs_and_development_challenges/323-analyzed-bugs.csv,,159.0
icse2021_iot_bugs_and_development_challenges:cbb695213972b329,icse2021_iot_bugs_and_development_challenges,iot_projects,https://github.com/cesanta/mongoose-os/issues/277,MONGOOSE-OS/277,,,,,,,,,,,,,,,"{""ID"": ""MONGOOSE-OS/277"", ""stage"": ""stage2""}",data/raw/icse2021_iot_bugs_and_development_challenges/323-analyzed-bugs.csv,,306.0
icse2021_iot_bugs_and_development_challenges:5170c769ac3fe659,icse2021_iot_bugs_and_development_challenges,iot_projects,https://github.com/cesanta/mongoose-os/issues/317,MONGOOSE-OS/317,,,,,,,,,,,,,,,"{""ID"": ""MONGOOSE-OS/317"", ""stage"": ""stage2""}",data/raw/icse2021_iot_bugs_and_development_challenges/323-analyzed-bugs.csv,,305.0
icse2021_iot_bugs_and_development_challenges:d306e0a66f62352f,icse2021_iot_bugs_and_development_challenges,iot_projects,https://github.com/codetheweb/tuyapi/issues/176,TUYAPI/176,,,,,,,,,,,,,,,"{""ID"": ""TUYAPI/176"", ""stage"": ""stage2""}",data/raw/icse2021_iot_bugs_and_development_challenges/323-analyzed-bugs.csv,,60.0
icse2021_iot_bugs_and_development_challenges:0ac38bab82cca569,icse2021_iot_bugs_and_development_challenges,iot_projects,https://github.com/ct-Open-Source/tuya-convert/issues/187,TUYA-CONVERT/187,,,,,,,,,,,,,,,"{""ID"": ""TUYA-CONVERT/187"", ""stage"": ""stage2""}",data/raw/icse2021_iot_bugs_and_development_challenges/323-analyzed-bugs.csv,,2.0
icse2021_iot_bugs_and_development_challenges:f5a0281537dab4fb,icse2021_iot_bugs_and_development_challenges,iot_projects,https://github.com/danielwelch/hassio-zigbee2mqtt/issues/47,HASSIO-ZIGBEE2MQTT/47,,,,,,,,,,,,,,,"{""ID"": ""HASSIO-ZIGBEE2MQTT/47"", ""stage"": ""stage2""}",data/raw/icse2021_iot_bugs_and_development_challenges/323-analyzed-bugs.csv,,262.0
icse2021_iot_bugs_and_development_challenges:b0ab02b9eb0521f9,icse2021_iot_bugs_and_development_challenges,iot_projects,https://github.com/danimtb/dasshio/issues/72,DASSHIO/72,,,,,,,,,,,,,,,"{""ID"": ""DASSHIO/72"", ""stage"": ""stage2""}",data/raw/icse2021_iot_bugs_and_development_challenges/323-analyzed-bugs.csv,,271.0
icse2021_iot_bugs_and_development_challenges:2b2a292229641734,icse2021_iot_bugs_and_development_challenges,iot_projects,https://github.com/danimtb/dasshio/issues/79,DASSHIO/79,,,,,,,,,,,,,,,"{""ID"": ""DASSHIO/79"", ""stage"": ""stage2""}",data/raw/icse2021_iot_bugs_and_development_challenges/323-analyzed-bugs.csv,,270.0
icse2021_iot_bugs_and_development_challenges:c3eb12a22c8d44ee,icse2021_iot_bugs_and_development_challenges,iot_projects,https://github.com/danobot/entity-controller/issues/103,ENTITY-CONTROLLER/103,,,,,,,,,,,,,,,"{""ID"": ""ENTITY-CONTROLLER/103"", ""stage"": ""stage2""}",data/raw/icse2021_iot_bugs_and_development_challenges/323-analyzed-bugs.csv,,272.0
icse2021_iot_bugs_and_development_challenges:789c153032810622,icse2021_iot_bugs_and_development_challenges,iot_projects,https://github.com/danobot/entity-controller/issues/61,ENTITY-CONTROLLER/61,,,,,,,,,,,,,,,"{""ID"": ""ENTITY-CONTROLLER/61"", ""stage"": ""stage2""}",data/raw/icse2021_iot_bugs_and_development_challenges/323-analyzed-bugs.csv,,273.0
icse2021_iot_bugs_and_development_challenges:555d0b7e28f20bcd,icse2021_iot_bugs_and_development_challenges,iot_projects,https://github.com/devicehive/devicehive-java-server/issues/107,DEVICEHIVE-JAVA-SERVER/107,,,,,,,,,,,,,,,"{""ID"": ""DEVICEHIVE-JAVA-SERVER/107"", ""stage"": ""stage2""}",data/raw/icse2021_iot_bugs_and_development_challenges/323-analyzed-bugs.csv,,25.0
icse2021_iot_bugs_and_development_challenges:0f90c60016d9ced7,icse2021_iot_bugs_and_development_challenges,iot_projects,https://github.com/devicehive/devicehive-java-server/issues/145,DEVICEHIVE-JAVA-SERVER/145,,,,,,,,,,,,,,,"{""ID"": ""DEVICEHIVE-JAVA-SERVER/145"", ""stage"": ""stage2""}",data/raw/icse2021_iot_bugs_and_development_challenges/323-analyzed-bugs.csv,,143.0
icse2021_iot_bugs_and_development_challenges:946194d692707b7c,icse2021_iot_bugs_and_development_challenges,iot_projects,https://github.com/domoticz/domoticz/issues/2641,DOMOTICZ/2641,,,,,,,,,,,,,,,"{""ID"": ""DOMOTICZ/2641"", ""stage"": ""stage2""}",data/raw/icse2021_iot_bugs_and_development_challenges/323-analyzed-bugs.csv,,320.0
icse2021_iot_bugs_and_development_challenges:9949abe4ea15f0a9,icse2021_iot_bugs_and_development_challenges,iot_projects,https://github.com/domoticz/domoticz/issues/2897,DOMOTICZ/2897,,,,,,,,,,,,,,,"{""ID"": ""DOMOTICZ/2897"", ""stage"": ""stage2""}",data/raw/icse2021_iot_bugs_and_development_challenges/323-analyzed-bugs.csv,,319.0
icse2021_iot_bugs_and_development_challenges:82cd8ad57f15d48c,icse2021_iot_bugs_and_development_challenges,iot_projects,https://github.com/eclipse/ditto/issues/414,DITTO/414,,,,,,,,,,,,,,,"{""ID"": ""DITTO/414"", ""stage"": ""stage2""}",data/raw/icse2021_iot_bugs_and_development_challenges/323-analyzed-bugs.csv,,293.0
icse2021_iot_bugs_and_development_challenges:911897a5bf060d11,icse2021_iot_bugs_and_development_challenges,iot_projects,https://github.com/eclipse/ditto/pull/546,DITTO/546,,,,,,,,,,,,,,,"{""ID"": ""DITTO/546"", ""stage"": ""stage2""}",data/raw/icse2021_iot_bugs_and_development_challenges/323-analyzed-bugs.csv,,292.0
icse2021_iot_bugs_and_development_challenges:291d15331b1e1475,icse2021_iot_bugs_and_development_challenges,iot_projects,https://github.com/eclipse/hawkbit/issues/256,HAWKBIT/256,,,,,,,,,,,,,,,"{""ID"": ""HAWKBIT/256"", ""stage"": ""stage2""}",data/raw/icse2021_iot_bugs_and_development_challenges/323-analyzed-bugs.csv,,208.0
icse2021_iot_bugs_and_development_challenges:f0349e423d87c2b3,icse2021_iot_bugs_and_development_challenges,iot_projects,https://github.com/eclipse/hawkbit/pull/828,HAWKBIT/828,,,,,,,,,,,,,,,"{""ID"": ""HAWKBIT/828"", ""stage"": ""stage2""}",data/raw/icse2021_iot_bugs_and_development_challenges/323-analyzed-bugs.csv,,49.0
icse2021_iot_bugs_and_development_challenges:d7d95551690d3e85,icse2021_iot_bugs_and_development_challenges,iot_projects,https://github.com/eclipse/hawkbit/pull/912,HAWKBIT/912,,,,,,,,,,,,,,,"{""ID"": ""HAWKBIT/912"", ""stage"": ""stage2""}",data/raw/icse2021_iot_bugs_and_development_challenges/323-analyzed-bugs.csv,,48.0
icse2021_iot_bugs_and_development_challenges:5de9c12b395b3e2c,icse2021_iot_bugs_and_development_challenges,iot_projects,https://github.com/eclipse/hono/issues/1205,HONO/1205,,,,,,,,,,,,,,,"{""ID"": ""HONO/1205"", ""stage"": ""stage2""}",data/raw/icse2021_iot_bugs_and_development_challenges/323-analyzed-bugs.csv,,185.0
icse2021_iot_bugs_and_development_challenges:1d7b8f18c687dd2a,icse2021_iot_bugs_and_development_challenges,iot_projects,https://github.com/eclipse/hono/issues/248,HONO/248,,,,,,,,,,,,,,,"{""ID"": ""HONO/248"", ""stage"": ""stage2""}",data/raw/icse2021_iot_bugs_and_development_challenges/323-analyzed-bugs.csv,,214.0
icse2021_iot_bugs_and_development_challenges:56a13aa03c0dcc3f,icse2021_iot_bugs_and_development_challenges,iot_projects,https://github.com/eclipse/hono/pull/1626,HONO/1626,,,,,,,,,,,,,,,"{""ID"": ""HONO/1626"", ""stage"": ""stage2""}",data/raw/icse2021_iot_bugs_and_development_challenges/323-analyzed-bugs.csv,,169.0
icse2021_iot_bugs_and_development_challenges:3305a24fb0fb73d5,icse2021_iot_bugs_and_development_challenges,iot_projects,https://github.com/eclipse/kapua/issues/2110,KAPUA/2110,,,,,,,,,,,,,,,"{""ID"": ""KAPUA/2110"", ""stage"": ""stage2""}",data/raw/icse2021_iot_bugs_and_development_challenges/323-analyzed-bugs.csv,,180.0
icse2021_iot_bugs_and_development_challenges:cd73f5d8280d4864,icse2021_iot_bugs_and_development_challenges,iot_projects,https://github.com/eclipse/kapua/issues/2339,KAPUA/2339,,,,,,,,,,,,,,,"{""ID"": ""KAPUA/2339"", ""stage"": ""stage2""}",data/raw/icse2021_iot_bugs_and_development_challenges/323-analyzed-bugs.csv,,171.0
icse2021_iot_bugs_and_development_challenges:9e2c27b967c44367,icse2021_iot_bugs_and_development_challenges,iot_projects,https://github.com/eclipse/kapua/issues/2382,KAPUA/2382,,,,,,,,,,,,,,,"{""ID"": ""KAPUA/2382"", ""stage"": ""stage2""}",data/raw/icse2021_iot_bugs_and_development_challenges/323-analyzed-bugs.csv,,250.0
icse2021_iot_bugs_and_development_challenges:15a72f06c5774732,icse2021_iot_bugs_and_development_challenges,iot_projects,https://github.com/eclipse/kapua/issues/2419,KAPUA/2419,,,,,,,,,,,,,,,"{""ID"": ""KAPUA/2419"", ""stage"": ""stage2""}",data/raw/icse2021_iot_bugs_and_development_challenges/323-analyzed-bugs.csv,,133.0
icse2021_iot_bugs_and_development_challenges:874127a53569fbb0,icse2021_iot_bugs_and_development_challenges,iot_projects,https://github.com/eclipse/kapua/issues/2471,KAPUA/2471,,,,,,,,,,,,,,,"{""ID"": ""KAPUA/2471"", ""stage"": ""stage2""}",data/raw/icse2021_iot_bugs_and_development_challenges/323-analyzed-bugs.csv,,182.0
icse2021_iot_bugs_and_development_challenges:a433b0cc2b895040,icse2021_iot_bugs_and_development_challenges,iot_projects,https://github.com/eclipse/kapua/issues/2826,KAPUA/2826,,,,,,,,,,,,,,,"{""ID"": ""KAPUA/2826"", ""stage"": ""stage2""}",data/raw/icse2021_iot_bugs_and_development_challenges/323-analyzed-bugs.csv,,191.0
icse2021_iot_bugs_and_development_challenges:54948f2ccfc6d830,icse2021_iot_bugs_and_development_challenges,iot_projects,https://github.com/eclipse/kapua/pull/2735,KAPUA/2735,,,,,,,,,,,,,,,"{""ID"": ""KAPUA/2735"", ""stage"": ""stage2""}",data/raw/icse2021_iot_bugs_and_development_challenges/323-analyzed-bugs.csv,,218.0
icse2021_iot_bugs_and_development_challenges:377d21f694f330a0,icse2021_iot_bugs_and_development_challenges,iot_projects,https://github.com/eclipse/kapua/pull/2746,KAPUA/2746,,,,,,,,,,,,,,,"{""ID"": ""KAPUA/2746"", ""stage"": ""stage2""}",data/raw/icse2021_iot_bugs_and_development_challenges/323-analyzed-bugs.csv,,197.0
icse2021_iot_bugs_and_development_challenges:bcad8a8e043d08e9,icse2021_iot_bugs_and_development_challenges,iot_projects,https://github.com/eclipse/kura/issues/1812,KURA/1812,,,,,,,,,,,,,,,"{""ID"": ""KURA/1812"", ""stage"": ""stage2""}",data/raw/icse2021_iot_bugs_and_development_challenges/323-analyzed-bugs.csv,,179.0
icse2021_iot_bugs_and_development_challenges:e6cd51504537560f,icse2021_iot_bugs_and_development_challenges,iot_projects,https://github.com/eclipse/kura/issues/2072,KURA/2072,,,,,,,,,,,,,,,"{""ID"": ""KURA/2072"", ""stage"": ""stage2""}",data/raw/icse2021_iot_bugs_and_development_challenges/323-analyzed-bugs.csv,,248.0
icse2021_iot_bugs_and_development_challenges:7d31986ca4a154ae,icse2021_iot_bugs_and_development_challenges,iot_projects,https://github.com/eclipse/kura/issues/218,KURA/218,,,,,,,,,,,,,,,"{""ID"": ""KURA/218"", ""stage"": ""stage2""}",data/raw/icse2021_iot_bugs_and_development_challenges/323-analyzed-bugs.csv,,39.0
icse2021_iot_bugs_and_development_challenges:b4b61d1cf30bc82c,icse2021_iot_bugs_and_development_challenges,iot_projects,https://github.com/eclipse/kura/issues/2658,KURA/2658,,,,,,,,,,,,,,,"{""ID"": ""KURA/2658"", ""stage"": ""stage2""}",data/raw/icse2021_iot_bugs_and_development_challenges/323-analyzed-bugs.csv,,200.0
icse2021_iot_bugs_and_development_challenges:8adc25cfaee2ab22,icse2021_iot_bugs_and_development_challenges,iot_projects,https://github.com/eclipse/kura/issues/467,KURA/467,,,,,,,,,,,,,,,"{""ID"": ""KURA/467"", ""stage"": ""stage2""}",data/raw/icse2021_iot_bugs_and_development_challenges/323-analyzed-bugs.csv,,233.0
icse2021_iot_bugs_and_development_challenges:2acda89743c47004,icse2021_iot_bugs_and_development_challenges,iot_projects,https://github.com/eclipse/kura/pull/2214,KURA/2214,,,,,,,,,,,,,,,"{""ID"": ""KURA/2214"", ""stage"": ""stage2""}",data/raw/icse2021_iot_bugs_and_development_challenges/323-analyzed-bugs.csv,,93.0
icse2021_iot_bugs_and_development_challenges:d047fe8536522863,icse2021_iot_bugs_and_development_challenges,iot_projects,https://github.com/eclipse/smarthome/issues/1055,SMARTHOME/1055,,,,,,,,,,,,,,,"{""ID"": ""SMARTHOME/1055"", ""stage"": ""stage2""}",data/raw/icse2021_iot_bugs_and_development_challenges/323-analyzed-bugs.csv,,246.0
icse2021_iot_bugs_and_development_challenges:77ecab63aeec14a0,icse2021_iot_bugs_and_development_challenges,iot_projects,https://github.com/eclipse/smarthome/issues/1943,SMARTHOME/1943,,,,,,,,,,,,,,,"{""ID"": ""SMARTHOME/1943"", ""stage"": ""stage2""}",data/raw/icse2021_iot_bugs_and_development_challenges/323-analyzed-bugs.csv,,206.0
icse2021_iot_bugs_and_development_challenges:919d1c02d072e5b8,icse2021_iot_bugs_and_development_challenges,iot_projects,https://github.com/eclipse/smarthome/issues/2849,SMARTHOME/2849,,,,,,,,,,,,,,,"{""ID"": ""SMARTHOME/2849"", ""stage"": ""stage2""}",data/raw/icse2021_iot_bugs_and_development_challenges/323-analyzed-bugs.csv,,207.0
icse2021_iot_bugs_and_development_challenges:b2b6e379fee83d47,icse2021_iot_bugs_and_development_challenges,iot_projects,https://github.com/eclipse/smarthome/issues/2883,SMARTHOME/2883,,,,,,,,,,,,,,,"{""ID"": ""SMARTHOME/2883"", ""stage"": ""stage2""}",data/raw/icse2021_iot_bugs_and_development_challenges/323-analyzed-bugs.csv,,187.0
icse2021_iot_bugs_and_development_challenges:d84d2f973da4a473,icse2021_iot_bugs_and_development_challenges,iot_projects,https://github.com/eclipse/smarthome/issues/2911,SMARTHOME/2911,,,,,,,,,,,,,,,"{""ID"": ""SMARTHOME/2911"", ""stage"": ""stage2""}",data/raw/icse2021_iot_bugs_and_development_challenges/323-analyzed-bugs.csv,,192.0
icse2021_iot_bugs_and_development_challenges:6312b58851f4192f,icse2021_iot_bugs_and_development_challenges,iot_projects,https://github.com/eclipse/smarthome/issues/3050,SMARTHOME/3050,,,,,,,,,,,,,,,"{""ID"": ""SMARTHOME/3050"", ""stage"": ""stage2""}",data/raw/icse2021_iot_bugs_and_development_challenges/323-analyzed-bugs.csv,,199.0
icse2021_iot_bugs_and_development_challenges:1c0dcc4df17316d0,icse2021_iot_bugs_and_development_challenges,iot_projects,https://github.com/eclipse/smarthome/issues/3087,SMARTHOME/3087,,,,,,,,,,,,,,,"{""ID"": ""SMARTHOME/3087"", ""stage"": ""stage2""}",data/raw/icse2021_iot_bugs_and_development_challenges/323-analyzed-bugs.csv,,226.0
icse2021_iot_bugs_and_development_challenges:0a58c54b38efa0f2,icse2021_iot_bugs_and_development_challenges,iot_projects,https://github.com/eclipse/smarthome/issues/3186,SMARTHOME/3186,,,,,,,,,,,,,,,"{""ID"": ""SMARTHOME/3186"", ""stage"": ""stage2""}",data/raw/icse2021_iot_bugs_and_development_challenges/323-analyzed-bugs.csv,,172.0
icse2021_iot_bugs_and_development_challenges:7fd63e4842b93865,icse2021_iot_bugs_and_development_challenges,iot_projects,https://github.com/eclipse/smarthome/issues/3678,SMARTHOME/3678,,,,,,,,,,,,,,,"{""ID"": ""SMARTHOME/3678"", ""stage"": ""stage2""}",data/raw/icse2021_iot_bugs_and_development_challenges/323-analyzed-bugs.csv,,196.0
icse2021_iot_bugs_and_development_challenges:db7f829f8f69749d,icse2021_iot_bugs_and_development_challenges,iot_projects,https://github.com/eclipse/smarthome/issues/4732,SMARTHOME/4732,,,,,,,,,,,,,,,"{""ID"": ""SMARTHOME/4732"", ""stage"": ""stage2""}",data/raw/icse2021_iot_bugs_and_development_challenges/323-analyzed-bugs.csv,,188.0
icse2021_iot_bugs_and_development_challenges:ce32176957d1336e,icse2021_iot_bugs_and_development_challenges,iot_projects,https://github.com/eclipse/smarthome/issues/5533,SMARTHOME/5533,,,,,,,,,,,,,,,"{""ID"": ""SMARTHOME/5533"", ""stage"": ""stage2""}",data/raw/icse2021_iot_bugs_and_development_challenges/323-analyzed-bugs.csv,,177.0
icse2021_iot_bugs_and_development_challenges:6dac4a958230c5ec,icse2021_iot_bugs_and_development_challenges,iot_projects,https://github.com/eclipse/smarthome/issues/5578,SMARTHOME/5578,,,,,,,,,,,,,,,"{""ID"": ""SMARTHOME/5578"", ""stage"": ""stage2""}",data/raw/icse2021_iot_bugs_and_development_challenges/323-analyzed-bugs.csv,,210.0
icse2021_iot_bugs_and_development_challenges:6572c8d4f143aa0b,icse2021_iot_bugs_and_development_challenges,iot_projects,https://github.com/eclipse/smarthome/issues/610,SMARTHOME/610,,,,,,,,,,,,,,,"{""ID"": ""SMARTHOME/610"", ""stage"": ""stage2""}",data/raw/icse2021_iot_bugs_and_development_challenges/323-analyzed-bugs.csv,,195.0
icse2021_iot_bugs_and_development_challenges:55c22b844cd99940,icse2021_iot_bugs_and_development_challenges,iot_projects,https://github.com/eclipse/smarthome/pull/3173,SMARTHOME/3173,,,,,,,,,,,,,,,"{""ID"": ""SMARTHOME/3173"", ""stage"": ""stage2""}",data/raw/icse2021_iot_bugs_and_development_challenges/323-analyzed-bugs.csv,,243.0
icse2021_iot_bugs_and_development_challenges:5526f6641035b10a,icse2021_iot_bugs_and_development_challenges,iot_projects,https://github.com/eclipse/smarthome/pull/3746,SMARTHOME/3746,,,,,,,,,,,,,,,"{""ID"": ""SMARTHOME/3746"", ""stage"": ""stage2""}",data/raw/icse2021_iot_bugs_and_development_challenges/323-analyzed-bugs.csv,,181.0
icse2021_iot_bugs_and_development_challenges:b1f972eb17e15186,icse2021_iot_bugs_and_development_challenges,iot_projects,https://github.com/eclipse/smarthome/pull/3832,SMARTHOME/3832,,,,,,,,,,,,,,,"{""ID"": ""SMARTHOME/3832"", ""stage"": ""stage2""}",data/raw/icse2021_iot_bugs_and_development_challenges/323-analyzed-bugs.csv,,209.0
icse2021_iot_bugs_and_development_challenges:f14ae8044d1fc034,icse2021_iot_bugs_and_development_challenges,iot_projects,https://github.com/eclipse/smarthome/pull/5696,SMARTHOME/5696,,,,,,,,,,,,,,,"{""ID"": ""SMARTHOME/5696"", ""stage"": ""stage2""}",data/raw/icse2021_iot_bugs_and_development_challenges/323-analyzed-bugs.csv,,205.0
icse2021_iot_bugs_and_development_challenges:28a76060f8737e4e,icse2021_iot_bugs_and_development_challenges,iot_projects,https://github.com/eclipse/upm/issues/498,UPM/498,,,,,,,,,,,,,,,"{""ID"": ""UPM/498"", ""stage"": ""stage2""}",data/raw/icse2021_iot_bugs_and_development_challenges/323-analyzed-bugs.csv,,291.0
icse2021_iot_bugs_and_development_challenges:49aa527a658319f4,icse2021_iot_bugs_and_development_challenges,iot_projects,https://github.com/eclipse/upm/issues/664,UPM/664,,,,,,,,,,,,,,,"{""ID"": ""UPM/664"", ""stage"": ""stage2""}",data/raw/icse2021_iot_bugs_and_development_challenges/323-analyzed-bugs.csv,,290.0
icse2021_iot_bugs_and_development_challenges:728d888d0f89700f,icse2021_iot_bugs_and_development_challenges,iot_projects,https://github.com/enesbcs/rpieasy/issues/124,RPIEASY/124,,,,,,,,,,,,,,,"{""ID"": ""RPIEASY/124"", ""stage"": ""stage2""}",data/raw/icse2021_iot_bugs_and_development_challenges/323-analyzed-bugs.csv,,297.0
icse2021_iot_bugs_and_development_challenges:ca453123bd503062,icse2021_iot_bugs_and_development_challenges,iot_projects,https://github.com/enesbcs/rpieasy/issues/128,RPIEASY/128,,,,,,,,,,,,,,,"{""ID"": ""RPIEASY/128"", ""stage"": ""stage2""}",data/raw/icse2021_iot_bugs_and_development_challenges/323-analyzed-bugs.csv,,296.0
icse2021_iot_bugs_and_development_challenges:e99d9a23a27362d0,icse2021_iot_bugs_and_development_challenges,iot_projects,https://github.com/espressif/esp-mqtt/issues/34,ESP-MQTT/34,,,,,,,,,,,,,,,"{""ID"": ""ESP-MQTT/34"", ""stage"": ""stage2""}",data/raw/icse2021_iot_bugs_and_development_challenges/323-analyzed-bugs.csv,,261.0
icse2021_iot_bugs_and_development_challenges:01236c42f6346d49,icse2021_iot_bugs_and_development_challenges,iot_projects,https://github.com/espressif/esp-mqtt/issues/48,ESP-MQTT/48,,,,,,,,,,,,,,,"{""ID"": ""ESP-MQTT/48"", ""stage"": ""stage2""}",data/raw/icse2021_iot_bugs_and_development_challenges/323-analyzed-bugs.csv,,260.0
icse2021_iot_bugs_and_development_challenges:c42d6a18b5270c94,icse2021_iot_bugs_and_development_challenges,iot_projects,https://github.com/foss-for-synopsys-dwc-arc-processors/embarc_osp/issues/123,EMBARC_OSP/123,,,,,,,,,,,,,,,"{""ID"": ""EMBARC_OSP/123"", ""stage"": ""stage2""}",data/raw/icse2021_iot_bugs_and_development_challenges/323-analyzed-bugs.csv,,315.0
icse2021_iot_bugs_and_development_challenges:1feb8c9d3a784279,icse2021_iot_bugs_and_development_challenges,iot_projects,https://github.com/foss-for-synopsys-dwc-arc-processors/embarc_osp/issues/74,EMBARC_OSP/74,,,,,,,,,,,,,,,"{""ID"": ""EMBARC_OSP/74"", ""stage"": ""stage2""}",data/raw/icse2021_iot_bugs_and_development_challenges/323-analyzed-bugs.csv,,316.0
icse2021_iot_bugs_and_development_challenges:6176b1f2fc728b28,icse2021_iot_bugs_and_development_challenges,iot_projects,https://github.com/freedomotic/freedomotic/issues/242,FREEDOMOTIC/242,,,,,,,,,,,,,,,"{""ID"": ""FREEDOMOTIC/242"", ""stage"": ""stage2""}",data/raw/icse2021_iot_bugs_and_development_challenges/323-analyzed-bugs.csv,,312.0
icse2021_iot_bugs_and_development_challenges:1b999ae6fe93631d,icse2021_iot_bugs_and_development_challenges,iot_projects,https://github.com/freedomotic/freedomotic/issues/267,FREEDOMOTIC/267,,,,,,,,,,,,,,,"{""ID"": ""FREEDOMOTIC/267"", ""stage"": ""stage2""}",data/raw/icse2021_iot_bugs_and_development_challenges/323-analyzed-bugs.csv,,311.0
icse2021_iot_bugs_and_development_challenges:40ac9c422cae8554,icse2021_iot_bugs_and_development_challenges,iot_projects,https://github.com/freedomotic/freedomotic/issues/275,FREEDOMOTIC/275,,,,,,,,,,,,,,,"{""ID"": ""FREEDOMOTIC/275"", ""stage"": ""stage2""}",data/raw/icse2021_iot_bugs_and_development_challenges/323-analyzed-bugs.csv,,264.0
icse2021_iot_bugs_and_development_challenges:864d047ac3c8efe6,icse2021_iot_bugs_and_development_challenges,iot_projects,https://github.com/futurice/vor/issues/12,VOR/12,,,,,,,,,,,,,,,"{""ID"": ""VOR/12"", ""stage"": ""stage2""}",data/raw/icse2021_iot_bugs_and_development_challenges/323-analyzed-bugs.csv,,69.0
icse2021_iot_bugs_and_development_challenges:5b2121889047cf1f,icse2021_iot_bugs_and_development_challenges,iot_projects,https://github.com/futurice/vor/issues/27,VOR/27,,,,,,,,,,,,,,,"{""ID"": ""VOR/27"", ""stage"": ""stage2""}",data/raw/icse2021_iot_bugs_and_development_challenges/323-analyzed-bugs.csv,,86.0
icse2021_iot_bugs_and_development_challenges:bc70b84107851808,icse2021_iot_bugs_and_development_challenges,iot_projects,https://github.com/ggravlingen/pytradfri/issues/135,PYTRADFRI/135,,,,,,,,,,,,,,,"{""ID"": ""PYTRADFRI/135"", ""stage"": ""stage2""}",data/raw/icse2021_iot_bugs_and_development_challenges/323-analyzed-bugs.csv,,289.0
icse2021_iot_bugs_and_development_challenges:d92190ab860395df,icse2021_iot_bugs_and_development_challenges,iot_projects,https://github.com/ggravlingen/pytradfri/issues/138,PYTRADFRI/138,,,,,,,,,,,,,,,"{""ID"": ""PYTRADFRI/138"", ""stage"": ""stage2""}",data/raw/icse2021_iot_bugs_and_development_challenges/323-analyzed-bugs.csv,,288.0
icse2021_iot_bugs_and_development_challenges:8cf4b31b70e54a01,icse2021_iot_bugs_and_development_challenges,iot_projects,https://github.com/grodansparadis/vscp/issues/207,VSCP/207,,,,,,,,,,,,,,,"{""ID"": ""VSCP/207"", ""stage"": ""stage2""}",data/raw/icse2021_iot_bugs_and_development_challenges/323-analyzed-bugs.csv,,313.0
icse2021_iot_bugs_and_development_challenges:647999732b553b6f,icse2021_iot_bugs_and_development_challenges,iot_projects,https://github.com/grodansparadis/vscp/issues/98,VSCP/98,,,,,,,,,,,,,,,"{""ID"": ""VSCP/98"", ""stage"": ""stage2""}",data/raw/icse2021_iot_bugs_and_development_challenges/323-analyzed-bugs.csv,,314.0
icse2021_iot_bugs_and_development_challenges:143a5e4d2adc98e2,icse2021_iot_bugs_and_development_challenges,iot_projects,https://github.com/home-assistant/appdaemon/issues/188,APPDAEMON/188,,,,,,,,,,,,,,,"{""ID"": ""APPDAEMON/188"", ""stage"": ""stage2""}",data/raw/icse2021_iot_bugs_and_development_challenges/323-analyzed-bugs.csv,,321.0
icse2021_iot_bugs_and_development_challenges:e91b24a79391de0d,icse2021_iot_bugs_and_development_challenges,iot_projects,https://github.com/home-assistant/appdaemon/issues/539,APPDAEMON/539,,,,,,,,,,,,,,,"{""ID"": ""APPDAEMON/539"", ""stage"": ""stage2""}",data/raw/icse2021_iot_bugs_and_development_challenges/323-analyzed-bugs.csv,,322.0
icse2021_iot_bugs_and_development_challenges:b586ee333e7ded50,icse2021_iot_bugs_and_development_challenges,iot_projects,https://github.com/home-assistant/operating-system/issues/480,OPERATING-SYSTEM/480,,,,,,,,,,,,,,,"{""ID"": ""OPERATING-SYSTEM/480"", ""stage"": ""stage2""}",data/raw/icse2021_iot_bugs_and_development_challenges/323-analyzed-bugs.csv,,254.0
icse2021_iot_bugs_and_development_challenges:ae87e5486cf2ddeb,icse2021_iot_bugs_and_development_challenges,iot_projects,https://github.com/home-assistant/operating-system/issues/576,OPERATING-SYSTEM/576,,,,,,,,,,,,,,,"{""ID"": ""OPERATING-SYSTEM/576"", ""stage"": ""stage2""}",data/raw/icse2021_iot_bugs_and_development_challenges/323-analyzed-bugs.csv,,253.0
icse2021_iot_bugs_and_development_challenges:266c5d3b603e9ba4,icse2021_iot_bugs_and_development_challenges,iot_projects,https://github.com/homieiot/homie-esp8266/issues/155,HOMIE-ESP8266/155,,,,,,,,,,,,,,,"{""ID"": ""HOMIE-ESP8266/155"", ""stage"": ""stage2""}",data/raw/icse2021_iot_bugs_and_development_challenges/323-analyzed-bugs.csv,,194.0
icse2021_iot_bugs_and_development_challenges:cff7b9d445dc6671,icse2021_iot_bugs_and_development_challenges,iot_projects,https://github.com/homieiot/homie-esp8266/issues/22,HOMIE-ESP8266/22,,,,,,,,,,,,,,,"{""ID"": ""HOMIE-ESP8266/22"", ""stage"": ""stage2""}",data/raw/icse2021_iot_bugs_and_development_challenges/323-analyzed-bugs.csv,,41.0
icse2021_iot_bugs_and_development_challenges:25077ab448562a52,icse2021_iot_bugs_and_development_challenges,iot_projects,https://github.com/homieiot/homie-esp8266/issues/242,HOMIE-ESP8266/242,,,,,,,,,,,,,,,"{""ID"": ""HOMIE-ESP8266/242"", ""stage"": ""stage2""}",data/raw/icse2021_iot_bugs_and_development_challenges/323-analyzed-bugs.csv,,150.0
icse2021_iot_bugs_and_development_challenges:15e06ed3627a3c42,icse2021_iot_bugs_and_development_challenges,iot_projects,https://github.com/homieiot/homie-esp8266/issues/278,HOMIE-ESP8266/278,,,,,,,,,,,,,,,"{""ID"": ""HOMIE-ESP8266/278"", ""stage"": ""stage2""}",data/raw/icse2021_iot_bugs_and_development_challenges/323-analyzed-bugs.csv,,71.0
icse2021_iot_bugs_and_development_challenges:e1e9a8ab4106e04c,icse2021_iot_bugs_and_development_challenges,iot_projects,https://github.com/homieiot/homie-esp8266/issues/309,HOMIE-ESP8266/309,,,,,,,,,,,,,,,"{""ID"": ""HOMIE-ESP8266/309"", ""stage"": ""stage2""}",data/raw/icse2021_iot_bugs_and_development_challenges/323-analyzed-bugs.csv,,70.0
icse2021_iot_bugs_and_development_challenges:4d4b8a8150897ea5,icse2021_iot_bugs_and_development_challenges,iot_projects,https://github.com/homieiot/homie-esp8266/issues/40,HOMIE-ESP8266/40,,,,,,,,,,,,,,,"{""ID"": ""HOMIE-ESP8266/40"", ""stage"": ""stage2""}",data/raw/icse2021_iot_bugs_and_development_challenges/323-analyzed-bugs.csv,,75.0
icse2021_iot_bugs_and_development_challenges:026d1bcf482f2ea8,icse2021_iot_bugs_and_development_challenges,iot_projects,https://github.com/homieiot/homie-esp8266/issues/48,HOMIE-ESP8266/48,,,,,,,,,,,,,,,"{""ID"": ""HOMIE-ESP8266/48"", ""stage"": ""stage2""}",data/raw/icse2021_iot_bugs_and_development_challenges/323-analyzed-bugs.csv,,99.0
icse2021_iot_bugs_and_development_challenges:293b500ccedff79f,icse2021_iot_bugs_and_development_challenges,iot_projects,https://github.com/homieiot/homie-esp8266/issues/575,HOMIE-ESP8266/575,,,,,,,,,,,,,,,"{""ID"": ""HOMIE-ESP8266/575"", ""stage"": ""stage2""}",data/raw/icse2021_iot_bugs_and_development_challenges/323-analyzed-bugs.csv,,123.0
icse2021_iot_bugs_and_development_challenges:293b500ccedff79f,icse2021_iot_bugs_and_development_challenges,iot_projects,https://github.com/homieiot/homie-esp8266/issues/575,HOMIE-ESP8266/575,,,,,,,,,,,,,,,"{""ID"": ""HOMIE-ESP8266/575"", ""stage"": ""stage2""}",data/raw/icse2021_iot_bugs_and_development_challenges/323-analyzed-bugs.csv,,232.0
icse2021_iot_bugs_and_development_challenges:87d69e58aa662bfb,icse2021_iot_bugs_and_development_challenges,iot_projects,https://github.com/homieiot/homie-esp8266/issues/639,HOMIE-ESP8266/639,,,,,,,,,,,,,,,"{""ID"": ""HOMIE-ESP8266/639"", ""stage"": ""stage2""}",data/raw/icse2021_iot_bugs_and_development_challenges/323-analyzed-bugs.csv,,18.0
icse2021_iot_bugs_and_development_challenges:cb8c71a8c50239ae,icse2021_iot_bugs_and_development_challenges,iot_projects,https://github.com/homieiot/homie-esp8266/issues/641,HOMIE-ESP8266/641,,,,,,,,,,,,,,,"{""ID"": ""HOMIE-ESP8266/641"", ""stage"": ""stage2""}",data/raw/icse2021_iot_bugs_and_development_challenges/323-analyzed-bugs.csv,,96.0
icse2021_iot_bugs_and_development_challenges:05620b32f88c10d4,icse2021_iot_bugs_and_development_challenges,iot_projects,https://github.com/hoobs-org/HOOBS/issues/395,HOOBS/395,,,,,,,,,,,,,,,"{""ID"": ""HOOBS/395"", ""stage"": ""stage2""}",data/raw/icse2021_iot_bugs_and_development_challenges/323-analyzed-bugs.csv,,129.0
icse2021_iot_bugs_and_development_challenges:8d40815fd4506b42,icse2021_iot_bugs_and_development_challenges,iot_projects,https://github.com/hybridgroup/cylon/issues/197,CYLON/197,,,,,,,,,,,,,,,"{""ID"": ""CYLON/197"", ""stage"": ""stage2""}",data/raw/icse2021_iot_bugs_and_development_challenges/323-analyzed-bugs.csv,,285.0
icse2021_iot_bugs_and_development_challenges:cebdc7f3234e30cb,icse2021_iot_bugs_and_development_challenges,iot_projects,https://github.com/hybridgroup/gobot/issues/673,GOBOT/673,,,,,,,,,,,,,,,"{""ID"": ""GOBOT/673"", ""stage"": ""stage2""}",data/raw/icse2021_iot_bugs_and_development_challenges/323-analyzed-bugs.csv,,284.0
icse2021_iot_bugs_and_development_challenges:30d109465a40cb3c,icse2021_iot_bugs_and_development_challenges,iot_projects,https://github.com/hybridgroup/gobot/issues/689,GOBOT/689,,,,,,,,,,,,,,,"{""ID"": ""GOBOT/689"", ""stage"": ""stage2""}",data/raw/icse2021_iot_bugs_and_development_challenges/323-analyzed-bugs.csv,,283.0
icse2021_iot_bugs_and_development_challenges:9e8e0bee8e3aea35,icse2021_iot_bugs_and_development_challenges,iot_projects,https://github.com/ibm-watson-iot/iot-java/issues/180,IOT-JAVA/180,,,,,,,,,,,,,,,"{""ID"": ""IOT-JAVA/180"", ""stage"": ""stage2""}",data/raw/icse2021_iot_bugs_and_development_challenges/323-analyzed-bugs.csv,,157.0
icse2021_iot_bugs_and_development_challenges:a882089bd1a3e5a8,icse2021_iot_bugs_and_development_challenges,iot_projects,https://github.com/ikalchev/HAP-python/issues/20,HAP-PYTHON/20,,,,,,,,,,,,,,,"{""ID"": ""HAP-PYTHON/20"", ""stage"": ""stage2""}",data/raw/icse2021_iot_bugs_and_development_challenges/323-analyzed-bugs.csv,,266.0
icse2021_iot_bugs_and_development_challenges:240ea7d76ea96705,icse2021_iot_bugs_and_development_challenges,iot_projects,https://github.com/ikalchev/HAP-python/issues/52,HAP-PYTHON/52,,,,,,,,,,,,,,,"{""ID"": ""HAP-PYTHON/52"", ""stage"": ""stage2""}",data/raw/icse2021_iot_bugs_and_development_challenges/323-analyzed-bugs.csv,,265.0
icse2021_iot_bugs_and_development_challenges:b2d9aaf8c20254da,icse2021_iot_bugs_and_development_challenges,iot_projects,https://github.com/iobroker-community-adapters/ioBroker.hue/issues/78,IOBROKER.HUE/78,,,,,,,,,,,,,,,"{""ID"": ""IOBROKER.HUE/78"", ""stage"": ""stage2""}",data/raw/icse2021_iot_bugs_and_development_challenges/323-analyzed-bugs.csv,,281.0
icse2021_iot_bugs_and_development_challenges:112785ae60433a87,icse2021_iot_bugs_and_development_challenges,iot_projects,https://github.com/iobroker-community-adapters/ioBroker.hue/issues/92,IOBROKER.HUE/92,,,,,,,,,,,,,,,"{""ID"": ""IOBROKER.HUE/92"", ""stage"": ""stage2""}",data/raw/icse2021_iot_bugs_and_development_challenges/323-analyzed-bugs.csv,,280.0
icse2021_iot_bugs_and_development_challenges:220e1afb16ac2fe1,icse2021_iot_bugs_and_development_challenges,iot_projects,https://github.com/klausahrenberg/WThermostatBeca/issues/37,WTHERMOSTATBECA/37,,,,,,,,,,,,,,,"{""ID"": ""WTHERMOSTATBECA/37"", ""stage"": ""stage2""}",data/raw/icse2021_iot_bugs_and_development_challenges/323-analyzed-bugs.csv,,298.0
icse2021_iot_bugs_and_development_challenges:42e7850371e46191,icse2021_iot_bugs_and_development_challenges,iot_projects,https://github.com/klausahrenberg/WThermostatBeca/issues/54,WTHERMOSTATBECA/54,,,,,,,,,,,,,,,"{""ID"": ""WTHERMOSTATBECA/54"", ""stage"": ""stage2""}",data/raw/icse2021_iot_bugs_and_development_challenges/323-analyzed-bugs.csv,,299.0
icse2021_iot_bugs_and_development_challenges:4853f0ef41fc071b,icse2021_iot_bugs_and_development_challenges,iot_projects,https://github.com/kubeedge/kubeedge/issues/1010,KUBEEDGE/1010,,,,,,,,,,,,,,,"{""ID"": ""KUBEEDGE/1010"", ""stage"": ""stage2""}",data/raw/icse2021_iot_bugs_and_development_challenges/323-analyzed-bugs.csv,,92.0
icse2021_iot_bugs_and_development_challenges:5a807c529a258fab,icse2021_iot_bugs_and_development_challenges,iot_projects,https://github.com/kubeedge/kubeedge/issues/1138,KUBEEDGE/1138,,,,,,,,,,,,,,,"{""ID"": ""KUBEEDGE/1138"", ""stage"": ""stage2""}",data/raw/icse2021_iot_bugs_and_development_challenges/323-analyzed-bugs.csv,,184.0
icse2021_iot_bugs_and_development_challenges:c803d7b7ba23445f,icse2021_iot_bugs_and_development_challenges,iot_projects,https://github.com/kubeedge/kubeedge/issues/1243,KUBEEDGE/1243,,,,,,,,,,,,,,,"{""ID"": ""KUBEEDGE/1243"", ""stage"": ""stage2""}",data/raw/icse2021_iot_bugs_and_development_challenges/323-analyzed-bugs.csv,,36.0
icse2021_iot_bugs_and_development_challenges:41c300f8db74170f,icse2021_iot_bugs_and_development_challenges,iot_projects,https://github.com/kubeedge/kubeedge/issues/1499,KUBEEDGE/1499,,,,,,,,,,,,,,,"{""ID"": ""KUBEEDGE/1499"", ""stage"": ""stage2""}",data/raw/icse2021_iot_bugs_and_development_challenges/323-analyzed-bugs.csv,,124.0
icse2021_iot_bugs_and_development_challenges:aa6f3013129dcc5a,icse2021_iot_bugs_and_development_challenges,iot_projects,https://github.com/kubeedge/kubeedge/issues/257,KUBEEDGE/257,,,,,,,,,,,,,,,"{""ID"": ""KUBEEDGE/257"", ""stage"": ""stage2""}",data/raw/icse2021_iot_bugs_and_development_challenges/323-analyzed-bugs.csv,,58.0
icse2021_iot_bugs_and_development_challenges:c5ce0484b9e200bc,icse2021_iot_bugs_and_development_challenges,iot_projects,https://github.com/kubeedge/kubeedge/issues/292,KUBEEDGE/292,,,,,,,,,,,,,,,"{""ID"": ""KUBEEDGE/292"", ""stage"": ""stage2""}",data/raw/icse2021_iot_bugs_and_development_challenges/323-analyzed-bugs.csv,,229.0
icse2021_iot_bugs_and_development_challenges:04f412ac6cf8391f,icse2021_iot_bugs_and_development_challenges,iot_projects,https://github.com/kubeedge/kubeedge/issues/426,KUBEEDGE/426,,,,,,,,,,,,,,,"{""ID"": ""KUBEEDGE/426"", ""stage"": ""stage2""}",data/raw/icse2021_iot_bugs_and_development_challenges/323-analyzed-bugs.csv,,238.0
icse2021_iot_bugs_and_development_challenges:8d86a9a045bc0a9c,icse2021_iot_bugs_and_development_challenges,iot_projects,https://github.com/kubeedge/kubeedge/issues/440,KUBEEDGE/440,,,,,,,,,,,,,,,"{""ID"": ""KUBEEDGE/440"", ""stage"": ""stage2""}",data/raw/icse2021_iot_bugs_and_development_challenges/323-analyzed-bugs.csv,,213.0
icse2021_iot_bugs_and_development_challenges:53b44ee783d437b3,icse2021_iot_bugs_and_development_challenges,iot_projects,https://github.com/kubeedge/kubeedge/issues/811,KUBEEDGE/811,,,,,,,,,,,,,,,"{""ID"": ""KUBEEDGE/811"", ""stage"": ""stage2""}",data/raw/icse2021_iot_bugs_and_development_challenges/323-analyzed-bugs.csv,,21.0
icse2021_iot_bugs_and_development_challenges:ab1497105eaa9a97,icse2021_iot_bugs_and_development_challenges,iot_projects,https://github.com/kubeedge/kubeedge/pull/1028,KUBEEDGE/1028,,,,,,,,,,,,,,,"{""ID"": ""KUBEEDGE/1028"", ""stage"": ""stage2""}",data/raw/icse2021_iot_bugs_and_development_challenges/323-analyzed-bugs.csv,,17.0
icse2021_iot_bugs_and_development_challenges:a6b728257f455060,icse2021_iot_bugs_and_development_challenges,iot_projects,https://github.com/kubeedge/kubeedge/pull/1386,KUBEEDGE/1386,,,,,,,,,,,,,,,"{""ID"": ""KUBEEDGE/1386"", ""stage"": ""stage2""}",data/raw/icse2021_iot_bugs_and_development_challenges/323-analyzed-bugs.csv,,189.0
icse2021_iot_bugs_and_development_challenges:822462187fe5fea1,icse2021_iot_bugs_and_development_challenges,iot_projects,https://github.com/kubeedge/kubeedge/pull/540,KUBEEDGE/540,,,,,,,,,,,,,,,"{""ID"": ""KUBEEDGE/540"", ""stage"": ""stage2""}",data/raw/icse2021_iot_bugs_and_development_challenges/323-analyzed-bugs.csv,,228.0
icse2021_iot_bugs_and_development_challenges:6eaac44c3a08910d,icse2021_iot_bugs_and_development_challenges,iot_projects,https://github.com/kubeedge/kubeedge/pull/551,KUBEEDGE/551,,,,,,,,,,,,,,,"{""ID"": ""KUBEEDGE/551"", ""stage"": ""stage2""}",data/raw/icse2021_iot_bugs_and_development_challenges/323-analyzed-bugs.csv,,139.0
icse2021_iot_bugs_and_development_challenges:151804d71123dde3,icse2021_iot_bugs_and_development_challenges,iot_projects,https://github.com/kubeedge/kubeedge/pull/555,KUBEEDGE/555,,,,,,,,,,,,,,,"{""ID"": ""KUBEEDGE/555"", ""stage"": ""stage2""}",data/raw/icse2021_iot_bugs_and_development_challenges/323-analyzed-bugs.csv,,105.0
icse2021_iot_bugs_and_development_challenges:4369d8a5c8a96b3a,icse2021_iot_bugs_and_development_challenges,iot_projects,https://github.com/kubeedge/kubeedge/pull/644,KUBEEDGE/644,,,,,,,,,,,,,,,"{""ID"": ""KUBEEDGE/644"", ""stage"": ""stage2""}",data/raw/icse2021_iot_bugs_and_development_challenges/323-analyzed-bugs.csv,,173.0
icse2021_iot_bugs_and_development_challenges:15d0cfef32eb53af,icse2021_iot_bugs_and_development_challenges,iot_projects,https://github.com/kubeedge/kubeedge/pull/879,KUBEEDGE/879,,,,,,,,,,,,,,,"{""ID"": ""KUBEEDGE/879"", ""stage"": ""stage2""}",data/raw/icse2021_iot_bugs_and_development_challenges/323-analyzed-bugs.csv,,113.0
icse2021_iot_bugs_and_development_challenges:4bba2b183e57c5fc,icse2021_iot_bugs_and_development_challenges,iot_projects,https://github.com/lelylan/lelylan/issues/88,LELYLAN/88,,,,,,,,,,,,,,,"{""ID"": ""LELYLAN/88"", ""stage"": ""stage2""}",data/raw/icse2021_iot_bugs_and_development_challenges/323-analyzed-bugs.csv,,85.0
icse2021_iot_bugs_and_development_challenges:9a019c427bfcea12,icse2021_iot_bugs_and_development_challenges,iot_projects,https://github.com/macchina-io/macchina.io/issues/22,MACCHINA.IO/22,,,,,,,,,,,,,,,"{""ID"": ""MACCHINA.IO/22"", ""stage"": ""stage2""}",data/raw/icse2021_iot_bugs_and_development_challenges/323-analyzed-bugs.csv,,258.0
icse2021_iot_bugs_and_development_challenges:d474e917d7c07bce,icse2021_iot_bugs_and_development_challenges,iot_projects,https://github.com/macchina-io/macchina.io/issues/48,MACCHINA.IO/48,,,,,,,,,,,,,,,"{""ID"": ""MACCHINA.IO/48"", ""stage"": ""stage2""}",data/raw/icse2021_iot_bugs_and_development_challenges/323-analyzed-bugs.csv,,257.0
icse2021_iot_bugs_and_development_challenges:5b273c9caeea1e34,icse2021_iot_bugs_and_development_challenges,iot_projects,https://github.com/mainflux/mainflux/issues/1079,MAINFLUX/1079,,,,,,,,,,,,,,,"{""ID"": ""MAINFLUX/1079"", ""stage"": ""stage2""}",data/raw/icse2021_iot_bugs_and_development_challenges/323-analyzed-bugs.csv,,308.0
icse2021_iot_bugs_and_development_challenges:888d8be239fc7973,icse2021_iot_bugs_and_development_challenges,iot_projects,https://github.com/mainflux/mainflux/issues/714,MAINFLUX/714,,,,,,,,,,,,,,,"{""ID"": ""MAINFLUX/714"", ""stage"": ""stage2""}",data/raw/icse2021_iot_bugs_and_development_challenges/323-analyzed-bugs.csv,,307.0
icse2021_iot_bugs_and_development_challenges:01aaf6ec69cad47c,icse2021_iot_bugs_and_development_challenges,iot_projects,https://github.com/microsoft/devkit-sdk/issues/147,DEVKIT-SDK/147,,,,,,,,,,,,,,,"{""ID"": ""DEVKIT-SDK/147"", ""stage"": ""stage2""}",data/raw/icse2021_iot_bugs_and_development_challenges/323-analyzed-bugs.csv,,57.0
icse2021_iot_bugs_and_development_challenges:a34b54cb1beceb36,icse2021_iot_bugs_and_development_challenges,iot_projects,https://github.com/microsoft/devkit-sdk/issues/296,DEVKIT-SDK/296,,,,,,,,,,,,,,,"{""ID"": ""DEVKIT-SDK/296"", ""stage"": ""stage2""}",data/raw/icse2021_iot_bugs_and_development_challenges/323-analyzed-bugs.csv,,46.0
icse2021_iot_bugs_and_development_challenges:04595ef9c6a7d346,icse2021_iot_bugs_and_development_challenges,iot_projects,https://github.com/microsoft/devkit-sdk/issues/431,DEVKIT-SDK/431,,,,,,,,,,,,,,,"{""ID"": ""DEVKIT-SDK/431"", ""stage"": ""stage2""}",data/raw/icse2021_iot_bugs_and_development_challenges/323-analyzed-bugs.csv,,12.0
icse2021_iot_bugs_and_development_challenges:ea33b40f89973cb6,icse2021_iot_bugs_and_development_challenges,iot_projects,https://github.com/microsoft/devkit-sdk/issues/536,DEVKIT-SDK/536,,,,,,,,,,,,,,,"{""ID"": ""DEVKIT-SDK/536"", ""stage"": ""stage2""}",data/raw/icse2021_iot_bugs_and_development_challenges/323-analyzed-bugs.csv,,140.0
icse2021_iot_bugs_and_development_challenges:382ff62143b2d711,icse2021_iot_bugs_and_development_challenges,iot_projects,https://github.com/microsoft/devkit-sdk/issues/716,DEVKIT-SDK/716,,,,,,,,,,,,,,,"{""ID"": ""DEVKIT-SDK/716"", ""stage"": ""stage2""}",data/raw/icse2021_iot_bugs_and_development_challenges/323-analyzed-bugs.csv,,50.0
icse2021_iot_bugs_and_development_challenges:72398be63e1dde19,icse2021_iot_bugs_and_development_challenges,iot_projects,https://github.com/microsoft/devkit-sdk/issues/742,DEVKIT-SDK/742,,,,,,,,,,,,,,,"{""ID"": ""DEVKIT-SDK/742"", ""stage"": ""stage2""}",data/raw/icse2021_iot_bugs_and_development_challenges/323-analyzed-bugs.csv,,52.0
icse2021_iot_bugs_and_development_challenges:bd3c3d50f7a028b5,icse2021_iot_bugs_and_development_challenges,iot_projects,https://github.com/microsoft/devkit-sdk/issues/745,DEVKIT-SDK/745,,,,,,,,,,,,,,,"{""ID"": ""DEVKIT-SDK/745"", ""stage"": ""stage2""}",data/raw/icse2021_iot_bugs_and_development_challenges/323-analyzed-bugs.csv,,145.0
icse2021_iot_bugs_and_development_challenges:cd04262da854e5db,icse2021_iot_bugs_and_development_challenges,iot_projects,https://github.com/microsoft/devkit-sdk/issues/757,DEVKIT-SDK/757,,,,,,,,,,,,,,,"{""ID"": ""DEVKIT-SDK/757"", ""stage"": ""stage2""}",data/raw/icse2021_iot_bugs_and_development_challenges/323-analyzed-bugs.csv,,165.0
icse2021_iot_bugs_and_development_challenges:3a515f873f2d96af,icse2021_iot_bugs_and_development_challenges,iot_projects,https://github.com/microsoft/devkit-sdk/issues/758,DEVKIT-SDK/758,,,,,,,,,,,,,,,"{""ID"": ""DEVKIT-SDK/758"", ""stage"": ""stage2""}",data/raw/icse2021_iot_bugs_and_development_challenges/323-analyzed-bugs.csv,,203.0
icse2021_iot_bugs_and_development_challenges:5c4011e71ac2c35c,icse2021_iot_bugs_and_development_challenges,iot_projects,https://github.com/microsoft/devkit-sdk/issues/765,DEVKIT-SDK/765,,,,,,,,,,,,,,,"{""ID"": ""DEVKIT-SDK/765"", ""stage"": ""stage2""}",data/raw/icse2021_iot_bugs_and_development_challenges/323-analyzed-bugs.csv,,217.0
icse2021_iot_bugs_and_development_challenges:ab94c84af42be5cc,icse2021_iot_bugs_and_development_challenges,iot_projects,https://github.com/museumsvictoria/nodel/issues/99,NODEL/99,,,,,,,,,,,,,,,"{""ID"": ""NODEL/99"", ""stage"": ""stage2""}",data/raw/icse2021_iot_bugs_and_development_challenges/323-analyzed-bugs.csv,,215.0
icse2021_iot_bugs_and_development_challenges:444fe91e1781a91c,icse2021_iot_bugs_and_development_challenges,iot_projects,https://github.com/mycontroller-org/mycontroller/issues/485,MYCONTROLLER/485,,,,,,,,,,,,,,,"{""ID"": ""MYCONTROLLER/485"", ""stage"": ""stage2""}",data/raw/icse2021_iot_bugs_and_development_challenges/323-analyzed-bugs.csv,,295.0
icse2021_iot_bugs_and_development_challenges:ccc49abbbbc35e3d,icse2021_iot_bugs_and_development_challenges,iot_projects,https://github.com/mycontroller-org/mycontroller/issues/501,MYCONTROLLER/501,,,,,,,,,,,,,,,"{""ID"": ""MYCONTROLLER/501"", ""stage"": ""stage2""}",data/raw/icse2021_iot_bugs_and_development_challenges/323-analyzed-bugs.csv,,294.0
icse2021_iot_bugs_and_development_challenges:b70ef1db803af754,icse2021_iot_bugs_and_development_challenges,iot_projects,https://github.com/mysensors/MySensors/issues/1038,MYSENSORS/1038,,,,,,,,,,,,,,,"{""ID"": ""MYSENSORS/1038"", ""stage"": ""stage2""}",data/raw/icse2021_iot_bugs_and_development_challenges/323-analyzed-bugs.csv,,43.0
icse2021_iot_bugs_and_development_challenges:6804b1daac2ea696,icse2021_iot_bugs_and_development_challenges,iot_projects,https://github.com/mysensors/MySensors/issues/1334,MYSENSORS/1334,,,,,,,,,,,,,,,"{""ID"": ""MYSENSORS/1334"", ""stage"": ""stage2""}",data/raw/icse2021_iot_bugs_and_development_challenges/323-analyzed-bugs.csv,,97.0
icse2021_iot_bugs_and_development_challenges:f37e09ced207e796,icse2021_iot_bugs_and_development_challenges,iot_projects,https://github.com/mysensors/MySensors/issues/910,MYSENSORS/910,,,,,,,,,,,,,,,"{""ID"": ""MYSENSORS/910"", ""stage"": ""stage2""}",data/raw/icse2021_iot_bugs_and_development_challenges/323-analyzed-bugs.csv,,40.0
icse2021_iot_bugs_and_development_challenges:719f9608d39c42f1,icse2021_iot_bugs_and_development_challenges,iot_projects,https://github.com/mysensors/MySensors/issues/928,MYSENSORS/928,,,,,,,,,,,,,,,"{""ID"": ""MYSENSORS/928"", ""stage"": ""stage2""}",data/raw/icse2021_iot_bugs_and_development_challenges/323-analyzed-bugs.csv,,64.0
icse2021_iot_bugs_and_development_challenges:a5b133a42a76437d,icse2021_iot_bugs_and_development_challenges,iot_projects,https://github.com/mysensors/MySensors/issues/949,MYSENSORS/949,,,,,,,,,,,,,,,"{""ID"": ""MYSENSORS/949"", ""stage"": ""stage2""}",data/raw/icse2021_iot_bugs_and_development_challenges/323-analyzed-bugs.csv,,153.0
icse2021_iot_bugs_and_development_challenges:5696e6e2df59b614,icse2021_iot_bugs_and_development_challenges,iot_projects,https://github.com/mysensors/MySensors/pull/1319,MYSENSORS/1319,,,,,,,,,,,,,,,"{""ID"": ""MYSENSORS/1319"", ""stage"": ""stage2""}",data/raw/icse2021_iot_bugs_and_development_challenges/323-analyzed-bugs.csv,,20.0
icse2021_iot_bugs_and_development_challenges:050bf80195d6257b,icse2021_iot_bugs_and_development_challenges,iot_projects,https://github.com/mysensors/MySensors/pull/1388,MYSENSORS/1388,,,,,,,,,,,,,,,"{""ID"": ""MYSENSORS/1388"", ""stage"": ""stage2""}",data/raw/icse2021_iot_bugs_and_development_challenges/323-analyzed-bugs.csv,,89.0
icse2021_iot_bugs_and_development_challenges:b1659103c55fc8c3,icse2021_iot_bugs_and_development_challenges,iot_projects,https://github.com/mysensors/MySensors/pull/855,MYSENSORS/855,,,,,,,,,,,,,,,"{""ID"": ""MYSENSORS/855"", ""stage"": ""stage2""}",data/raw/icse2021_iot_bugs_and_development_challenges/323-analyzed-bugs.csv,,174.0
icse2021_iot_bugs_and_development_challenges:8436a23df279a797,icse2021_iot_bugs_and_development_challenges,iot_projects,https://github.com/mysensors/NodeManager/issues/121,NODEMANAGER/121,,,,,,,,,,,,,,,"{""ID"": ""NODEMANAGER/121"", ""stage"": ""stage2""}",data/raw/icse2021_iot_bugs_and_development_challenges/323-analyzed-bugs.csv,,245.0
icse2021_iot_bugs_and_development_challenges:240f2d8309500766,icse2021_iot_bugs_and_development_challenges,iot_projects,https://github.com/mysensors/NodeManager/issues/198,NODEMANAGER/198,,,,,,,,,,,,,,,"{""ID"": ""NODEMANAGER/198"", ""stage"": ""stage2""}",data/raw/icse2021_iot_bugs_and_development_challenges/323-analyzed-bugs.csv,,132.0
icse2021_iot_bugs_and_development_challenges:d7ff98fb828d111c,icse2021_iot_bugs_and_development_challenges,iot_projects,https://github.com/mysensors/NodeManager/issues/38,NODEMANAGER/38,,,,,,,,,,,,,,,"{""ID"": ""NODEMANAGER/38"", ""stage"": ""stage2""}",data/raw/icse2021_iot_bugs_and_development_challenges/323-analyzed-bugs.csv,,212.0
icse2021_iot_bugs_and_development_challenges:03dcec9f11cf4cdb,icse2021_iot_bugs_and_development_challenges,iot_projects,https://github.com/oakbrad/brad-homeassistant-config/issues/12,BRAD-HOMEASSISTANT-CONFIG/12,,,,,,,,,,,,,,,"{""ID"": ""BRAD-HOMEASSISTANT-CONFIG/12"", ""stage"": ""stage2""}",data/raw/icse2021_iot_bugs_and_development_challenges/323-analyzed-bugs.csv,,268.0
icse2021_iot_bugs_and_development_challenges:dd9560ef85e3eed7,icse2021_iot_bugs_and_development_challenges,iot_projects,https://github.com/oakbrad/brad-homeassistant-config/issues/20,BRAD-HOMEASSISTANT-CONFIG/20,,,,,,,,,,,,,,,"{""ID"": ""BRAD-HOMEASSISTANT-CONFIG/20"", ""stage"": ""stage2""}",data/raw/icse2021_iot_bugs_and_development_challenges/323-analyzed-bugs.csv,,267.0
icse2021_iot_bugs_and_development_challenges:394dd77935e69d19,icse2021_iot_bugs_and_development_challenges,iot_projects,https://github.com/openairproject/sensor-esp32/issues/21,SENSOR-ESP32/21,,,,,,,,,,,,,,,"{""ID"": ""SENSOR-ESP32/21"", ""stage"": ""stage2""}",data/raw/icse2021_iot_bugs_and_development_challenges/323-analyzed-bugs.csv,,13.0
icse2021_iot_bugs_and_development_challenges:eac938d812d8723b,icse2021_iot_bugs_and_development_challenges,iot_projects,https://github.com/openhab/openhab-core/issues/821,OPENHAB-CORE/821,,,,,,,,,,,,,,,"{""ID"": ""OPENHAB-CORE/821"", ""stage"": ""stage2""}",data/raw/icse2021_iot_bugs_and_development_challenges/323-analyzed-bugs.csv,,122.0
icse2021_iot_bugs_and_development_challenges:3600ee410c2f8ed6,icse2021_iot_bugs_and_development_challenges,iot_projects,https://github.com/openhab/openhab-core/issues/985,OPENHAB-CORE/985,,,,,,,,,,,,,,,"{""ID"": ""OPENHAB-CORE/985"", ""stage"": ""stage2""}",data/raw/icse2021_iot_bugs_and_development_challenges/323-analyzed-bugs.csv,,72.0
icse2021_iot_bugs_and_development_challenges:34aff5963853e84f,icse2021_iot_bugs_and_development_challenges,iot_projects,https://github.com/openhab/openhab-core/pull/1376,OPENHAB-CORE/1376,,,,,,,,,,,,,,,"{""ID"": ""OPENHAB-CORE/1376"", ""stage"": ""stage2""}",data/raw/icse2021_iot_bugs_and_development_challenges/323-analyzed-bugs.csv,,74.0
icse2021_iot_bugs_and_development_challenges:1b3eea328614c669,icse2021_iot_bugs_and_development_challenges,iot_projects,https://github.com/openhab/openhab-core/pull/493,OPENHAB-CORE/493,,,,,,,,,,,,,,,"{""ID"": ""OPENHAB-CORE/493"", ""stage"": ""stage2""}",data/raw/icse2021_iot_bugs_and_development_challenges/323-analyzed-bugs.csv,,151.0
icse2021_iot_bugs_and_development_challenges:4ee409ef00ae2fbc,icse2021_iot_bugs_and_development_challenges,iot_projects,https://github.com/openhab/openhab-core/pull/701,OPENHAB-CORE/701,,,,,,,,,,,,,,,"{""ID"": ""OPENHAB-CORE/701"", ""stage"": ""stage2""}",data/raw/icse2021_iot_bugs_and_development_challenges/323-analyzed-bugs.csv,,1.0
icse2021_iot_bugs_and_development_challenges:fa2fa9fea6ac76fa,icse2021_iot_bugs_and_development_challenges,iot_projects,https://github.com/openhab/openhab-ios/issues/101,OPENHAB-IOS/101,,,,,,,,,,,,,,,"{""ID"": ""OPENHAB-IOS/101"", ""stage"": ""stage2""}",data/raw/icse2021_iot_bugs_and_development_challenges/323-analyzed-bugs.csv,,149.0
icse2021_iot_bugs_and_development_challenges:ce6ef870d6858f38,icse2021_iot_bugs_and_development_challenges,iot_projects,https://github.com/openhab/openhab-ios/issues/321,OPENHAB-IOS/321,,,,,,,,,,,,,,,"{""ID"": ""OPENHAB-IOS/321"", ""stage"": ""stage2""}",data/raw/icse2021_iot_bugs_and_development_challenges/323-analyzed-bugs.csv,,22.0
icse2021_iot_bugs_and_development_challenges:04858a7888c6da15,icse2021_iot_bugs_and_development_challenges,iot_projects,https://github.com/openhab/openhab-ios/issues/514,OPENHAB-IOS/514,,,,,,,,,,,,,,,"{""ID"": ""OPENHAB-IOS/514"", ""stage"": ""stage2""}",data/raw/icse2021_iot_bugs_and_development_challenges/323-analyzed-bugs.csv,,161.0
icse2021_iot_bugs_and_development_challenges:388979e555d5d05d,icse2021_iot_bugs_and_development_challenges,iot_projects,https://github.com/openhab/openhab-ios/issues/524,OPENHAB-IOS/524,,,,,,,,,,,,,,,"{""ID"": ""OPENHAB-IOS/524"", ""stage"": ""stage2""}",data/raw/icse2021_iot_bugs_and_development_challenges/323-analyzed-bugs.csv,,45.0
icse2021_iot_bugs_and_development_challenges:12133dd48b5575fe,icse2021_iot_bugs_and_development_challenges,iot_projects,https://github.com/particle-iot/device-os/issues/1017,DEVICE-OS/1017,,,,,,,,,,,,,,,"{""ID"": ""DEVICE-OS/1017"", ""stage"": ""stage2""}",data/raw/icse2021_iot_bugs_and_development_challenges/323-analyzed-bugs.csv,,242.0
icse2021_iot_bugs_and_development_challenges:66c2e3ebdc0d4483,icse2021_iot_bugs_and_development_challenges,iot_projects,https://github.com/particle-iot/device-os/issues/1233,DEVICE-OS/1233,,,,,,,,,,,,,,,"{""ID"": ""DEVICE-OS/1233"", ""stage"": ""stage2""}",data/raw/icse2021_iot_bugs_and_development_challenges/323-analyzed-bugs.csv,,77.0
icse2021_iot_bugs_and_development_challenges:17ed73be119fe175,icse2021_iot_bugs_and_development_challenges,iot_projects,https://github.com/particle-iot/device-os/issues/1252,DEVICE-OS/1252,,,,,,,,,,,,,,,"{""ID"": ""DEVICE-OS/1252"", ""stage"": ""stage2""}",data/raw/icse2021_iot_bugs_and_development_challenges/323-analyzed-bugs.csv,,19.0
icse2021_iot_bugs_and_development_challenges:fa4f211c0c894164,icse2021_iot_bugs_and_development_challenges,iot_projects,https://github.com/particle-iot/device-os/issues/1262,DEVICE-OS/1262,,,,,,,,,,,,,,,"{""ID"": ""DEVICE-OS/1262"", ""stage"": ""stage2""}",data/raw/icse2021_iot_bugs_and_development_challenges/323-analyzed-bugs.csv,,30.0
icse2021_iot_bugs_and_development_challenges:a2d8af6a2fd04fac,icse2021_iot_bugs_and_development_challenges,iot_projects,https://github.com/particle-iot/device-os/issues/1482,DEVICE-OS/1482,,,,,,,,,,,,,,,"{""ID"": ""DEVICE-OS/1482"", ""stage"": ""stage2""}",data/raw/icse2021_iot_bugs_and_development_challenges/323-analyzed-bugs.csv,,94.0
icse2021_iot_bugs_and_development_challenges:8a4356b6b07dc44b,icse2021_iot_bugs_and_development_challenges,iot_projects,https://github.com/particle-iot/device-os/issues/1548,DEVICE-OS/1548,,,,,,,,,,,,,,,"{""ID"": ""DEVICE-OS/1548"", ""stage"": ""stage2""}",data/raw/icse2021_iot_bugs_and_development_challenges/323-analyzed-bugs.csv,,111.0
icse2021_iot_bugs_and_development_challenges:5bf796f6e76b3849,icse2021_iot_bugs_and_development_challenges,iot_projects,https://github.com/particle-iot/device-os/issues/1842,DEVICE-OS/1842,,,,,,,,,,,,,,,"{""ID"": ""DEVICE-OS/1842"", ""stage"": ""stage2""}",data/raw/icse2021_iot_bugs_and_development_challenges/323-analyzed-bugs.csv,,249.0
icse2021_iot_bugs_and_development_challenges:edc0cd924862e8c7,icse2021_iot_bugs_and_development_challenges,iot_projects,https://github.com/particle-iot/device-os/issues/1855,DEVICE-OS/1855,,,,,,,,,,,,,,,"{""ID"": ""DEVICE-OS/1855"", ""stage"": ""stage2""}",data/raw/icse2021_iot_bugs_and_development_challenges/323-analyzed-bugs.csv,,90.0
icse2021_iot_bugs_and_development_challenges:62fb779b9e67e5bf,icse2021_iot_bugs_and_development_challenges,iot_projects,https://github.com/particle-iot/device-os/issues/1926,DEVICE-OS/1926,,,,,,,,,,,,,,,"{""ID"": ""DEVICE-OS/1926"", ""stage"": ""stage2""}",data/raw/icse2021_iot_bugs_and_development_challenges/323-analyzed-bugs.csv,,47.0
icse2021_iot_bugs_and_development_challenges:48af5197056d2a1a,icse2021_iot_bugs_and_development_challenges,iot_projects,https://github.com/particle-iot/device-os/issues/261,DEVICE-OS/261,,,,,,,,,,,,,,,"{""ID"": ""DEVICE-OS/261"", ""stage"": ""stage2""}",data/raw/icse2021_iot_bugs_and_development_challenges/323-analyzed-bugs.csv,,131.0
icse2021_iot_bugs_and_development_challenges:37225bcea750c15e,icse2021_iot_bugs_and_development_challenges,iot_projects,https://github.com/particle-iot/device-os/issues/280,DEVICE-OS/280,,,,,,,,,,,,,,,"{""ID"": ""DEVICE-OS/280"", ""stage"": ""stage2""}",data/raw/icse2021_iot_bugs_and_development_challenges/323-analyzed-bugs.csv,,201.0
icse2021_iot_bugs_and_development_challenges:56b07ec2339a0b0f,icse2021_iot_bugs_and_development_challenges,iot_projects,https://github.com/particle-iot/device-os/issues/682,DEVICE-OS/682,,,,,,,,,,,,,,,"{""ID"": ""DEVICE-OS/682"", ""stage"": ""stage2""}",data/raw/icse2021_iot_bugs_and_development_challenges/323-analyzed-bugs.csv,,183.0
icse2021_iot_bugs_and_development_challenges:5537628f24c5110b,icse2021_iot_bugs_and_development_challenges,iot_projects,https://github.com/particle-iot/device-os/pull/1236,DEVICE-OS/1236,,,,,,,,,,,,,,,"{""ID"": ""DEVICE-OS/1236"", ""stage"": ""stage2""}",data/raw/icse2021_iot_bugs_and_development_challenges/323-analyzed-bugs.csv,,54.0
icse2021_iot_bugs_and_development_challenges:c86beb82c3ff2a02,icse2021_iot_bugs_and_development_challenges,iot_projects,https://github.com/particle-iot/device-os/pull/1270,DEVICE-OS/1270,,,,,,,,,,,,,,,"{""ID"": ""DEVICE-OS/1270"", ""stage"": ""stage2""}",data/raw/icse2021_iot_bugs_and_development_challenges/323-analyzed-bugs.csv,,37.0
icse2021_iot_bugs_and_development_challenges:e8244c85d6b01ae8,icse2021_iot_bugs_and_development_challenges,iot_projects,https://github.com/particle-iot/device-os/pull/1283,DEVICE-OS/1283,,,,,,,,,,,,,,,"{""ID"": ""DEVICE-OS/1283"", ""stage"": ""stage2""}",data/raw/icse2021_iot_bugs_and_development_challenges/323-analyzed-bugs.csv,,125.0
icse2021_iot_bugs_and_development_challenges:c3c62b162778b858,icse2021_iot_bugs_and_development_challenges,iot_projects,https://github.com/particle-iot/device-os/pull/1308,DEVICE-OS/1308,,,,,,,,,,,,,,,"{""ID"": ""DEVICE-OS/1308"", ""stage"": ""stage2""}",data/raw/icse2021_iot_bugs_and_development_challenges/323-analyzed-bugs.csv,,51.0
icse2021_iot_bugs_and_development_challenges:581671bf28168d76,icse2021_iot_bugs_and_development_challenges,iot_projects,https://github.com/particle-iot/device-os/pull/1336,DEVICE-OS/1336,,,,,,,,,,,,,,,"{""ID"": ""DEVICE-OS/1336"", ""stage"": ""stage2""}",data/raw/icse2021_iot_bugs_and_development_challenges/323-analyzed-bugs.csv,,98.0
icse2021_iot_bugs_and_development_challenges:8aa41b2bd375a686,icse2021_iot_bugs_and_development_challenges,iot_projects,https://github.com/particle-iot/device-os/pull/1346,DEVICE-OS/1346,,,,,,,,,,,,,,,"{""ID"": ""DEVICE-OS/1346"", ""stage"": ""stage2""}",data/raw/icse2021_iot_bugs_and_development_challenges/323-analyzed-bugs.csv,,221.0
icse2021_iot_bugs_and_development_challenges:cb1fa39029791701,icse2021_iot_bugs_and_development_challenges,iot_projects,https://github.com/particle-iot/device-os/pull/1477,DEVICE-OS/1477,,,,,,,,,,,,,,,"{""ID"": ""DEVICE-OS/1477"", ""stage"": ""stage2""}",data/raw/icse2021_iot_bugs_and_development_challenges/323-analyzed-bugs.csv,,239.0
icse2021_iot_bugs_and_development_challenges:f0b888bd9bff998a,icse2021_iot_bugs_and_development_challenges,iot_projects,https://github.com/particle-iot/device-os/pull/1531,DEVICE-OS/1531,,,,,,,,,,,,,,,"{""ID"": ""DEVICE-OS/1531"", ""stage"": ""stage2""}",data/raw/icse2021_iot_bugs_and_development_challenges/323-analyzed-bugs.csv,,8.0
icse2021_iot_bugs_and_development_challenges:352b0b5562b2bdea,icse2021_iot_bugs_and_development_challenges,iot_projects,https://github.com/particle-iot/device-os/pull/1567,DEVICE-OS/1567,,,,,,,,,,,,,,,"{""ID"": ""DEVICE-OS/1567"", ""stage"": ""stage2""}",data/raw/icse2021_iot_bugs_and_development_challenges/323-analyzed-bugs.csv,,33.0
icse2021_iot_bugs_and_development_challenges:9278df7160cae666,icse2021_iot_bugs_and_development_challenges,iot_projects,https://github.com/particle-iot/device-os/pull/1604,DEVICE-OS/1604,,,,,,,,,,,,,,,"{""ID"": ""DEVICE-OS/1604"", ""stage"": ""stage2""}",data/raw/icse2021_iot_bugs_and_development_challenges/323-analyzed-bugs.csv,,162.0
icse2021_iot_bugs_and_development_challenges:160e4a145e4d3382,icse2021_iot_bugs_and_development_challenges,iot_projects,https://github.com/particle-iot/device-os/pull/1608,DEVICE-OS/1608,,,,,,,,,,,,,,,"{""ID"": ""DEVICE-OS/1608"", ""stage"": ""stage2""}",data/raw/icse2021_iot_bugs_and_development_challenges/323-analyzed-bugs.csv,,119.0
icse2021_iot_bugs_and_development_challenges:d7140a7ef16784a6,icse2021_iot_bugs_and_development_challenges,iot_projects,https://github.com/particle-iot/device-os/pull/1639,DEVICE-OS/1639,,,,,,,,,,,,,,,"{""ID"": ""DEVICE-OS/1639"", ""stage"": ""stage2""}",data/raw/icse2021_iot_bugs_and_development_challenges/323-analyzed-bugs.csv,,5.0
icse2021_iot_bugs_and_development_challenges:b6bb4f824018b543,icse2021_iot_bugs_and_development_challenges,iot_projects,https://github.com/particle-iot/device-os/pull/1640,DEVICE-OS/1640,,,,,,,,,,,,,,,"{""ID"": ""DEVICE-OS/1640"", ""stage"": ""stage2""}",data/raw/icse2021_iot_bugs_and_development_challenges/323-analyzed-bugs.csv,,95.0
icse2021_iot_bugs_and_development_challenges:e106a5b3b02c4b92,icse2021_iot_bugs_and_development_challenges,iot_projects,https://github.com/particle-iot/device-os/pull/1661,DEVICE-OS/1661,,,,,,,,,,,,,,,"{""ID"": ""DEVICE-OS/1661"", ""stage"": ""stage2""}",data/raw/icse2021_iot_bugs_and_development_challenges/323-analyzed-bugs.csv,,136.0
icse2021_iot_bugs_and_development_challenges:31509b27a90c16b2,icse2021_iot_bugs_and_development_challenges,iot_projects,https://github.com/particle-iot/device-os/pull/1696,DEVICE-OS/1696,,,,,,,,,,,,,,,"{""ID"": ""DEVICE-OS/1696"", ""stage"": ""stage2""}",data/raw/icse2021_iot_bugs_and_development_challenges/323-analyzed-bugs.csv,,236.0
icse2021_iot_bugs_and_development_challenges:fb7fa18e12c36aa2,icse2021_iot_bugs_and_development_challenges,iot_projects,https://github.com/particle-iot/device-os/pull/1707,DEVICE-OS/1707,,,,,,,,,,,,,,,"{""ID"": ""DEVICE-OS/1707"", ""stage"": ""stage2""}",data/raw/icse2021_iot_bugs_and_development_challenges/323-analyzed-bugs.csv,,3.0
icse2021_iot_bugs_and_development_challenges:8f0942972926ed06,icse2021_iot_bugs_and_development_challenges,iot_projects,https://github.com/particle-iot/device-os/pull/1871,DEVICE-OS/1871,,,,,,,,,,,,,,,"{""ID"": ""DEVICE-OS/1871"", ""stage"": ""stage2""}",data/raw/icse2021_iot_bugs_and_development_challenges/323-analyzed-bugs.csv,,79.0
icse2021_iot_bugs_and_development_challenges:ce1507eeb8aac85f,icse2021_iot_bugs_and_development_challenges,iot_projects,https://github.com/particle-iot/device-os/pull/1911,DEVICE-OS/1911,,,,,,,,,,,,,,,"{""ID"": ""DEVICE-OS/1911"", ""stage"": ""stage2""}",data/raw/icse2021_iot_bugs_and_development_challenges/323-analyzed-bugs.csv,,101.0
icse2021_iot_bugs_and_development_challenges:899105a8d1c57e7c,icse2021_iot_bugs_and_development_challenges,iot_projects,https://github.com/particle-iot/device-os/pull/1938,DEVICE-OS/1938,,,,,,,,,,,,,,,"{""ID"": ""DEVICE-OS/1938"", ""stage"": ""stage2""}",data/raw/icse2021_iot_bugs_and_development_challenges/323-analyzed-bugs.csv,,241.0
icse2021_iot_bugs_and_development_challenges:c04a14263cb397d9,icse2021_iot_bugs_and_development_challenges,iot_projects,https://github.com/particle-iot/device-os/pull/1970,DEVICE-OS/1970,,,,,,,,,,,,,,,"{""ID"": ""DEVICE-OS/1970"", ""stage"": ""stage2""}",data/raw/icse2021_iot_bugs_and_development_challenges/323-analyzed-bugs.csv,,110.0
icse2021_iot_bugs_and_development_challenges:4d11afc6cb87d56d,icse2021_iot_bugs_and_development_challenges,iot_projects,https://github.com/particle-iot/device-os/pull/1976,DEVICE-OS/1976,,,,,,,,,,,,,,,"{""ID"": ""DEVICE-OS/1976"", ""stage"": ""stage2""}",data/raw/icse2021_iot_bugs_and_development_challenges/323-analyzed-bugs.csv,,147.0
icse2021_iot_bugs_and_development_challenges:43f7367e0fb0a24c,icse2021_iot_bugs_and_development_challenges,iot_projects,https://github.com/particle-iot/device-os/pull/2019,DEVICE-OS/2019,,,,,,,,,,,,,,,"{""ID"": ""DEVICE-OS/2019"", ""stage"": ""stage2""}",data/raw/icse2021_iot_bugs_and_development_challenges/323-analyzed-bugs.csv,,166.0
icse2021_iot_bugs_and_development_challenges:97dbb272efcd1c1a,icse2021_iot_bugs_and_development_challenges,iot_projects,https://github.com/particle-iot/particle-cli/issues/129,PARTICLE-CLI/129,,,,,,,,,,,,,,,"{""ID"": ""PARTICLE-CLI/129"", ""stage"": ""stage2""}",data/raw/icse2021_iot_bugs_and_development_challenges/323-analyzed-bugs.csv,,160.0
icse2021_iot_bugs_and_development_challenges:8e337312650b47f6,icse2021_iot_bugs_and_development_challenges,iot_projects,https://github.com/particle-iot/particle-cli/issues/154,PARTICLE-CLI/154,,,,,,,,,,,,,,,"{""ID"": ""PARTICLE-CLI/154"", ""stage"": ""stage2""}",data/raw/icse2021_iot_bugs_and_development_challenges/323-analyzed-bugs.csv,,73.0
icse2021_iot_bugs_and_development_challenges:ce60f52597561d1c,icse2021_iot_bugs_and_development_challenges,iot_projects,https://github.com/phpMyDomo/phpMyDomo/issues/32,PHPMYDOMO/32,,,,,,,,,,,,,,,"{""ID"": ""PHPMYDOMO/32"", ""stage"": ""stage2""}",data/raw/icse2021_iot_bugs_and_development_challenges/323-analyzed-bugs.csv,,277.0
icse2021_iot_bugs_and_development_challenges:77e77ddd44f79d3f,icse2021_iot_bugs_and_development_challenges,iot_projects,https://github.com/phpMyDomo/phpMyDomo/issues/35,PHPMYDOMO/35,,,,,,,,,,,,,,,"{""ID"": ""PHPMYDOMO/35"", ""stage"": ""stage2""}",data/raw/icse2021_iot_bugs_and_development_challenges/323-analyzed-bugs.csv,,276.0
icse2021_iot_bugs_and_development_challenges:425f0b3f738f6df7,icse2021_iot_bugs_and_development_challenges,iot_projects,https://github.com/pihome-shc/pihome/issues/124,PIHOME/124,,,,,,,,,,,,,,,"{""ID"": ""PIHOME/124"", ""stage"": ""stage2""}",data/raw/icse2021_iot_bugs_and_development_challenges/323-analyzed-bugs.csv,,278.0
icse2021_iot_bugs_and_development_challenges:a09adecfeef791ae,icse2021_iot_bugs_and_development_challenges,iot_projects,https://github.com/pihome-shc/pihome/pull/111,PIHOME/111,,,,,,,,,,,,,,,"{""ID"": ""PIHOME/111"", ""stage"": ""stage2""}",data/raw/icse2021_iot_bugs_and_development_challenges/323-analyzed-bugs.csv,,279.0
icse2021_iot_bugs_and_development_challenges:325be5e132a17525,icse2021_iot_bugs_and_development_challenges,iot_projects,https://github.com/pliablepixels/zmNinja/issues/113,ZMNINJA/113,,,,,,,,,,,,,,,"{""ID"": ""ZMNINJA/113"", ""stage"": ""stage2""}",data/raw/icse2021_iot_bugs_and_development_challenges/323-analyzed-bugs.csv,,222.0
icse2021_iot_bugs_and_development_challenges:2b1b300b2b57812c,icse2021_iot_bugs_and_development_challenges,iot_projects,https://github.com/pliablepixels/zmNinja/issues/126,ZMNINJA/126,,,,,,,,,,,,,,,"{""ID"": ""ZMNINJA/126"", ""stage"": ""stage2""}",data/raw/icse2021_iot_bugs_and_development_challenges/323-analyzed-bugs.csv,,244.0
icse2021_iot_bugs_and_development_challenges:234056d057082f35,icse2021_iot_bugs_and_development_challenges,iot_projects,https://github.com/pliablepixels/zmNinja/issues/232,ZMNINJA/232,,,,,,,,,,,,,,,"{""ID"": ""ZMNINJA/232"", ""stage"": ""stage2""}",data/raw/icse2021_iot_bugs_and_development_challenges/323-analyzed-bugs.csv,,24.0
icse2021_iot_bugs_and_development_challenges:987ade10e0f0262e,icse2021_iot_bugs_and_development_challenges,iot_projects,https://github.com/pliablepixels/zmNinja/issues/244,ZMNINJA/244,,,,,,,,,,,,,,,"{""ID"": ""ZMNINJA/244"", ""stage"": ""stage2""}",data/raw/icse2021_iot_bugs_and_development_challenges/323-analyzed-bugs.csv,,114.0
icse2021_iot_bugs_and_development_challenges:2d961edc979c1958,icse2021_iot_bugs_and_development_challenges,iot_projects,https://github.com/pliablepixels/zmNinja/issues/256,ZMNINJA/256,,,,,,,,,,,,,,,"{""ID"": ""ZMNINJA/256"", ""stage"": ""stage2""}",data/raw/icse2021_iot_bugs_and_development_challenges/323-analyzed-bugs.csv,,67.0
icse2021_iot_bugs_and_development_challenges:b499cb03846bfb8a,icse2021_iot_bugs_and_development_challenges,iot_projects,https://github.com/pliablepixels/zmNinja/issues/264,ZMNINJA/264,,,,,,,,,,,,,,,"{""ID"": ""ZMNINJA/264"", ""stage"": ""stage2""}",data/raw/icse2021_iot_bugs_and_development_challenges/323-analyzed-bugs.csv,,138.0
icse2021_iot_bugs_and_development_challenges:fa4f126861cd22bc,icse2021_iot_bugs_and_development_challenges,iot_projects,https://github.com/pliablepixels/zmNinja/issues/273,ZMNINJA/273,,,,,,,,,,,,,,,"{""ID"": ""ZMNINJA/273"", ""stage"": ""stage2""}",data/raw/icse2021_iot_bugs_and_development_challenges/323-analyzed-bugs.csv,,87.0
icse2021_iot_bugs_and_development_challenges:505d281a5b480b33,icse2021_iot_bugs_and_development_challenges,iot_projects,https://github.com/pliablepixels/zmNinja/issues/451,ZMNINJA/451,,,,,,,,,,,,,,,"{""ID"": ""ZMNINJA/451"", ""stage"": ""stage2""}",data/raw/icse2021_iot_bugs_and_development_challenges/323-analyzed-bugs.csv,,56.0
icse2021_iot_bugs_and_development_challenges:c3c1e91467dc47d8,icse2021_iot_bugs_and_development_challenges,iot_projects,https://github.com/pliablepixels/zmNinja/issues/459,ZMNINJA/459,,,,,,,,,,,,,,,"{""ID"": ""ZMNINJA/459"", ""stage"": ""stage2""}",data/raw/icse2021_iot_bugs_and_development_challenges/323-analyzed-bugs.csv,,116.0
icse2021_iot_bugs_and_development_challenges:c3c1e91467dc47d8,icse2021_iot_bugs_and_development_challenges,iot_projects,https://github.com/pliablepixels/zmNinja/issues/459,ZMNINJA/459,,,,,,,,,,,,,,,"{""ID"": ""ZMNINJA/459"", ""stage"": ""stage2""}",data/raw/icse2021_iot_bugs_and_development_challenges/323-analyzed-bugs.csv,,158.0
icse2021_iot_bugs_and_development_challenges:6fdce77b8971010d,icse2021_iot_bugs_and_development_challenges,iot_projects,https://github.com/pliablepixels/zmNinja/issues/468,ZMNINJA/468,,,,,,,,,,,,,,,"{""ID"": ""ZMNINJA/468"", ""stage"": ""stage2""}",data/raw/icse2021_iot_bugs_and_development_challenges/323-analyzed-bugs.csv,,230.0
icse2021_iot_bugs_and_development_challenges:9ed172758d36aa01,icse2021_iot_bugs_and_development_challenges,iot_projects,https://github.com/pliablepixels/zmNinja/issues/54,ZMNINJA/54,,,,,,,,,,,,,,,"{""ID"": ""ZMNINJA/54"", ""stage"": ""stage2""}",data/raw/icse2021_iot_bugs_and_development_challenges/323-analyzed-bugs.csv,,106.0
icse2021_iot_bugs_and_development_challenges:3bb312339e709d46,icse2021_iot_bugs_and_development_challenges,iot_projects,https://github.com/pliablepixels/zmNinja/issues/681,ZMNINJA/681,,,,,,,,,,,,,,,"{""ID"": ""ZMNINJA/681"", ""stage"": ""stage2""}",data/raw/icse2021_iot_bugs_and_development_challenges/323-analyzed-bugs.csv,,61.0
icse2021_iot_bugs_and_development_challenges:2c9a2f662ff07b12,icse2021_iot_bugs_and_development_challenges,iot_projects,https://github.com/pliablepixels/zmNinja/issues/689,ZMNINJA/689,,,,,,,,,,,,,,,"{""ID"": ""ZMNINJA/689"", ""stage"": ""stage2""}",data/raw/icse2021_iot_bugs_and_development_challenges/323-analyzed-bugs.csv,,120.0
icse2021_iot_bugs_and_development_challenges:bb1c3fb32db22c90,icse2021_iot_bugs_and_development_challenges,iot_projects,https://github.com/pliablepixels/zmNinja/issues/759,ZMNINJA/759,,,,,,,,,,,,,,,"{""ID"": ""ZMNINJA/759"", ""stage"": ""stage2""}",data/raw/icse2021_iot_bugs_and_development_challenges/323-analyzed-bugs.csv,,103.0
icse2021_iot_bugs_and_development_challenges:e09d21ceca37fc05,icse2021_iot_bugs_and_development_challenges,iot_projects,https://github.com/pliablepixels/zmNinja/issues/766,ZMNINJA/766,,,,,,,,,,,,,,,"{""ID"": ""ZMNINJA/766"", ""stage"": ""stage2""}",data/raw/icse2021_iot_bugs_and_development_challenges/323-analyzed-bugs.csv,,81.0
icse2021_iot_bugs_and_development_challenges:5c1f5e8c431f3d13,icse2021_iot_bugs_and_development_challenges,iot_projects,https://github.com/pliablepixels/zmNinja/issues/827,ZMNINJA/827,,,,,,,,,,,,,,,"{""ID"": ""ZMNINJA/827"", ""stage"": ""stage2""}",data/raw/icse2021_iot_bugs_and_development_challenges/323-analyzed-bugs.csv,,186.0
icse2021_iot_bugs_and_development_challenges:69411dc433099116,icse2021_iot_bugs_and_development_challenges,iot_projects,https://github.com/pliablepixels/zmNinja/issues/90,ZMNINJA/90,,,,,,,,,,,,,,,"{""ID"": ""ZMNINJA/90"", ""stage"": ""stage2""}",data/raw/icse2021_iot_bugs_and_development_challenges/323-analyzed-bugs.csv,,27.0
icse2021_iot_bugs_and_development_challenges:96073351519b8a02,icse2021_iot_bugs_and_development_challenges,iot_projects,https://github.com/pliablepixels/zmNinja/issues/901,ZMNINJA/901,,,,,,,,,,,,,,,"{""ID"": ""ZMNINJA/901"", ""stage"": ""stage2""}",data/raw/icse2021_iot_bugs_and_development_challenges/323-analyzed-bugs.csv,,128.0
icse2021_iot_bugs_and_development_challenges:5b9cfe69999f6889,icse2021_iot_bugs_and_development_challenges,iot_projects,https://github.com/pliablepixels/zmNinja/issues/903,ZMNINJA/903,,,,,,,,,,,,,,,"{""ID"": ""ZMNINJA/903"", ""stage"": ""stage2""}",data/raw/icse2021_iot_bugs_and_development_challenges/323-analyzed-bugs.csv,,190.0
icse2021_iot_bugs_and_development_challenges:c9e5f365346dd942,icse2021_iot_bugs_and_development_challenges,iot_projects,https://github.com/quickbird-uk/QuickbirdUWPDashboard/issues/15,QUICKBIRDUWPDASHBOARD/15,,,,,,,,,,,,,,,"{""ID"": ""QUICKBIRDUWPDASHBOARD/15"", ""stage"": ""stage2""}",data/raw/icse2021_iot_bugs_and_development_challenges/323-analyzed-bugs.csv,,302.0
icse2021_iot_bugs_and_development_challenges:dc5b17343d95a84f,icse2021_iot_bugs_and_development_challenges,iot_projects,https://github.com/quickbird-uk/QuickbirdUWPDashboard/issues/76,QUICKBIRDUWPDASHBOARD/76,,,,,,,,,,,,,,,"{""ID"": ""QUICKBIRDUWPDASHBOARD/76"", ""stage"": ""stage2""}",data/raw/icse2021_iot_bugs_and_development_challenges/323-analyzed-bugs.csv,,301.0
icse2021_iot_bugs_and_development_challenges:b7a55f52acd72dd4,icse2021_iot_bugs_and_development_challenges,iot_projects,https://github.com/quickbird-uk/QuickbirdUWPDashboard/issues/8,QUICKBIRDUWPDASHBOARD/8,,,,,,,,,,,,,,,"{""ID"": ""QUICKBIRDUWPDASHBOARD/8"", ""stage"": ""stage2""}",data/raw/icse2021_iot_bugs_and_development_challenges/323-analyzed-bugs.csv,,300.0
icse2021_iot_bugs_and_development_challenges:9979a2b7e4d99dc6,icse2021_iot_bugs_and_development_challenges,iot_projects,https://github.com/rbccps-iisc/ideam/issues/13,IDEAM/13,,,,,,,,,,,,,,,"{""ID"": ""IDEAM/13"", ""stage"": ""stage2""}",data/raw/icse2021_iot_bugs_and_development_challenges/323-analyzed-bugs.csv,,134.0
icse2021_iot_bugs_and_development_challenges:354e4ed1bf84985e,icse2021_iot_bugs_and_development_challenges,iot_projects,https://github.com/rbccps-iisc/ideam/issues/24,IDEAM/24,,,,,,,,,,,,,,,"{""ID"": ""IDEAM/24"", ""stage"": ""stage2""}",data/raw/icse2021_iot_bugs_and_development_challenges/323-analyzed-bugs.csv,,0.0
icse2021_iot_bugs_and_development_challenges:89600af47811b744,icse2021_iot_bugs_and_development_challenges,iot_projects,https://github.com/rbccps-iisc/ideam/pull/44,IDEAM/44,,,,,,,,,,,,,,,"{""ID"": ""IDEAM/44"", ""stage"": ""stage2""}",data/raw/icse2021_iot_bugs_and_development_challenges/323-analyzed-bugs.csv,,16.0
icse2021_iot_bugs_and_development_challenges:638a514229304a45,icse2021_iot_bugs_and_development_challenges,iot_projects,https://github.com/sitewhere/sitewhere/issues/378,SITEWHERE/378,,,,,,,,,,,,,,,"{""ID"": ""SITEWHERE/378"", ""stage"": ""stage2""}",data/raw/icse2021_iot_bugs_and_development_challenges/323-analyzed-bugs.csv,,168.0
icse2021_iot_bugs_and_development_challenges:5ccd8ed2c4b616fb,icse2021_iot_bugs_and_development_challenges,iot_projects,https://github.com/sitewhere/sitewhere/issues/503,SITEWHERE/503,,,,,,,,,,,,,,,"{""ID"": ""SITEWHERE/503"", ""stage"": ""stage2""}",data/raw/icse2021_iot_bugs_and_development_challenges/323-analyzed-bugs.csv,,198.0
icse2021_iot_bugs_and_development_challenges:1ae50cc26d04cc73,icse2021_iot_bugs_and_development_challenges,iot_projects,https://github.com/smartHomeHub/SmartIR/pull/73,SMARTIR/73,,,,,,,,,,,,,,,"{""ID"": ""SMARTIR/73"", ""stage"": ""stage2""}",data/raw/icse2021_iot_bugs_and_development_challenges/323-analyzed-bugs.csv,,259.0
icse2021_iot_bugs_and_development_challenges:18621168147e2e6e,icse2021_iot_bugs_and_development_challenges,iot_projects,https://github.com/smarthomeNG/smarthome/issues/135,SMARTHOME/135,,,,,,,,,,,,,,,"{""ID"": ""SMARTHOME/135"", ""stage"": ""stage2""}",data/raw/icse2021_iot_bugs_and_development_challenges/323-analyzed-bugs.csv,,156.0
icse2021_iot_bugs_and_development_challenges:33826f87aecb9edc,icse2021_iot_bugs_and_development_challenges,iot_projects,https://github.com/smarthomeNG/smarthome/issues/184,SMARTHOME/184,,,,,,,,,,,,,,,"{""ID"": ""SMARTHOME/184"", ""stage"": ""stage2""}",data/raw/icse2021_iot_bugs_and_development_challenges/323-analyzed-bugs.csv,,167.0
icse2021_iot_bugs_and_development_challenges:31a2255e7ac95c45,icse2021_iot_bugs_and_development_challenges,iot_projects,https://github.com/telefonicaid/iotagent-json/issues/194,IOTAGENT-JSON/194,,,,,,,,,,,,,,,"{""ID"": ""IOTAGENT-JSON/194"", ""stage"": ""stage2""}",data/raw/icse2021_iot_bugs_and_development_challenges/323-analyzed-bugs.csv,,80.0
icse2021_iot_bugs_and_development_challenges:13caf04299fe15c9,icse2021_iot_bugs_and_development_challenges,iot_projects,https://github.com/telefonicaid/iotagent-json/issues/53,IOTAGENT-JSON/53,,,,,,,,,,,,,,,"{""ID"": ""IOTAGENT-JSON/53"", ""stage"": ""stage2""}",data/raw/icse2021_iot_bugs_and_development_challenges/323-analyzed-bugs.csv,,141.0
icse2021_iot_bugs_and_development_challenges:0a56a69932c52a2e,icse2021_iot_bugs_and_development_challenges,iot_projects,https://github.com/telefonicaid/iotagent-node-lib/issues/17,IOTAGENT-NODE-LIB/17,,,,,,,,,,,,,,,"{""ID"": ""IOTAGENT-NODE-LIB/17"", ""stage"": ""stage2""}",data/raw/icse2021_iot_bugs_and_development_challenges/323-analyzed-bugs.csv,,76.0
icse2021_iot_bugs_and_development_challenges:2900795565ecce0d,icse2021_iot_bugs_and_development_challenges,iot_projects,https://github.com/telefonicaid/iotagent-ul/issues/235,IOTAGENT-UL/235,,,,,,,,,,,,,,,"{""ID"": ""IOTAGENT-UL/235"", ""stage"": ""stage2""}",data/raw/icse2021_iot_bugs_and_development_challenges/323-analyzed-bugs.csv,,4.0
icse2021_iot_bugs_and_development_challenges:8dd530f6afb9e0f4,icse2021_iot_bugs_and_development_challenges,iot_projects,https://github.com/telefonicaid/iotagent-ul/issues/42,IOTAGENT-UL/42,,,,,,,,,,,,,,,"{""ID"": ""IOTAGENT-UL/42"", ""stage"": ""stage2""}",data/raw/icse2021_iot_bugs_and_development_challenges/323-analyzed-bugs.csv,,117.0
icse2021_iot_bugs_and_development_challenges:60c55a968b965eb6,icse2021_iot_bugs_and_development_challenges,iot_projects,https://github.com/telefonicaid/iotagent-ul/issues/97,IOTAGENT-UL/97,,,,,,,,,,,,,,,"{""ID"": ""IOTAGENT-UL/97"", ""stage"": ""stage2""}",data/raw/icse2021_iot_bugs_and_development_challenges/323-analyzed-bugs.csv,,23.0
icse2021_iot_bugs_and_development_challenges:75572f98ed00834a,icse2021_iot_bugs_and_development_challenges,iot_projects,https://github.com/telefonicaid/lightweightm2m-iotagent/issues/109,LIGHTWEIGHTM2M-IOTAGENT/109,,,,,,,,,,,,,,,"{""ID"": ""LIGHTWEIGHTM2M-IOTAGENT/109"", ""stage"": ""stage2""}",data/raw/icse2021_iot_bugs_and_development_challenges/323-analyzed-bugs.csv,,78.0
icse2021_iot_bugs_and_development_challenges:e61bd68fc8baa3ec,icse2021_iot_bugs_and_development_challenges,iot_projects,https://github.com/theyosh/TerrariumPI/issues/192,TERRARIUMPI/192,,,,,,,,,,,,,,,"{""ID"": ""TERRARIUMPI/192"", ""stage"": ""stage2""}",data/raw/icse2021_iot_bugs_and_development_challenges/323-analyzed-bugs.csv,,6.0
icse2021_iot_bugs_and_development_challenges:e5a343072322f386,icse2021_iot_bugs_and_development_challenges,iot_projects,https://github.com/thingsboard/thingsboard-gateway/issues/245,THINGSBOARD-GATEWAY/245,,,,,,,,,,,,,,,"{""ID"": ""THINGSBOARD-GATEWAY/245"", ""stage"": ""stage2""}",data/raw/icse2021_iot_bugs_and_development_challenges/323-analyzed-bugs.csv,,256.0
icse2021_iot_bugs_and_development_challenges:f9a5acbe43cd0e8d,icse2021_iot_bugs_and_development_challenges,iot_projects,https://github.com/thingsboard/thingsboard-gateway/issues/249,THINGSBOARD-GATEWAY/249,,,,,,,,,,,,,,,"{""ID"": ""THINGSBOARD-GATEWAY/249"", ""stage"": ""stage2""}",data/raw/icse2021_iot_bugs_and_development_challenges/323-analyzed-bugs.csv,,255.0
icse2021_iot_bugs_and_development_challenges:35a0ee4cc2c81c18,icse2021_iot_bugs_and_development_challenges,iot_projects,https://github.com/thingsboard/thingsboard/issues/814,THINGSBOARD/814,,,,,,,,,,,,,,,"{""ID"": ""THINGSBOARD/814"", ""stage"": ""stage2""}",data/raw/icse2021_iot_bugs_and_development_challenges/323-analyzed-bugs.csv,,303.0
icse2021_iot_bugs_and_development_challenges:eb99c2a4eb14323c,icse2021_iot_bugs_and_development_challenges,iot_projects,https://github.com/thingsboard/thingsboard/issues/856,THINGSBOARD/856,,,,,,,,,,,,,,,"{""ID"": ""THINGSBOARD/856"", ""stage"": ""stage2""}",data/raw/icse2021_iot_bugs_and_development_challenges/323-analyzed-bugs.csv,,304.0
icse2021_iot_bugs_and_development_challenges:1cea3b820acfa68e,icse2021_iot_bugs_and_development_challenges,iot_projects,https://github.com/timdorr/tesla-api/issues/43,TESLA-API/43,,,,,,,,,,,,,,,"{""ID"": ""TESLA-API/43"", ""stage"": ""stage2""}",data/raw/icse2021_iot_bugs_and_development_challenges/323-analyzed-bugs.csv,,252.0
icse2021_iot_bugs_and_development_challenges:7c090d3a24ed5fa0,icse2021_iot_bugs_and_development_challenges,iot_projects,https://github.com/timdorr/tesla-api/issues/68,TESLA-API/68,,,,,,,,,,,,,,,"{""ID"": ""TESLA-API/68"", ""stage"": ""stage2""}",data/raw/icse2021_iot_bugs_and_development_challenges/323-analyzed-bugs.csv,,251.0
icse2021_iot_bugs_and_development_challenges:ec7afe2706eec062,icse2021_iot_bugs_and_development_challenges,iot_projects,https://github.com/tobyweston/temperature-machine/issues/13,TEMPERATURE-MACHINE/13,,,,,,,,,,,,,,,"{""ID"": ""TEMPERATURE-MACHINE/13"", ""stage"": ""stage2""}",data/raw/icse2021_iot_bugs_and_development_challenges/323-analyzed-bugs.csv,,275.0
icse2021_iot_bugs_and_development_challenges:4b5a9a1fb2248927,icse2021_iot_bugs_and_development_challenges,iot_projects,https://github.com/vapor-ware/synse-server/issues/363,SYNSE-SERVER/363,,,,,,,,,,,,,,,"{""ID"": ""SYNSE-SERVER/363"", ""stage"": ""stage2""}",data/raw/icse2021_iot_bugs_and_development_challenges/323-analyzed-bugs.csv,,317.0
icse2021_iot_bugs_and_development_challenges:232102e09b4e021e,icse2021_iot_bugs_and_development_challenges,iot_projects,https://github.com/vapor-ware/synse-server/issues/88,SYNSE-SERVER/88,,,,,,,,,,,,,,,"{""ID"": ""SYNSE-SERVER/88"", ""stage"": ""stage2""}",data/raw/icse2021_iot_bugs_and_development_challenges/323-analyzed-bugs.csv,,318.0
icse2021_iot_bugs_and_development_challenges:0c768c2db4765695,icse2021_iot_bugs_and_development_challenges,iot_projects,https://github.com/yodaos-project/ShadowNode/issues/499,SHADOWNODE/499,,,,,,,,,,,,,,,"{""ID"": ""SHADOWNODE/499"", ""stage"": ""stage2""}",data/raw/icse2021_iot_bugs_and_development_challenges/323-analyzed-bugs.csv,,59.0
icse2021_iot_bugs_and_development_challenges:c38735bd78b98474,icse2021_iot_bugs_and_development_challenges,iot_projects,https://github.com/yodaos-project/yoda.js/issues/125,YODA.JS/125,,,,,,,,,,,,,,,"{""ID"": ""YODA.JS/125"", ""stage"": ""stage2""}",data/raw/icse2021_iot_bugs_and_development_challenges/323-analyzed-bugs.csv,,170.0
icse2021_iot_bugs_and_development_challenges:1e4e12e2db658167,icse2021_iot_bugs_and_development_challenges,iot_projects,https://github.com/yodaos-project/yoda.js/issues/44,YODA.JS/44,,,,,,,,,,,,,,,"{""ID"": ""YODA.JS/44"", ""stage"": ""stage2""}",data/raw/icse2021_iot_bugs_and_development_challenges/323-analyzed-bugs.csv,,234.0
icse2021_iot_bugs_and_development_challenges:57a9d424ff0558f8,icse2021_iot_bugs_and_development_challenges,iot_projects,https://github.com/yodaos-project/yoda.js/issues/780,YODA.JS/780,,,,,,,,,,,,,,,"{""ID"": ""YODA.JS/780"", ""stage"": ""stage2""}",data/raw/icse2021_iot_bugs_and_development_challenges/323-analyzed-bugs.csv,,100.0
icse2021_iot_bugs_and_development_challenges:57a9d424ff0558f8,icse2021_iot_bugs_and_development_challenges,iot_projects,https://github.com/yodaos-project/yoda.js/issues/780,YODA.JS/780,,,,,,,,,,,,,,,"{""ID"": ""YODA.JS/780"", ""stage"": ""stage2""}",data/raw/icse2021_iot_bugs_and_development_challenges/323-analyzed-bugs.csv,,144.0
